--
-- PostgreSQL database dump
--

\restrict Ko9s7LbrZ8u8VOBYKR2jcQbYJ7KgfIN0Wjl107WrSuZYFRJY1qAEMMPCXPWGQtB

-- Dumped from database version 15.17
-- Dumped by pg_dump version 15.17

SET statement_timeout = 0;
SET lock_timeout = 0;
SET idle_in_transaction_session_timeout = 0;
SET client_encoding = 'UTF8';
SET standard_conforming_strings = on;
SELECT pg_catalog.set_config('search_path', '', false);
SET check_function_bodies = false;
SET xmloption = content;
SET client_min_messages = warning;
SET row_security = off;

--
-- Name: public; Type: SCHEMA; Schema: -; Owner: malob
--

-- *not* creating schema, since initdb creates it


ALTER SCHEMA public OWNER TO malob;

--
-- Name: SCHEMA public; Type: COMMENT; Schema: -; Owner: malob
--

COMMENT ON SCHEMA public IS '';


--
-- Name: recruitment_type_enum; Type: TYPE; Schema: public; Owner: malob
--

CREATE TYPE public.recruitment_type_enum AS ENUM (
    'Normal',
    'Specialise'
);


ALTER TYPE public.recruitment_type_enum OWNER TO malob;

--
-- Name: recruitmenttype; Type: TYPE; Schema: public; Owner: malob
--

CREATE TYPE public.recruitmenttype AS ENUM (
    'Normal',
    'Specialise'
);


ALTER TYPE public.recruitmenttype OWNER TO malob;

--
-- Name: taskpriority; Type: TYPE; Schema: public; Owner: malob
--

CREATE TYPE public.taskpriority AS ENUM (
    'LOW',
    'MEDIUM',
    'HIGH',
    'CRITICAL'
);


ALTER TYPE public.taskpriority OWNER TO malob;

--
-- Name: taskstatus; Type: TYPE; Schema: public; Owner: malob
--

CREATE TYPE public.taskstatus AS ENUM (
    'OPEN',
    'REVIEW',
    'CLOSED'
);


ALTER TYPE public.taskstatus OWNER TO malob;

--
-- Name: tasktype; Type: TYPE; Schema: public; Owner: malob
--

CREATE TYPE public.tasktype AS ENUM (
    'STANDARD',
    'NEEDS_REVIEW'
);


ALTER TYPE public.tasktype OWNER TO malob;

--
-- Name: userrole; Type: TYPE; Schema: public; Owner: malob
--

CREATE TYPE public.userrole AS ENUM (
    'admin',
    'user'
);


ALTER TYPE public.userrole OWNER TO malob;

SET default_tablespace = '';

SET default_table_access_method = heap;

--
-- Name: activities; Type: TABLE; Schema: public; Owner: malob
--

CREATE TABLE public.activities (
    id bigint NOT NULL,
    title character varying NOT NULL,
    action_type character varying NOT NULL,
    user_id uuid NOT NULL,
    created_at timestamp with time zone DEFAULT now() NOT NULL
);


ALTER TABLE public.activities OWNER TO malob;

--
-- Name: activities_id_seq; Type: SEQUENCE; Schema: public; Owner: malob
--

CREATE SEQUENCE public.activities_id_seq
    START WITH 1
    INCREMENT BY 1
    NO MINVALUE
    NO MAXVALUE
    CACHE 1;


ALTER TABLE public.activities_id_seq OWNER TO malob;

--
-- Name: activities_id_seq; Type: SEQUENCE OWNED BY; Schema: public; Owner: malob
--

ALTER SEQUENCE public.activities_id_seq OWNED BY public.activities.id;


--
-- Name: assignments; Type: TABLE; Schema: public; Owner: malob
--

CREATE TABLE public.assignments (
    volunteer_id uuid NOT NULL,
    job_id integer NOT NULL
);


ALTER TABLE public.assignments OWNER TO malob;

--
-- Name: categories; Type: TABLE; Schema: public; Owner: malob
--

CREATE TABLE public.categories (
    id integer NOT NULL,
    label character varying NOT NULL,
    pole_id integer,
    preference_id integer
);


ALTER TABLE public.categories OWNER TO malob;

--
-- Name: categories_id_seq; Type: SEQUENCE; Schema: public; Owner: malob
--

CREATE SEQUENCE public.categories_id_seq
    AS integer
    START WITH 1
    INCREMENT BY 1
    NO MINVALUE
    NO MAXVALUE
    CACHE 1;


ALTER TABLE public.categories_id_seq OWNER TO malob;

--
-- Name: categories_id_seq; Type: SEQUENCE OWNED BY; Schema: public; Owner: malob
--

ALTER SEQUENCE public.categories_id_seq OWNED BY public.categories.id;


--
-- Name: categories_id_seq1; Type: SEQUENCE; Schema: public; Owner: malob
--

CREATE SEQUENCE public.categories_id_seq1
    AS integer
    START WITH 1
    INCREMENT BY 1
    NO MINVALUE
    NO MAXVALUE
    CACHE 1;


ALTER TABLE public.categories_id_seq1 OWNER TO malob;

--
-- Name: categories_id_seq1; Type: SEQUENCE OWNED BY; Schema: public; Owner: malob
--

ALTER SEQUENCE public.categories_id_seq1 OWNED BY public.categories.id;


--
-- Name: festival; Type: TABLE; Schema: public; Owner: malob
--

CREATE TABLE public.festival (
    id uuid DEFAULT gen_random_uuid() NOT NULL,
    name character varying NOT NULL,
    edition integer NOT NULL,
    start_date date NOT NULL,
    end_date date NOT NULL,
    location_name character varying NOT NULL,
    location_city character varying NOT NULL
);


ALTER TABLE public.festival OWNER TO malob;

--
-- Name: jobs; Type: TABLE; Schema: public; Owner: malob
--

CREATE TABLE public.jobs (
    id integer NOT NULL,
    name character varying NOT NULL,
    category_id integer NOT NULL,
    slot_id integer NOT NULL,
    required_volunteers integer NOT NULL,
    recruitment_type public.recruitmenttype NOT NULL,
    responsible character varying,
    sort_order integer NOT NULL
);


ALTER TABLE public.jobs OWNER TO malob;

--
-- Name: jobs_id_seq; Type: SEQUENCE; Schema: public; Owner: malob
--

CREATE SEQUENCE public.jobs_id_seq
    AS integer
    START WITH 1
    INCREMENT BY 1
    NO MINVALUE
    NO MAXVALUE
    CACHE 1;


ALTER TABLE public.jobs_id_seq OWNER TO malob;

--
-- Name: jobs_id_seq; Type: SEQUENCE OWNED BY; Schema: public; Owner: malob
--

ALTER SEQUENCE public.jobs_id_seq OWNED BY public.jobs.id;


--
-- Name: mail_templates; Type: TABLE; Schema: public; Owner: malob
--

CREATE TABLE public.mail_templates (
    id uuid NOT NULL,
    title character varying(255) NOT NULL,
    subject character varying(255) NOT NULL,
    content text NOT NULL,
    is_active boolean NOT NULL,
    created_at timestamp with time zone,
    updated_at timestamp with time zone
);


ALTER TABLE public.mail_templates OWNER TO malob;

--
-- Name: preferences; Type: TABLE; Schema: public; Owner: malob
--

CREATE TABLE public.preferences (
    id integer NOT NULL,
    label character varying NOT NULL
);


ALTER TABLE public.preferences OWNER TO malob;

--
-- Name: preferences_id_seq; Type: SEQUENCE; Schema: public; Owner: malob
--

CREATE SEQUENCE public.preferences_id_seq
    AS integer
    START WITH 1
    INCREMENT BY 1
    NO MINVALUE
    NO MAXVALUE
    CACHE 1;


ALTER TABLE public.preferences_id_seq OWNER TO malob;

--
-- Name: preferences_id_seq; Type: SEQUENCE OWNED BY; Schema: public; Owner: malob
--

ALTER SEQUENCE public.preferences_id_seq OWNED BY public.preferences.id;


--
-- Name: slots; Type: TABLE; Schema: public; Owner: malob
--

CREATE TABLE public.slots (
    id integer NOT NULL,
    day_index integer NOT NULL,
    start_time integer NOT NULL,
    end_time integer NOT NULL
);


ALTER TABLE public.slots OWNER TO malob;

--
-- Name: slots_id_seq; Type: SEQUENCE; Schema: public; Owner: malob
--

CREATE SEQUENCE public.slots_id_seq
    AS integer
    START WITH 1
    INCREMENT BY 1
    NO MINVALUE
    NO MAXVALUE
    CACHE 1;


ALTER TABLE public.slots_id_seq OWNER TO malob;

--
-- Name: slots_id_seq; Type: SEQUENCE OWNED BY; Schema: public; Owner: malob
--

ALTER SEQUENCE public.slots_id_seq OWNED BY public.slots.id;


--
-- Name: subtasks; Type: TABLE; Schema: public; Owner: malob
--

CREATE TABLE public.subtasks (
    id bigint NOT NULL,
    task_id uuid NOT NULL,
    title character varying NOT NULL,
    is_completed boolean NOT NULL,
    "position" integer NOT NULL
);


ALTER TABLE public.subtasks OWNER TO malob;

--
-- Name: subtasks_id_seq; Type: SEQUENCE; Schema: public; Owner: malob
--

CREATE SEQUENCE public.subtasks_id_seq
    START WITH 1
    INCREMENT BY 1
    NO MINVALUE
    NO MAXVALUE
    CACHE 1;


ALTER TABLE public.subtasks_id_seq OWNER TO malob;

--
-- Name: subtasks_id_seq; Type: SEQUENCE OWNED BY; Schema: public; Owner: malob
--

ALTER SEQUENCE public.subtasks_id_seq OWNED BY public.subtasks.id;


--
-- Name: tags; Type: TABLE; Schema: public; Owner: malob
--

CREATE TABLE public.tags (
    id integer NOT NULL,
    name character varying NOT NULL,
    color_hex character varying
);


ALTER TABLE public.tags OWNER TO malob;

--
-- Name: tags_id_seq; Type: SEQUENCE; Schema: public; Owner: malob
--

CREATE SEQUENCE public.tags_id_seq
    AS integer
    START WITH 1
    INCREMENT BY 1
    NO MINVALUE
    NO MAXVALUE
    CACHE 1;


ALTER TABLE public.tags_id_seq OWNER TO malob;

--
-- Name: tags_id_seq; Type: SEQUENCE OWNED BY; Schema: public; Owner: malob
--

ALTER SEQUENCE public.tags_id_seq OWNED BY public.tags.id;


--
-- Name: task_attachments; Type: TABLE; Schema: public; Owner: malob
--

CREATE TABLE public.task_attachments (
    id bigint NOT NULL,
    task_id uuid NOT NULL,
    uploader_id uuid NOT NULL,
    file_name character varying NOT NULL,
    file_url character varying NOT NULL,
    uploaded_at timestamp with time zone
);


ALTER TABLE public.task_attachments OWNER TO malob;

--
-- Name: task_attachments_id_seq; Type: SEQUENCE; Schema: public; Owner: malob
--

CREATE SEQUENCE public.task_attachments_id_seq
    START WITH 1
    INCREMENT BY 1
    NO MINVALUE
    NO MAXVALUE
    CACHE 1;


ALTER TABLE public.task_attachments_id_seq OWNER TO malob;

--
-- Name: task_attachments_id_seq; Type: SEQUENCE OWNED BY; Schema: public; Owner: malob
--

ALTER SEQUENCE public.task_attachments_id_seq OWNED BY public.task_attachments.id;


--
-- Name: task_comments; Type: TABLE; Schema: public; Owner: malob
--

CREATE TABLE public.task_comments (
    id bigint NOT NULL,
    task_id uuid NOT NULL,
    author_id uuid NOT NULL,
    content text NOT NULL,
    created_at timestamp with time zone,
    updated_at timestamp with time zone
);


ALTER TABLE public.task_comments OWNER TO malob;

--
-- Name: task_comments_id_seq; Type: SEQUENCE; Schema: public; Owner: malob
--

CREATE SEQUENCE public.task_comments_id_seq
    START WITH 1
    INCREMENT BY 1
    NO MINVALUE
    NO MAXVALUE
    CACHE 1;


ALTER TABLE public.task_comments_id_seq OWNER TO malob;

--
-- Name: task_comments_id_seq; Type: SEQUENCE OWNED BY; Schema: public; Owner: malob
--

ALTER SEQUENCE public.task_comments_id_seq OWNED BY public.task_comments.id;


--
-- Name: task_tags; Type: TABLE; Schema: public; Owner: malob
--

CREATE TABLE public.task_tags (
    task_id uuid NOT NULL,
    tag_id integer NOT NULL
);


ALTER TABLE public.task_tags OWNER TO malob;

--
-- Name: tasks; Type: TABLE; Schema: public; Owner: malob
--

CREATE TABLE public.tasks (
    id uuid NOT NULL,
    title character varying NOT NULL,
    description text,
    type public.tasktype,
    status public.taskstatus,
    priority public.taskpriority,
    creator_id uuid NOT NULL,
    assignee_id uuid,
    due_date timestamp with time zone,
    opened_at timestamp with time zone,
    verification_opened_at timestamp with time zone,
    closed_at timestamp with time zone,
    google_calendar_event_id character varying
);


ALTER TABLE public.tasks OWNER TO malob;

--
-- Name: users; Type: TABLE; Schema: public; Owner: malob
--

CREATE TABLE public.users (
    id uuid DEFAULT gen_random_uuid() NOT NULL,
    username character varying NOT NULL,
    email character varying,
    password_hash character varying,
    google_sub character varying,
    role public.userrole NOT NULL,
    profile_picture_url character varying,
    calendar_id character varying
);


ALTER TABLE public.users OWNER TO malob;

--
-- Name: volunteer_preferences; Type: TABLE; Schema: public; Owner: malob
--

CREATE TABLE public.volunteer_preferences (
    volunteer_id uuid NOT NULL,
    preference_id integer NOT NULL,
    rank integer NOT NULL
);


ALTER TABLE public.volunteer_preferences OWNER TO malob;

--
-- Name: volunteer_slots; Type: TABLE; Schema: public; Owner: malob
--

CREATE TABLE public.volunteer_slots (
    volunteer_id uuid NOT NULL,
    slot_id integer NOT NULL
);


ALTER TABLE public.volunteer_slots OWNER TO malob;

--
-- Name: volunteers; Type: TABLE; Schema: public; Owner: malob
--

CREATE TABLE public.volunteers (
    id uuid DEFAULT gen_random_uuid() NOT NULL,
    first_name character varying NOT NULL,
    last_name character varying NOT NULL,
    email character varying,
    address character varying NOT NULL,
    phone_number character varying NOT NULL,
    volunteer_type public.recruitmenttype NOT NULL
);


ALTER TABLE public.volunteers OWNER TO malob;

--
-- Name: volunteers_mates; Type: TABLE; Schema: public; Owner: malob
--

CREATE TABLE public.volunteers_mates (
    volunteer_id uuid NOT NULL,
    mate_id uuid NOT NULL
);


ALTER TABLE public.volunteers_mates OWNER TO malob;

--
-- Name: activities id; Type: DEFAULT; Schema: public; Owner: malob
--

ALTER TABLE ONLY public.activities ALTER COLUMN id SET DEFAULT nextval('public.activities_id_seq'::regclass);


--
-- Name: categories id; Type: DEFAULT; Schema: public; Owner: malob
--

ALTER TABLE ONLY public.categories ALTER COLUMN id SET DEFAULT nextval('public.categories_id_seq1'::regclass);


--
-- Name: jobs id; Type: DEFAULT; Schema: public; Owner: malob
--

ALTER TABLE ONLY public.jobs ALTER COLUMN id SET DEFAULT nextval('public.jobs_id_seq'::regclass);


--
-- Name: preferences id; Type: DEFAULT; Schema: public; Owner: malob
--

ALTER TABLE ONLY public.preferences ALTER COLUMN id SET DEFAULT nextval('public.preferences_id_seq'::regclass);


--
-- Name: slots id; Type: DEFAULT; Schema: public; Owner: malob
--

ALTER TABLE ONLY public.slots ALTER COLUMN id SET DEFAULT nextval('public.slots_id_seq'::regclass);


--
-- Name: subtasks id; Type: DEFAULT; Schema: public; Owner: malob
--

ALTER TABLE ONLY public.subtasks ALTER COLUMN id SET DEFAULT nextval('public.subtasks_id_seq'::regclass);


--
-- Name: tags id; Type: DEFAULT; Schema: public; Owner: malob
--

ALTER TABLE ONLY public.tags ALTER COLUMN id SET DEFAULT nextval('public.tags_id_seq'::regclass);


--
-- Name: task_attachments id; Type: DEFAULT; Schema: public; Owner: malob
--

ALTER TABLE ONLY public.task_attachments ALTER COLUMN id SET DEFAULT nextval('public.task_attachments_id_seq'::regclass);


--
-- Name: task_comments id; Type: DEFAULT; Schema: public; Owner: malob
--

ALTER TABLE ONLY public.task_comments ALTER COLUMN id SET DEFAULT nextval('public.task_comments_id_seq'::regclass);


--
-- Data for Name: activities; Type: TABLE DATA; Schema: public; Owner: malob
--

COPY public.activities (id, title, action_type, user_id, created_at) FROM stdin;
254	✨ Nouvelle tâche __TASK__tache de test __ENDTASK__ créée	task_created	0d9b1387-fc4d-4f21-aa5f-ce264f710055	2026-04-20 16:07:56.950961+00
255	✨ Nouvelle tâche __TASK__,nbvcx__ENDTASK__ créée	task_created	0d9b1387-fc4d-4f21-aa5f-ce264f710055	2026-04-20 16:08:30.805092+00
256	🙋 Importation de #140 **bénévoles**	volunteer_table_imported	0d9b1387-fc4d-4f21-aa5f-ce264f710055	2026-04-20 16:08:56.389157+00
257	🗂️ Importation de #370 **postes**	job_table_imported	0d9b1387-fc4d-4f21-aa5f-ce264f710055	2026-04-20 16:14:31.261619+00
258	🧬 Algorithme executé — ~~140/140|bénévoles affectés~~ | ~~670/718|affectations~~ | ~~87.6%|satisfaction~~	genetic_algorithm_run	0d9b1387-fc4d-4f21-aa5f-ce264f710055	2026-04-20 16:23:08.839437+00
259	✨ Nouvelle tâche __TASK__correctifs V1__ENDTASK__ créée	task_created	0d9b1387-fc4d-4f21-aa5f-ce264f710055	2026-04-20 16:26:09.957895+00
260	🔄 __TASK__tache de test __ENDTASK__ · 🔵 Ouvert → 🟢 Fermé	task_status_changed	0d9b1387-fc4d-4f21-aa5f-ce264f710055	2026-04-20 17:00:36.764509+00
261	🔄 __TASK__,nbvcx__ENDTASK__ · 🔵 Ouvert → 🟢 Fermé	task_status_changed	0d9b1387-fc4d-4f21-aa5f-ce264f710055	2026-04-20 17:00:40.744772+00
262	🧬 Algorithme executé — ~~140/140|bénévoles affectés~~ | ~~671/718|affectations~~ | ~~87.6%|satisfaction~~	genetic_algorithm_run	0d9b1387-fc4d-4f21-aa5f-ce264f710055	2026-04-20 17:28:46.436528+00
263	📅 #3 modifications apportées au **planning**	schedule_modified	0d9b1387-fc4d-4f21-aa5f-ce264f710055	2026-04-20 17:58:28.103274+00
264	🧬 Algorithme executé — ~~140/140|bénévoles affectés~~ | ~~675/718|affectations~~ | ~~91.2%|satisfaction~~	genetic_algorithm_run	0d9b1387-fc4d-4f21-aa5f-ce264f710055	2026-04-20 19:42:03.694948+00
265	📅 #1 modification apportée au **planning**	schedule_modified	0d9b1387-fc4d-4f21-aa5f-ce264f710055	2026-04-20 19:44:36.50143+00
266	📅 #4 modifications apportées au **planning**	schedule_modified	0d9b1387-fc4d-4f21-aa5f-ce264f710055	2026-04-20 19:45:35.914382+00
267	📅 #1 modification apportée au **planning**	schedule_modified	0d9b1387-fc4d-4f21-aa5f-ce264f710055	2026-04-20 19:58:49.686715+00
\.


--
-- Data for Name: assignments; Type: TABLE DATA; Schema: public; Owner: malob
--

COPY public.assignments (volunteer_id, job_id) FROM stdin;
6f9c7c80-c9a3-4082-9b17-82e2233a475f	15070
71490619-8a64-44ed-bba8-561deea7ac2b	14860
caca5b41-6c1c-4f19-879a-16d4c7a56419	14860
01342d4f-1eac-49ea-8754-37a851acfa2a	14870
5911248d-3e1b-4b29-98fd-e32abaf76f8b	14870
8a998274-024b-40a9-b085-b100c2bbb382	14880
d0779109-fb14-4088-b083-fd8beece50ba	14880
70279a60-2d9a-42c1-a9a9-a2d86217a498	14886
ac339438-9af6-490c-8d7b-d5269b8e9a80	14886
3825a543-5565-4e2e-ba48-c6d7458bcc9b	14893
4d248b66-5c76-420a-962b-8cc006523841	14893
71490619-8a64-44ed-bba8-561deea7ac2b	14861
caca5b41-6c1c-4f19-879a-16d4c7a56419	14861
01342d4f-1eac-49ea-8754-37a851acfa2a	14871
5911248d-3e1b-4b29-98fd-e32abaf76f8b	14871
6cb3bcf3-fe17-406c-9dde-cfb169dc45ae	14881
43730a32-df50-4c55-a343-b1b60c8d49cf	14881
377453f6-85a4-4591-8918-d8c3d9ae9ec6	15086
91ad9822-5df3-4a8c-b91b-04eacad80f2e	15086
abeb2fde-9130-485d-a72f-8a64d30cbb66	15086
3e1ec40b-66ee-4810-bc1a-0f2df0a65a2d	15086
482eaa00-c3a3-4495-8986-201a91b06d97	14887
3825a543-5565-4e2e-ba48-c6d7458bcc9b	14887
ac339438-9af6-490c-8d7b-d5269b8e9a80	14894
70279a60-2d9a-42c1-a9a9-a2d86217a498	14894
71490619-8a64-44ed-bba8-561deea7ac2b	14830
265ca397-57cd-4b6a-bdc2-c9d1fdb9cf64	14830
d4575e05-4ecc-4622-acab-eae2d08229e0	14838
d254140e-a0d6-4f06-878c-297d33686dba	14838
caca5b41-6c1c-4f19-879a-16d4c7a56419	14846
7b8e6116-d50a-426c-91eb-fa4b8604e367	14846
94ffee7a-e0c2-45df-b994-3c5bdd4735fa	14862
01342d4f-1eac-49ea-8754-37a851acfa2a	14862
17c83471-d523-425a-a475-8170ea0e79f0	14872
5547be7c-7bb6-4d17-8486-a5083725899a	14872
5911248d-3e1b-4b29-98fd-e32abaf76f8b	14882
4d248b66-5c76-420a-962b-8cc006523841	14882
326fb5de-9f01-4a15-8b7a-cbac9b5af646	14984
6f9c7c80-c9a3-4082-9b17-82e2233a475f	14996
36f8ae71-2cd5-436a-8afe-38db598ebcea	15008
e8cf0e39-ccff-43cd-b043-2c6589597a5b	15008
15dbd79c-ba12-4cf3-83e3-8d5920412e1c	15018
ce21d422-f598-40ae-9415-eebc883d04c5	15030
8363e94a-cca8-423b-8e3d-eee6c29267d2	15030
c4b6dbdc-ac72-4810-9983-19fbc2e47940	15030
8a998274-024b-40a9-b085-b100c2bbb382	15030
3e1ec40b-66ee-4810-bc1a-0f2df0a65a2d	15030
b5a864a9-d7c0-4ff8-b2a8-867f57de3c88	15042
6d9083cc-c2b5-4687-ba8e-4609c199f192	15042
43730a32-df50-4c55-a343-b1b60c8d49cf	15087
8ab88ab3-6d04-4dc0-8d66-638f395a42c9	15087
a4261639-35c4-4db4-92e4-2647cda746fb	15087
6f81c8be-aedb-4c63-89e9-786154e903e2	15087
61da6c23-2dfd-4f2e-b97d-4b4af7cae0de	15108
0b0b6504-424a-421c-adc0-c5f636f8a3cd	15108
f5d015e6-eb62-45be-8b94-eaa4e5eae5cc	14831
7b8e6116-d50a-426c-91eb-fa4b8604e367	14831
265ca397-57cd-4b6a-bdc2-c9d1fdb9cf64	14839
81ae2994-a2b7-4e85-8a6d-2c1afc2c2b88	14839
329569ec-9da1-4fd9-bdf1-813c4bef8c92	14847
70279a60-2d9a-42c1-a9a9-a2d86217a498	14854
ac339438-9af6-490c-8d7b-d5269b8e9a80	14854
3825a543-5565-4e2e-ba48-c6d7458bcc9b	14888
c9fd7964-f528-4ad9-b23b-b070342d758d	14888
bb8afc2d-0496-46ba-a1e7-dba4e5a9ea8c	14895
d8db24e6-2622-4714-be56-44eed17c786c	14895
80f471c4-4565-4bc5-9642-9e750da09e45	14901
66818bf8-46a4-43a1-b81e-6b1c28f0d967	14901
3fc97e65-a5fd-4861-bfd9-6ae84e6f3eca	14901
c78d7f1c-ffe9-4865-9acc-fe50c08b3331	14901
48ab26e5-624d-4023-a9d0-8216a92decb7	14932
bacab641-1d61-4af5-b745-88551e77db4f	14932
e8174c00-a2ed-47ff-ae4e-62b962ee9537	14961
33b5b92c-92dc-4359-94b2-ec5fc07c70ff	14973
88a553e3-f99b-4dd0-bc37-c558a7cde567	14973
1808a0f6-c64d-481e-8428-be945015699d	15071
4a6bc7d4-89ef-4e72-87c2-5a3146263275	15071
4051331f-0326-4f70-824d-90a9564ad6f4	15115
ababac3e-c916-42dc-abe5-cc77d32e7e8b	15128
b8ebf653-6966-433c-9075-aee1a43622eb	15128
a0fc41ae-98d8-496d-9bc0-d4ac1f86881a	14873
94ffee7a-e0c2-45df-b994-3c5bdd4735fa	14873
835bdbed-3e51-4b9e-8032-63f09d5ab6fd	14883
4d248b66-5c76-420a-962b-8cc006523841	14883
f3c15667-5a3c-4c0b-973b-7cb3cc2cc488	14985
326fb5de-9f01-4a15-8b7a-cbac9b5af646	14985
5547be7c-7bb6-4d17-8486-a5083725899a	14997
15dbd79c-ba12-4cf3-83e3-8d5920412e1c	14997
e8cf0e39-ccff-43cd-b043-2c6589597a5b	14997
36f8ae71-2cd5-436a-8afe-38db598ebcea	14997
ce21d422-f598-40ae-9415-eebc883d04c5	14997
8363e94a-cca8-423b-8e3d-eee6c29267d2	14997
c4b6dbdc-ac72-4810-9983-19fbc2e47940	15009
5445e157-ed64-42c6-a895-565dc15e2e18	15009
8a998274-024b-40a9-b085-b100c2bbb382	15009
b5a864a9-d7c0-4ff8-b2a8-867f57de3c88	15009
6d9083cc-c2b5-4687-ba8e-4609c199f192	15009
f161c6ac-4920-48c5-8402-41f2ccbc6cc6	15019
8ab88ab3-6d04-4dc0-8d66-638f395a42c9	15019
36adf1af-132c-4f0f-865f-0f344b3ecdc8	15031
335901ca-4d38-4843-b47a-882561375587	15031
d8d1916e-a10e-4920-9ad7-f42eac2ae5cd	15031
29032f25-a0ca-4920-8b46-b5e022507b75	15031
377453f6-85a4-4591-8918-d8c3d9ae9ec6	15043
ef367da7-9093-408a-9081-efb13483b8e7	15043
0082cc92-b417-49d8-8e43-2fdef69ae3f5	15109
61da6c23-2dfd-4f2e-b97d-4b4af7cae0de	15109
43730a32-df50-4c55-a343-b1b60c8d49cf	15129
a4261639-35c4-4db4-92e4-2647cda746fb	15129
71490619-8a64-44ed-bba8-561deea7ac2b	14869
265ca397-57cd-4b6a-bdc2-c9d1fdb9cf64	14869
0e4af916-f76c-4644-8392-2de9d1b38c3a	14869
80f471c4-4565-4bc5-9642-9e750da09e45	14913
d254140e-a0d6-4f06-878c-297d33686dba	14913
4051331f-0326-4f70-824d-90a9564ad6f4	14922
5547be7c-7bb6-4d17-8486-a5083725899a	14922
70279a60-2d9a-42c1-a9a9-a2d86217a498	14922
5ce76e0c-1d5f-464e-b847-3bd48381d71f	14946
c9fd7964-f528-4ad9-b23b-b070342d758d	14946
dac307d1-d4db-486c-a963-1c6398c2d4b7	15196
ec756f44-3425-49e2-8e96-027fbf2507d8	15196
544f179f-edcd-45ba-a834-d07082af0592	15196
72d7ed17-619d-4302-acbb-29cc4c892b58	15196
29c12eed-28c1-47a5-90b5-640ce17b8050	15197
1f08da0d-a646-4968-8945-f467ba208c24	15197
d308bafc-77d2-49ad-81fb-35a075020c7e	15198
3bd63f93-ab36-47c9-bead-7daf5e11efa6	15198
bf1057cd-64dd-42b9-95fb-d8748a9f062b	15198
1984e74b-c2d4-4484-bc51-6f356196c6a5	15199
61da6c23-2dfd-4f2e-b97d-4b4af7cae0de	15199
d0779109-fb14-4088-b083-fd8beece50ba	15063
d4575e05-4ecc-4622-acab-eae2d08229e0	15063
a6c0b839-a2a4-4d6f-a0a0-2d786f78bb34	15063
f3c15667-5a3c-4c0b-973b-7cb3cc2cc488	15063
c051f965-abeb-49be-a300-e348bf44be6c	15102
caca5b41-6c1c-4f19-879a-16d4c7a56419	15102
bb8afc2d-0496-46ba-a1e7-dba4e5a9ea8c	14931
17c83471-d523-425a-a475-8170ea0e79f0	14931
9d32d9d1-455e-4b38-ba62-7e3243b78f17	15062
e8cf0e39-ccff-43cd-b043-2c6589597a5b	15062
3fc97e65-a5fd-4861-bfd9-6ae84e6f3eca	15062
36f8ae71-2cd5-436a-8afe-38db598ebcea	15062
71490619-8a64-44ed-bba8-561deea7ac2b	15101
265ca397-57cd-4b6a-bdc2-c9d1fdb9cf64	15101
5547be7c-7bb6-4d17-8486-a5083725899a	14921
70279a60-2d9a-42c1-a9a9-a2d86217a498	14921
5ce76e0c-1d5f-464e-b847-3bd48381d71f	14921
c9fd7964-f528-4ad9-b23b-b070342d758d	14921
71490619-8a64-44ed-bba8-561deea7ac2b	15100
265ca397-57cd-4b6a-bdc2-c9d1fdb9cf64	15100
265ca397-57cd-4b6a-bdc2-c9d1fdb9cf64	14832
7b8e6116-d50a-426c-91eb-fa4b8604e367	14832
f5d015e6-eb62-45be-8b94-eaa4e5eae5cc	14840
81ae2994-a2b7-4e85-8a6d-2c1afc2c2b88	14840
329569ec-9da1-4fd9-bdf1-813c4bef8c92	14848
10907519-66f3-463b-8576-7836c4ed279b	14848
d8db24e6-2622-4714-be56-44eed17c786c	14855
1984e74b-c2d4-4484-bc51-6f356196c6a5	14855
c78d7f1c-ffe9-4865-9acc-fe50c08b3331	14889
c9fd7964-f528-4ad9-b23b-b070342d758d	14889
80e993c9-710c-4439-b89c-e815f09fd0b8	14896
920fda48-7747-4d68-93a6-73d2de9689ec	14896
bb8afc2d-0496-46ba-a1e7-dba4e5a9ea8c	14902
1dc355fb-061b-4481-8041-9a32052b5b63	14902
48ab26e5-624d-4023-a9d0-8216a92decb7	14902
33b5b92c-92dc-4359-94b2-ec5fc07c70ff	14962
a6c0b839-a2a4-4d6f-a0a0-2d786f78bb34	14962
3fc97e65-a5fd-4861-bfd9-6ae84e6f3eca	14974
88a553e3-f99b-4dd0-bc37-c558a7cde567	14974
1808a0f6-c64d-481e-8428-be945015699d	15072
4a6bc7d4-89ef-4e72-87c2-5a3146263275	15072
ab651062-15e8-43b8-828d-43c302f8143a	15072
a4261639-35c4-4db4-92e4-2647cda746fb	15091
10907519-66f3-463b-8576-7836c4ed279b	15091
bacab641-1d61-4af5-b745-88551e77db4f	15116
2621af74-f790-4a1a-b911-92a9ebb32ebd	15116
b3098770-53ee-4ac3-8986-26e919a34bfc	14920
4051331f-0326-4f70-824d-90a9564ad6f4	14920
1cb75cb8-cf20-408e-8562-34cbfc71f339	14920
a6c0b839-a2a4-4d6f-a0a0-2d786f78bb34	14920
5547be7c-7bb6-4d17-8486-a5083725899a	14912
70279a60-2d9a-42c1-a9a9-a2d86217a498	14912
17c83471-d523-425a-a475-8170ea0e79f0	14912
c9fd7964-f528-4ad9-b23b-b070342d758d	14912
66818bf8-46a4-43a1-b81e-6b1c28f0d967	14919
5547be7c-7bb6-4d17-8486-a5083725899a	14919
43730a32-df50-4c55-a343-b1b60c8d49cf	14919
71490619-8a64-44ed-bba8-561deea7ac2b	15099
80e993c9-710c-4439-b89c-e815f09fd0b8	15099
a0fc41ae-98d8-496d-9bc0-d4ac1f86881a	14863
94ffee7a-e0c2-45df-b994-3c5bdd4735fa	14863
aea3d2d1-7b59-4341-b257-3081616c0ef5	14874
af4f0299-45b2-409e-b990-eab1eed6f133	14874
5547be7c-7bb6-4d17-8486-a5083725899a	14903
5ce76e0c-1d5f-464e-b847-3bd48381d71f	14903
ababac3e-c916-42dc-abe5-cc77d32e7e8b	14903
bb8afc2d-0496-46ba-a1e7-dba4e5a9ea8c	14903
5ce76e0c-1d5f-464e-b847-3bd48381d71f	14904
326fb5de-9f01-4a15-8b7a-cbac9b5af646	14904
a4261639-35c4-4db4-92e4-2647cda746fb	14904
48ab26e5-624d-4023-a9d0-8216a92decb7	14904
9d32d9d1-455e-4b38-ba62-7e3243b78f17	14905
5ce76e0c-1d5f-464e-b847-3bd48381d71f	14905
61da6c23-2dfd-4f2e-b97d-4b4af7cae0de	14905
329569ec-9da1-4fd9-bdf1-813c4bef8c92	14905
2621af74-f790-4a1a-b911-92a9ebb32ebd	14930
bacab641-1d61-4af5-b745-88551e77db4f	14930
a223b7de-10b8-4041-a720-673719707d0f	14933
2621af74-f790-4a1a-b911-92a9ebb32ebd	14933
a223b7de-10b8-4041-a720-673719707d0f	14940
c9fd7964-f528-4ad9-b23b-b070342d758d	14940
70279a60-2d9a-42c1-a9a9-a2d86217a498	14941
5ce76e0c-1d5f-464e-b847-3bd48381d71f	14941
f161c6ac-4920-48c5-8402-41f2ccbc6cc6	14963
e8cf0e39-ccff-43cd-b043-2c6589597a5b	14963
1984e74b-c2d4-4484-bc51-6f356196c6a5	14963
3fc97e65-a5fd-4861-bfd9-6ae84e6f3eca	14963
36f8ae71-2cd5-436a-8afe-38db598ebcea	14963
ab651062-15e8-43b8-828d-43c302f8143a	14963
8363e94a-cca8-423b-8e3d-eee6c29267d2	14963
835bdbed-3e51-4b9e-8032-63f09d5ab6fd	14963
9d32d9d1-455e-4b38-ba62-7e3243b78f17	14964
1984e74b-c2d4-4484-bc51-6f356196c6a5	14964
835bdbed-3e51-4b9e-8032-63f09d5ab6fd	14964
c4b6dbdc-ac72-4810-9983-19fbc2e47940	14964
5445e157-ed64-42c6-a895-565dc15e2e18	14964
c78d7f1c-ffe9-4865-9acc-fe50c08b3331	14964
d8db24e6-2622-4714-be56-44eed17c786c	14964
d4575e05-4ecc-4622-acab-eae2d08229e0	14965
d254140e-a0d6-4f06-878c-297d33686dba	14965
6f9c7c80-c9a3-4082-9b17-82e2233a475f	14965
5445e157-ed64-42c6-a895-565dc15e2e18	14965
6d9083cc-c2b5-4687-ba8e-4609c199f192	14965
33b5b92c-92dc-4359-94b2-ec5fc07c70ff	14965
f161c6ac-4920-48c5-8402-41f2ccbc6cc6	14965
88a553e3-f99b-4dd0-bc37-c558a7cde567	14965
1808a0f6-c64d-481e-8428-be945015699d	14965
4a6bc7d4-89ef-4e72-87c2-5a3146263275	14965
36adf1af-132c-4f0f-865f-0f344b3ecdc8	14965
9d32d9d1-455e-4b38-ba62-7e3243b78f17	14975
36adf1af-132c-4f0f-865f-0f344b3ecdc8	14975
ce21d422-f598-40ae-9415-eebc883d04c5	14976
335901ca-4d38-4843-b47a-882561375587	14976
9d32d9d1-455e-4b38-ba62-7e3243b78f17	14977
ce21d422-f598-40ae-9415-eebc883d04c5	14977
629043b5-2d8b-4d2c-9e51-39baa41cc3de	14986
3e1ec40b-66ee-4810-bc1a-0f2df0a65a2d	14986
dac307d1-d4db-486c-a963-1c6398c2d4b7	14988
a0fc41ae-98d8-496d-9bc0-d4ac1f86881a	14988
335901ca-4d38-4843-b47a-882561375587	14998
377453f6-85a4-4591-8918-d8c3d9ae9ec6	14998
29032f25-a0ca-4920-8b46-b5e022507b75	14998
599ca2ab-3b3b-4987-9fff-acf2524c6ef5	14998
ef367da7-9093-408a-9081-efb13483b8e7	14998
b5a864a9-d7c0-4ff8-b2a8-867f57de3c88	15000
29032f25-a0ca-4920-8b46-b5e022507b75	15000
629043b5-2d8b-4d2c-9e51-39baa41cc3de	15000
599ca2ab-3b3b-4987-9fff-acf2524c6ef5	15000
1c440923-5a07-411b-9e19-00d4e590de67	15010
1829a8ca-fdfe-409e-99e2-e7dfcb5b909b	15010
6333cd81-bb4b-4614-a95a-25835350ae92	15010
eedc3edf-d92e-426b-81a8-6cd7a9f75684	15010
2e29557e-0637-4e6d-8749-09d3560df326	15010
f0c35d23-0e28-4425-b14d-b846a70278b6	15020
f7c43a34-76a9-4ec1-be7b-8ae96fd1e624	15020
ef367da7-9093-408a-9081-efb13483b8e7	15022
1c440923-5a07-411b-9e19-00d4e590de67	15022
66645e61-0274-4989-bd88-67f2a7a56e9b	15032
94a72321-f300-46ce-a9b7-faab6509bbaa	15032
0bf45653-ec2a-48b2-a26c-014f7751df5d	15032
35a068d4-d116-46bb-8399-e43548fcd187	15032
f5d015e6-eb62-45be-8b94-eaa4e5eae5cc	15034
81ae2994-a2b7-4e85-8a6d-2c1afc2c2b88	15034
1829a8ca-fdfe-409e-99e2-e7dfcb5b909b	15034
eedc3edf-d92e-426b-81a8-6cd7a9f75684	15034
2c322bdc-2140-403a-b3bb-dd3e34f233ae	15044
049ceaa1-1528-44c8-a93f-80144c65af75	15044
15dbd79c-ba12-4cf3-83e3-8d5920412e1c	15046
6333cd81-bb4b-4614-a95a-25835350ae92	15046
b8ebf653-6966-433c-9075-aee1a43622eb	15054
ca0ad495-8c2f-4d5a-9ed4-99cfaf801f3f	15054
1687adbe-25df-4004-8f39-8cde4eaedfd5	15054
933b8a8c-a5ed-468b-80bd-a80aa3fa8c63	15054
6d9083cc-c2b5-4687-ba8e-4609c199f192	15056
33b5b92c-92dc-4359-94b2-ec5fc07c70ff	15056
f161c6ac-4920-48c5-8402-41f2ccbc6cc6	15056
8ab88ab3-6d04-4dc0-8d66-638f395a42c9	15056
9d32d9d1-455e-4b38-ba62-7e3243b78f17	15057
326fb5de-9f01-4a15-8b7a-cbac9b5af646	15057
6f9c7c80-c9a3-4082-9b17-82e2233a475f	15057
f7c43a34-76a9-4ec1-be7b-8ae96fd1e624	15057
6f9c7c80-c9a3-4082-9b17-82e2233a475f	15058
15dbd79c-ba12-4cf3-83e3-8d5920412e1c	15058
e8cf0e39-ccff-43cd-b043-2c6589597a5b	15058
36f8ae71-2cd5-436a-8afe-38db598ebcea	15058
1984e74b-c2d4-4484-bc51-6f356196c6a5	15058
3fc97e65-a5fd-4861-bfd9-6ae84e6f3eca	15058
ee4ae2bc-4208-42ba-b90c-9ad0569b0740	15088
3058bd07-b42b-4235-81f4-d95dbbad25b6	15088
71490619-8a64-44ed-bba8-561deea7ac2b	15090
265ca397-57cd-4b6a-bdc2-c9d1fdb9cf64	15090
71490619-8a64-44ed-bba8-561deea7ac2b	15092
265ca397-57cd-4b6a-bdc2-c9d1fdb9cf64	15092
71490619-8a64-44ed-bba8-561deea7ac2b	15093
f5d015e6-eb62-45be-8b94-eaa4e5eae5cc	15093
c2d180f1-4c82-40d0-834a-51daf89125e6	15110
50e9f845-c609-426a-aa22-b7144b8915e5	15110
add15e47-1996-4b34-b02d-a389304caa7e	15130
1cb75cb8-cf20-408e-8562-34cbfc71f339	15130
ababac3e-c916-42dc-abe5-cc77d32e7e8b	15131
fa1985c2-bf81-4a2b-98c7-a11efe89fc57	15131
a5a0e5be-f80b-49f6-8986-7e99dfdbd9bf	15137
9973175a-dee8-48f9-8d6f-121fad226119	15137
35a068d4-d116-46bb-8399-e43548fcd187	15139
94a72321-f300-46ce-a9b7-faab6509bbaa	15139
66645e61-0274-4989-bd88-67f2a7a56e9b	15139
0e4af916-f76c-4644-8392-2de9d1b38c3a	14833
c051f965-abeb-49be-a300-e348bf44be6c	14833
0e4af916-f76c-4644-8392-2de9d1b38c3a	14834
c051f965-abeb-49be-a300-e348bf44be6c	14834
caca5b41-6c1c-4f19-879a-16d4c7a56419	14841
a0fc41ae-98d8-496d-9bc0-d4ac1f86881a	14841
caca5b41-6c1c-4f19-879a-16d4c7a56419	14842
a0fc41ae-98d8-496d-9bc0-d4ac1f86881a	14842
5547be7c-7bb6-4d17-8486-a5083725899a	14849
70279a60-2d9a-42c1-a9a9-a2d86217a498	14849
7b8e6116-d50a-426c-91eb-fa4b8604e367	14850
03df9e07-d23f-4170-8c94-605fcacfbccb	14850
265ca397-57cd-4b6a-bdc2-c9d1fdb9cf64	14856
81ae2994-a2b7-4e85-8a6d-2c1afc2c2b88	14856
329569ec-9da1-4fd9-bdf1-813c4bef8c92	14864
482eaa00-c3a3-4495-8986-201a91b06d97	14864
329569ec-9da1-4fd9-bdf1-813c4bef8c92	14865
94ffee7a-e0c2-45df-b994-3c5bdd4735fa	14865
94ffee7a-e0c2-45df-b994-3c5bdd4735fa	14875
ed4780bd-158b-4ec9-91be-b6fff5e86476	14875
01342d4f-1eac-49ea-8754-37a851acfa2a	14876
80e993c9-710c-4439-b89c-e815f09fd0b8	14885
920fda48-7747-4d68-93a6-73d2de9689ec	14885
aea3d2d1-7b59-4341-b257-3081616c0ef5	14897
af4f0299-45b2-409e-b990-eab1eed6f133	14897
c9fd7964-f528-4ad9-b23b-b070342d758d	14906
bb8afc2d-0496-46ba-a1e7-dba4e5a9ea8c	14906
5ce76e0c-1d5f-464e-b847-3bd48381d71f	14906
c9fd7964-f528-4ad9-b23b-b070342d758d	14911
ec756f44-3425-49e2-8e96-027fbf2507d8	14911
72d7ed17-619d-4302-acbb-29cc4c892b58	14911
6cb3bcf3-fe17-406c-9dde-cfb169dc45ae	14911
61da6c23-2dfd-4f2e-b97d-4b4af7cae0de	14934
43730a32-df50-4c55-a343-b1b60c8d49cf	14934
bf1057cd-64dd-42b9-95fb-d8748a9f062b	14942
2fb67ec0-34d4-469d-9e33-3024e91ccc0a	14942
9973175a-dee8-48f9-8d6f-121fad226119	14945
1dc355fb-061b-4481-8041-9a32052b5b63	14945
9d32d9d1-455e-4b38-ba62-7e3243b78f17	14966
326fb5de-9f01-4a15-8b7a-cbac9b5af646	14966
6f9c7c80-c9a3-4082-9b17-82e2233a475f	14966
15dbd79c-ba12-4cf3-83e3-8d5920412e1c	14966
b5a864a9-d7c0-4ff8-b2a8-867f57de3c88	14966
ac339438-9af6-490c-8d7b-d5269b8e9a80	14966
1984e74b-c2d4-4484-bc51-6f356196c6a5	14966
3fc97e65-a5fd-4861-bfd9-6ae84e6f3eca	14966
f7c43a34-76a9-4ec1-be7b-8ae96fd1e624	14966
3825a543-5565-4e2e-ba48-c6d7458bcc9b	14966
e8cf0e39-ccff-43cd-b043-2c6589597a5b	14971
ac339438-9af6-490c-8d7b-d5269b8e9a80	14971
3fc97e65-a5fd-4861-bfd9-6ae84e6f3eca	14971
ac339438-9af6-490c-8d7b-d5269b8e9a80	14972
1984e74b-c2d4-4484-bc51-6f356196c6a5	14972
8363e94a-cca8-423b-8e3d-eee6c29267d2	14972
3825a543-5565-4e2e-ba48-c6d7458bcc9b	14972
835bdbed-3e51-4b9e-8032-63f09d5ab6fd	14972
c4b6dbdc-ac72-4810-9983-19fbc2e47940	14972
5445e157-ed64-42c6-a895-565dc15e2e18	14972
c78d7f1c-ffe9-4865-9acc-fe50c08b3331	14972
3e1ec40b-66ee-4810-bc1a-0f2df0a65a2d	14972
e8174c00-a2ed-47ff-ae4e-62b962ee9537	14972
d8db24e6-2622-4714-be56-44eed17c786c	14972
6d9083cc-c2b5-4687-ba8e-4609c199f192	14972
33b5b92c-92dc-4359-94b2-ec5fc07c70ff	14972
835bdbed-3e51-4b9e-8032-63f09d5ab6fd	14978
c4b6dbdc-ac72-4810-9983-19fbc2e47940	14978
326fb5de-9f01-4a15-8b7a-cbac9b5af646	14983
ce21d422-f598-40ae-9415-eebc883d04c5	14983
599ca2ab-3b3b-4987-9fff-acf2524c6ef5	14987
629043b5-2d8b-4d2c-9e51-39baa41cc3de	14987
f0c35d23-0e28-4425-b14d-b846a70278b6	14989
4d248b66-5c76-420a-962b-8cc006523841	14990
3e1ec40b-66ee-4810-bc1a-0f2df0a65a2d	14990
8363e94a-cca8-423b-8e3d-eee6c29267d2	14994
3825a543-5565-4e2e-ba48-c6d7458bcc9b	14994
9f3ba04b-7536-441c-b931-2233c49ab099	14995
dac307d1-d4db-486c-a963-1c6398c2d4b7	14995
1c440923-5a07-411b-9e19-00d4e590de67	14999
1829a8ca-fdfe-409e-99e2-e7dfcb5b909b	14999
6333cd81-bb4b-4614-a95a-25835350ae92	14999
eedc3edf-d92e-426b-81a8-6cd7a9f75684	14999
35a068d4-d116-46bb-8399-e43548fcd187	14999
94a72321-f300-46ce-a9b7-faab6509bbaa	14999
5445e157-ed64-42c6-a895-565dc15e2e18	15001
c78d7f1c-ffe9-4865-9acc-fe50c08b3331	15001
c78d7f1c-ffe9-4865-9acc-fe50c08b3331	15002
5445e157-ed64-42c6-a895-565dc15e2e18	15002
835bdbed-3e51-4b9e-8032-63f09d5ab6fd	15006
c4b6dbdc-ac72-4810-9983-19fbc2e47940	15006
5445e157-ed64-42c6-a895-565dc15e2e18	15006
c78d7f1c-ffe9-4865-9acc-fe50c08b3331	15006
3e1ec40b-66ee-4810-bc1a-0f2df0a65a2d	15006
f161c6ac-4920-48c5-8402-41f2ccbc6cc6	15007
8ab88ab3-6d04-4dc0-8d66-638f395a42c9	15007
88a553e3-f99b-4dd0-bc37-c558a7cde567	15007
1808a0f6-c64d-481e-8428-be945015699d	15007
f7c43a34-76a9-4ec1-be7b-8ae96fd1e624	15011
10907519-66f3-463b-8576-7836c4ed279b	15011
2c322bdc-2140-403a-b3bb-dd3e34f233ae	15011
049ceaa1-1528-44c8-a93f-80144c65af75	15011
f0c35d23-0e28-4425-b14d-b846a70278b6	15011
33b5b92c-92dc-4359-94b2-ec5fc07c70ff	15012
e8174c00-a2ed-47ff-ae4e-62b962ee9537	15012
d8db24e6-2622-4714-be56-44eed17c786c	15012
33b5b92c-92dc-4359-94b2-ec5fc07c70ff	15013
6d9083cc-c2b5-4687-ba8e-4609c199f192	15013
d8db24e6-2622-4714-be56-44eed17c786c	15017
6d9083cc-c2b5-4687-ba8e-4609c199f192	15017
33b5b92c-92dc-4359-94b2-ec5fc07c70ff	15017
f161c6ac-4920-48c5-8402-41f2ccbc6cc6	15017
8ab88ab3-6d04-4dc0-8d66-638f395a42c9	15017
ca0ad495-8c2f-4d5a-9ed4-99cfaf801f3f	15021
1687adbe-25df-4004-8f39-8cde4eaedfd5	15021
6d9083cc-c2b5-4687-ba8e-4609c199f192	15023
d8db24e6-2622-4714-be56-44eed17c786c	15024
88a553e3-f99b-4dd0-bc37-c558a7cde567	15028
1808a0f6-c64d-481e-8428-be945015699d	15028
ca0ad495-8c2f-4d5a-9ed4-99cfaf801f3f	15029
933b8a8c-a5ed-468b-80bd-a80aa3fa8c63	15033
fffa8547-2d66-451f-9ea0-0a9c053d9172	15033
1048c4d8-c124-4943-97a0-5a22cda8c73f	15033
a87b453a-7fbc-4bb0-9fa8-687e40277489	15033
5547be7c-7bb6-4d17-8486-a5083725899a	15035
70279a60-2d9a-42c1-a9a9-a2d86217a498	15035
3e1ec40b-66ee-4810-bc1a-0f2df0a65a2d	15035
f161c6ac-4920-48c5-8402-41f2ccbc6cc6	15035
8ab88ab3-6d04-4dc0-8d66-638f395a42c9	15036
88a553e3-f99b-4dd0-bc37-c558a7cde567	15036
1808a0f6-c64d-481e-8428-be945015699d	15036
283f04fa-116f-44f9-8c81-ed650fa68509	15036
4a6bc7d4-89ef-4e72-87c2-5a3146263275	15036
283f04fa-116f-44f9-8c81-ed650fa68509	15040
4a6bc7d4-89ef-4e72-87c2-5a3146263275	15040
d8d1916e-a10e-4920-9ad7-f42eac2ae5cd	15040
36adf1af-132c-4f0f-865f-0f344b3ecdc8	15040
6333cd81-bb4b-4614-a95a-25835350ae92	15041
049ceaa1-1528-44c8-a93f-80144c65af75	15041
283f04fa-116f-44f9-8c81-ed650fa68509	15041
4a6bc7d4-89ef-4e72-87c2-5a3146263275	15041
c73c8203-8809-4510-9847-9b1c2aa3d82e	15045
9f3ba04b-7536-441c-b931-2233c49ab099	15045
36adf1af-132c-4f0f-865f-0f344b3ecdc8	15047
ab651062-15e8-43b8-828d-43c302f8143a	15047
81531d3f-d101-49eb-bf66-2741e9d58d1a	15048
ab651062-15e8-43b8-828d-43c302f8143a	15048
ef367da7-9093-408a-9081-efb13483b8e7	15052
b5a864a9-d7c0-4ff8-b2a8-867f57de3c88	15052
36adf1af-132c-4f0f-865f-0f344b3ecdc8	15053
ab651062-15e8-43b8-828d-43c302f8143a	15053
81531d3f-d101-49eb-bf66-2741e9d58d1a	15055
055730c6-95e9-4236-b141-98601559e98e	15055
dac307d1-d4db-486c-a963-1c6398c2d4b7	15055
0bf45653-ec2a-48b2-a26c-014f7751df5d	15055
335901ca-4d38-4843-b47a-882561375587	15060
29032f25-a0ca-4920-8b46-b5e022507b75	15060
377453f6-85a4-4591-8918-d8c3d9ae9ec6	15060
629043b5-2d8b-4d2c-9e51-39baa41cc3de	15060
335901ca-4d38-4843-b47a-882561375587	15061
b5a864a9-d7c0-4ff8-b2a8-867f57de3c88	15061
29032f25-a0ca-4920-8b46-b5e022507b75	15061
377453f6-85a4-4591-8918-d8c3d9ae9ec6	15061
80e993c9-710c-4439-b89c-e815f09fd0b8	15089
920fda48-7747-4d68-93a6-73d2de9689ec	15089
7b8e6116-d50a-426c-91eb-fa4b8604e367	15098
f5d015e6-eb62-45be-8b94-eaa4e5eae5cc	15098
a4261639-35c4-4db4-92e4-2647cda746fb	15103
48ab26e5-624d-4023-a9d0-8216a92decb7	15103
bacab641-1d61-4af5-b745-88551e77db4f	15104
2621af74-f790-4a1a-b911-92a9ebb32ebd	15104
ababac3e-c916-42dc-abe5-cc77d32e7e8b	15111
66645e61-0274-4989-bd88-67f2a7a56e9b	15111
544f179f-edcd-45ba-a834-d07082af0592	15117
bacab641-1d61-4af5-b745-88551e77db4f	15122
2621af74-f790-4a1a-b911-92a9ebb32ebd	15122
c2d180f1-4c82-40d0-834a-51daf89125e6	15123
d308bafc-77d2-49ad-81fb-35a075020c7e	15123
c2d180f1-4c82-40d0-834a-51daf89125e6	15132
add15e47-1996-4b34-b02d-a389304caa7e	15132
a4261639-35c4-4db4-92e4-2647cda746fb	15136
48ab26e5-624d-4023-a9d0-8216a92decb7	15136
b8ebf653-6966-433c-9075-aee1a43622eb	15138
c2d180f1-4c82-40d0-834a-51daf89125e6	15138
16e0049f-501b-4d45-a8bc-b0a18c6c1563	15138
2621af74-f790-4a1a-b911-92a9ebb32ebd	15142
a223b7de-10b8-4041-a720-673719707d0f	15142
bacab641-1d61-4af5-b745-88551e77db4f	15142
a223b7de-10b8-4041-a720-673719707d0f	15143
bb8afc2d-0496-46ba-a1e7-dba4e5a9ea8c	15143
ababac3e-c916-42dc-abe5-cc77d32e7e8b	15143
7b8e6116-d50a-426c-91eb-fa4b8604e367	14868
f5d015e6-eb62-45be-8b94-eaa4e5eae5cc	14868
81ae2994-a2b7-4e85-8a6d-2c1afc2c2b88	14879
329569ec-9da1-4fd9-bdf1-813c4bef8c92	14879
ec756f44-3425-49e2-8e96-027fbf2507d8	15135
72d7ed17-619d-4302-acbb-29cc4c892b58	15135
4d248b66-5c76-420a-962b-8cc006523841	14993
5ce76e0c-1d5f-464e-b847-3bd48381d71f	14993
335901ca-4d38-4843-b47a-882561375587	15005
e8cf0e39-ccff-43cd-b043-2c6589597a5b	15005
29032f25-a0ca-4920-8b46-b5e022507b75	15005
377453f6-85a4-4591-8918-d8c3d9ae9ec6	15005
629043b5-2d8b-4d2c-9e51-39baa41cc3de	15005
ef367da7-9093-408a-9081-efb13483b8e7	15016
1c440923-5a07-411b-9e19-00d4e590de67	15016
1829a8ca-fdfe-409e-99e2-e7dfcb5b909b	15016
6333cd81-bb4b-4614-a95a-25835350ae92	15016
eedc3edf-d92e-426b-81a8-6cd7a9f75684	15016
c73c8203-8809-4510-9847-9b1c2aa3d82e	15016
35a068d4-d116-46bb-8399-e43548fcd187	15027
66645e61-0274-4989-bd88-67f2a7a56e9b	15027
f7c43a34-76a9-4ec1-be7b-8ae96fd1e624	15039
2c322bdc-2140-403a-b3bb-dd3e34f233ae	15039
049ceaa1-1528-44c8-a93f-80144c65af75	15039
f0c35d23-0e28-4425-b14d-b846a70278b6	15039
ca0ad495-8c2f-4d5a-9ed4-99cfaf801f3f	15051
1687adbe-25df-4004-8f39-8cde4eaedfd5	15051
933b8a8c-a5ed-468b-80bd-a80aa3fa8c63	15059
fffa8547-2d66-451f-9ea0-0a9c053d9172	15059
1048c4d8-c124-4943-97a0-5a22cda8c73f	15059
a87b453a-7fbc-4bb0-9fa8-687e40277489	15059
61da6c23-2dfd-4f2e-b97d-4b4af7cae0de	15107
43730a32-df50-4c55-a343-b1b60c8d49cf	15107
29c12eed-28c1-47a5-90b5-640ce17b8050	15114
b8ebf653-6966-433c-9075-aee1a43622eb	15114
fa1985c2-bf81-4a2b-98c7-a11efe89fc57	15120
1cb75cb8-cf20-408e-8562-34cbfc71f339	15120
ababac3e-c916-42dc-abe5-cc77d32e7e8b	15141
0082cc92-b417-49d8-8e43-2fdef69ae3f5	15141
aea3d2d1-7b59-4341-b257-3081616c0ef5	14843
af4f0299-45b2-409e-b990-eab1eed6f133	14843
ee4ae2bc-4208-42ba-b90c-9ad0569b0740	14851
3058bd07-b42b-4235-81f4-d95dbbad25b6	14851
7de227a4-cca2-434e-b243-6ccfbf812250	14857
caca5b41-6c1c-4f19-879a-16d4c7a56419	14857
94ffee7a-e0c2-45df-b994-3c5bdd4735fa	14866
01342d4f-1eac-49ea-8754-37a851acfa2a	14866
5911248d-3e1b-4b29-98fd-e32abaf76f8b	14877
d875260f-0bcc-438f-ae99-1dedffe4223e	14907
a5a0e5be-f80b-49f6-8986-7e99dfdbd9bf	14907
c635c2c8-69ce-4f92-a5b9-16a5d9fb2c06	14907
832ec585-ed77-4273-8c27-60a0f55b0c4a	14907
c2d180f1-4c82-40d0-834a-51daf89125e6	14910
a5a0e5be-f80b-49f6-8986-7e99dfdbd9bf	14910
9973175a-dee8-48f9-8d6f-121fad226119	14910
4dfb3f1e-e888-48a0-8156-b4e99a0cf414	14943
a53fbca1-3866-4fb8-b0dc-ec4c65c4e23f	14943
1c440923-5a07-411b-9e19-00d4e590de67	14967
1829a8ca-fdfe-409e-99e2-e7dfcb5b909b	14967
eedc3edf-d92e-426b-81a8-6cd7a9f75684	14967
35a068d4-d116-46bb-8399-e43548fcd187	14967
15dbd79c-ba12-4cf3-83e3-8d5920412e1c	14967
94a72321-f300-46ce-a9b7-faab6509bbaa	14970
0bf45653-ec2a-48b2-a26c-014f7751df5d	14970
2e29557e-0637-4e6d-8749-09d3560df326	14970
9f3ba04b-7536-441c-b931-2233c49ab099	14970
94a72321-f300-46ce-a9b7-faab6509bbaa	14979
0bf45653-ec2a-48b2-a26c-014f7751df5d	14979
81531d3f-d101-49eb-bf66-2741e9d58d1a	14982
055730c6-95e9-4236-b141-98601559e98e	14982
599ca2ab-3b3b-4987-9fff-acf2524c6ef5	14991
2c322bdc-2140-403a-b3bb-dd3e34f233ae	14991
1687adbe-25df-4004-8f39-8cde4eaedfd5	15003
933b8a8c-a5ed-468b-80bd-a80aa3fa8c63	15003
fffa8547-2d66-451f-9ea0-0a9c053d9172	15003
4d248b66-5c76-420a-962b-8cc006523841	15014
b8ebf653-6966-433c-9075-aee1a43622eb	15014
ce21d422-f598-40ae-9415-eebc883d04c5	15025
1048c4d8-c124-4943-97a0-5a22cda8c73f	15037
a87b453a-7fbc-4bb0-9fa8-687e40277489	15037
2e29557e-0637-4e6d-8749-09d3560df326	15037
9f3ba04b-7536-441c-b931-2233c49ab099	15037
d4575e05-4ecc-4622-acab-eae2d08229e0	15049
055730c6-95e9-4236-b141-98601559e98e	15049
01342d4f-1eac-49ea-8754-37a851acfa2a	15097
5911248d-3e1b-4b29-98fd-e32abaf76f8b	15097
b3098770-53ee-4ac3-8986-26e919a34bfc	15105
66645e61-0274-4989-bd88-67f2a7a56e9b	15105
16e0049f-501b-4d45-a8bc-b0a18c6c1563	15112
2fb67ec0-34d4-469d-9e33-3024e91ccc0a	15112
1f08da0d-a646-4968-8945-f467ba208c24	15118
50e9f845-c609-426a-aa22-b7144b8915e5	15118
d308bafc-77d2-49ad-81fb-35a075020c7e	15124
bf1057cd-64dd-42b9-95fb-d8748a9f062b	15124
61da6c23-2dfd-4f2e-b97d-4b4af7cae0de	15133
29c12eed-28c1-47a5-90b5-640ce17b8050	15133
80e993c9-710c-4439-b89c-e815f09fd0b8	14837
920fda48-7747-4d68-93a6-73d2de9689ec	14837
aea3d2d1-7b59-4341-b257-3081616c0ef5	14845
af4f0299-45b2-409e-b990-eab1eed6f133	14845
ee4ae2bc-4208-42ba-b90c-9ad0569b0740	14853
3058bd07-b42b-4235-81f4-d95dbbad25b6	14853
7de227a4-cca2-434e-b243-6ccfbf812250	14859
832ec585-ed77-4273-8c27-60a0f55b0c4a	14859
5911248d-3e1b-4b29-98fd-e32abaf76f8b	14867
a0fc41ae-98d8-496d-9bc0-d4ac1f86881a	14878
c051f965-abeb-49be-a300-e348bf44be6c	14878
add15e47-1996-4b34-b02d-a389304caa7e	14900
0e4af916-f76c-4644-8392-2de9d1b38c3a	14900
16e0049f-501b-4d45-a8bc-b0a18c6c1563	14909
544f179f-edcd-45ba-a834-d07082af0592	14909
a5a0e5be-f80b-49f6-8986-7e99dfdbd9bf	14909
3bd63f93-ab36-47c9-bead-7daf5e11efa6	14909
9973175a-dee8-48f9-8d6f-121fad226119	14944
4dfb3f1e-e888-48a0-8156-b4e99a0cf414	14944
81531d3f-d101-49eb-bf66-2741e9d58d1a	14969
055730c6-95e9-4236-b141-98601559e98e	14969
91ad9822-5df3-4a8c-b91b-04eacad80f2e	14969
1f08da0d-a646-4968-8945-f467ba208c24	14969
d308bafc-77d2-49ad-81fb-35a075020c7e	14969
599ca2ab-3b3b-4987-9fff-acf2524c6ef5	14969
ef367da7-9093-408a-9081-efb13483b8e7	14992
1c440923-5a07-411b-9e19-00d4e590de67	14992
1829a8ca-fdfe-409e-99e2-e7dfcb5b909b	15004
eedc3edf-d92e-426b-81a8-6cd7a9f75684	15004
35a068d4-d116-46bb-8399-e43548fcd187	15004
8363e94a-cca8-423b-8e3d-eee6c29267d2	15004
2c322bdc-2140-403a-b3bb-dd3e34f233ae	15004
1687adbe-25df-4004-8f39-8cde4eaedfd5	15015
933b8a8c-a5ed-468b-80bd-a80aa3fa8c63	15015
fffa8547-2d66-451f-9ea0-0a9c053d9172	15015
1048c4d8-c124-4943-97a0-5a22cda8c73f	15015
a87b453a-7fbc-4bb0-9fa8-687e40277489	15015
d254140e-a0d6-4f06-878c-297d33686dba	15026
f3c15667-5a3c-4c0b-973b-7cb3cc2cc488	15038
d0779109-fb14-4088-b083-fd8beece50ba	15038
f0c35d23-0e28-4425-b14d-b846a70278b6	15050
049ceaa1-1528-44c8-a93f-80144c65af75	15050
48ab26e5-624d-4023-a9d0-8216a92decb7	15134
a53fbca1-3866-4fb8-b0dc-ec4c65c4e23f	15134
36f8ae71-2cd5-436a-8afe-38db598ebcea	15075
2e29557e-0637-4e6d-8749-09d3560df326	15075
bf1057cd-64dd-42b9-95fb-d8748a9f062b	15096
bb8afc2d-0496-46ba-a1e7-dba4e5a9ea8c	15106
a223b7de-10b8-4041-a720-673719707d0f	15106
6f81c8be-aedb-4c63-89e9-786154e903e2	15125
0b0b6504-424a-421c-adc0-c5f636f8a3cd	15125
ec756f44-3425-49e2-8e96-027fbf2507d8	15140
ee4ae2bc-4208-42ba-b90c-9ad0569b0740	14836
3058bd07-b42b-4235-81f4-d95dbbad25b6	14836
7de227a4-cca2-434e-b243-6ccfbf812250	14844
3bd63f93-ab36-47c9-bead-7daf5e11efa6	14844
fa1985c2-bf81-4a2b-98c7-a11efe89fc57	14852
94a72321-f300-46ce-a9b7-faab6509bbaa	14858
1f08da0d-a646-4968-8945-f467ba208c24	14899
920fda48-7747-4d68-93a6-73d2de9689ec	14899
2fb67ec0-34d4-469d-9e33-3024e91ccc0a	14908
4dfb3f1e-e888-48a0-8156-b4e99a0cf414	14908
0bf45653-ec2a-48b2-a26c-014f7751df5d	14968
6333cd81-bb4b-4614-a95a-25835350ae92	14968
ca0ad495-8c2f-4d5a-9ed4-99cfaf801f3f	14968
80f471c4-4565-4bc5-9642-9e750da09e45	15074
629043b5-2d8b-4d2c-9e51-39baa41cc3de	15074
81ae2994-a2b7-4e85-8a6d-2c1afc2c2b88	15095
265ca397-57cd-4b6a-bdc2-c9d1fdb9cf64	15095
72d7ed17-619d-4302-acbb-29cc4c892b58	15113
832ec585-ed77-4273-8c27-60a0f55b0c4a	15113
add15e47-1996-4b34-b02d-a389304caa7e	15119
8ab88ab3-6d04-4dc0-8d66-638f395a42c9	14965
\.


--
-- Data for Name: categories; Type: TABLE DATA; Schema: public; Owner: malob
--

COPY public.categories (id, label, pole_id, preference_id) FROM stdin;
20	Pôle Bar	1	1
19	Pôle Environnement	12	3
21	Pôle Restauration	2	1
22	Pôle Catering	3	1
24	Pôle Camping	7	2
17	Pôle Accès, parking et riverains	11	2
16	Pôle  Sécurité/secours	4	2
18	Pôle Prévention	5	3
23	Pôle Ticketterie	6	3
25	Pôle Animations	9	3
26	Pôle Accueil	10	3
29	Pôle Technique le dimanche	14	4
27	Pôle Accréditations	13	4
28	Pôle Autres	15	2
30	Pôle Billetterie	8	2
\.


--
-- Data for Name: festival; Type: TABLE DATA; Schema: public; Owner: malob
--

COPY public.festival (id, name, edition, start_date, end_date, location_name, location_city) FROM stdin;
2c075cc6-9140-4063-a728-e17c3c911386	Horizons Open Sea Festival	9	2026-06-05	2026-06-07	Sémaphore	Landéda
\.


--
-- Data for Name: jobs; Type: TABLE DATA; Schema: public; Owner: malob
--

COPY public.jobs (id, name, category_id, slot_id, required_volunteers, recruitment_type, responsible, sort_order) FROM stdin;
14830	Accès IS2	16	162	2	Normal	Denis Crenn Adrien Poder	0
14831	Accès IS2	16	163	2	Normal	Denis Crenn Adrien Poder	0
14832	Accès IS2	16	164	2	Normal	Denis Crenn Adrien Poder	0
14833	Accès IS2	16	134	2	Normal	Denis Crenn Adrien Poder	0
14834	Accès IS2	16	165	2	Normal	Denis Crenn Adrien Poder	0
14835	Accès IS2	16	166	2	Normal	Denis Crenn Adrien Poder	0
14836	Accès IS2	16	167	2	Normal	Denis Crenn Adrien Poder	0
14837	Accès IS2	16	168	2	Normal	Denis Crenn Adrien Poder	0
14838	Accès IS3	16	162	2	Normal	Denis Crenn Adrien Poder	1
14839	Accès IS3	16	163	2	Normal	Denis Crenn Adrien Poder	1
14840	Accès IS3	16	164	2	Normal	Denis Crenn Adrien Poder	1
14841	Accès IS3	16	134	2	Normal	Denis Crenn Adrien Poder	1
14842	Accès IS3	16	165	2	Normal	Denis Crenn Adrien Poder	1
14843	Accès IS3	16	166	2	Normal	Denis Crenn Adrien Poder	1
14844	Accès IS3	16	167	2	Normal	Denis Crenn Adrien Poder	1
14845	Accès IS3	16	168	2	Normal	Denis Crenn Adrien Poder	1
14846	Accès secours	16	162	2	Normal	Denis Crenn Adrien Poder	2
14847	Accès secours	16	163	2	Normal	Denis Crenn Adrien Poder	2
14848	Accès secours	16	164	2	Normal	Denis Crenn Adrien Poder	2
14849	Accès secours	16	134	2	Normal	Denis Crenn Adrien Poder	2
14850	Accès secours	16	165	2	Normal	Denis Crenn Adrien Poder	2
14851	Accès secours	16	166	2	Normal	Denis Crenn Adrien Poder	2
14852	Accès secours	16	167	2	Normal	Denis Crenn Adrien Poder	2
14853	Accès secours	16	168	2	Normal	Denis Crenn Adrien Poder	2
14854	Accès Backstage	16	163	2	Normal	Denis Crenn Adrien Poder	3
14855	Accès Backstage	16	164	2	Normal	Denis Crenn Adrien Poder	3
14856	Accès Backstage	16	165	2	Normal	Denis Crenn Adrien Poder	3
14857	Accès Backstage	16	166	2	Normal	Denis Crenn Adrien Poder	3
14858	Accès Backstage	16	167	2	Normal	Denis Crenn Adrien Poder	3
14859	Accès Backstage	16	168	2	Normal	Denis Crenn Adrien Poder	3
14860	Parking voitures - Entrée parking / Accueil	17	169	2	Normal	Tangui Audern Brice Abdebreiman	4
14861	Parking voitures - Entrée parking / Accueil	17	170	2	Normal	Tangui Audern Brice Abdebreiman	4
14862	Parking voitures - Entrée parking / Accueil	17	171	2	Normal	Tangui Audern Brice Abdebreiman	4
14863	Parking voitures - Entrée parking / Accueil	17	172	2	Normal	Tangui Audern Brice Abdebreiman	4
14864	Parking voitures - Entrée parking / Accueil	17	173	2	Normal	Tangui Audern Brice Abdebreiman	4
14865	Parking voitures - Entrée parking / Accueil	17	174	2	Normal	Tangui Audern Brice Abdebreiman	4
14866	Parking voitures - Entrée parking / Accueil	17	175	2	Normal	Tangui Audern Brice Abdebreiman	4
14867	Parking voitures - Entrée parking / Accueil	17	176	2	Normal	Tangui Audern Brice Abdebreiman	4
14868	Parking voitures - Entrée parking / Accueil	17	177	2	Normal	Tangui Audern Brice Abdebreiman	4
14869	Parking voitures - Entrée parking / Accueil	17	178	3	Normal	Tangui Audern Brice Abdebreiman	4
14870	Parking fourgons - Entrée parking / Accueil / Placement	17	169	2	Normal	Tangui Audern Brice Abdebreiman	5
14871	Parking fourgons - Entrée parking / Accueil / Placement	17	170	2	Normal	Tangui Audern Brice Abdebreiman	5
14872	Parking fourgons - Entrée parking / Accueil / Placement	17	171	2	Normal	Tangui Audern Brice Abdebreiman	5
14873	Parking fourgons - Entrée parking / Accueil / Placement	17	179	2	Normal	Tangui Audern Brice Abdebreiman	5
14874	Parking fourgons - Entrée parking / Accueil / Placement	17	172	2	Normal	Tangui Audern Brice Abdebreiman	5
14875	Parking fourgons - Entrée parking / Accueil / Placement	17	173	2	Normal	Tangui Audern Brice Abdebreiman	5
14876	Parking fourgons - Entrée parking / Accueil / Placement	17	174	2	Normal	Tangui Audern Brice Abdebreiman	5
14877	Parking fourgons - Entrée parking / Accueil / Placement	17	175	2	Normal	Tangui Audern Brice Abdebreiman	5
14878	Parking fourgons - Entrée parking / Accueil / Placement	17	176	2	Normal	Tangui Audern Brice Abdebreiman	5
14879	Parking fourgons - Entrée parking / Accueil / Placement	17	177	2	Normal	Tangui Audern Brice Abdebreiman	5
14880	Parking bénévoles - Entrée / Accueil	17	169	2	Normal	Tangui Audern Brice Abdebreiman	6
14881	Parking bénévoles - Entrée / Accueil	17	170	2	Normal	Tangui Audern Brice Abdebreiman	6
14882	Parking bénévoles - Entrée / Accueil	17	171	2	Normal	Tangui Audern Brice Abdebreiman	6
14883	Parking bénévoles - Entrée / Accueil	17	179	2	Normal	Tangui Audern Brice Abdebreiman	6
14884	Parking bénévoles - Entrée / Accueil	17	173	2	Normal	Tangui Audern Brice Abdebreiman	6
14885	Parking bénévoles - Entrée / Accueil	17	174	2	Normal	Tangui Audern Brice Abdebreiman	6
14886	Orientation festivaliers (bas Tour Noire)	17	180	2	Normal	Tangui Audern Brice Abdebreiman	7
14887	Orientation festivaliers (bas Tour Noire)	17	181	2	Normal	Tangui Audern Brice Abdebreiman	7
14888	Orientation festivaliers (bas Tour Noire)	17	163	2	Normal	Tangui Audern Brice Abdebreiman	7
14889	Orientation festivaliers (bas Tour Noire)	17	164	2	Normal	Tangui Audern Brice Abdebreiman	7
14890	Orientation festivaliers (bas Tour Noire)	17	166	2	Normal	Tangui Audern Brice Abdebreiman	7
14891	Orientation festivaliers (bas Tour Noire)	17	167	2	Normal	Tangui Audern Brice Abdebreiman	7
14892	Orientation festivaliers (bas Tour Noire)	17	168	2	Normal	Tangui Audern Brice Abdebreiman	7
14893	Orientation festivaliers (croisement Keravel/Tour noire)	17	180	2	Normal	Tangui Audern Brice Abdebreiman	8
14894	Orientation festivaliers (croisement Keravel/Tour noire)	17	181	2	Normal	Tangui Audern Brice Abdebreiman	8
14895	Orientation festivaliers (croisement Keravel/Tour noire)	17	163	2	Normal	Tangui Audern Brice Abdebreiman	8
14896	Orientation festivaliers (croisement Keravel/Tour noire)	17	164	2	Normal	Tangui Audern Brice Abdebreiman	8
14897	Orientation festivaliers (croisement Keravel/Tour noire)	17	165	2	Normal	Tangui Audern Brice Abdebreiman	8
14898	Orientation festivaliers (croisement Keravel/Tour noire)	17	166	2	Normal	Tangui Audern Brice Abdebreiman	8
14899	Orientation festivaliers (croisement Keravel/Tour noire)	17	167	2	Normal	Tangui Audern Brice Abdebreiman	8
14900	Orientation festivaliers (croisement Keravel/Tour noire)	17	168	2	Normal	Tangui Audern Brice Abdebreiman	8
14901	Stand prévention et prévention volante	18	163	4	Normal	Marie Babinot Tifaine Herry Franck Daouben	9
14902	Stand prévention et prévention volante	18	164	3	Normal	Marie Babinot Tifaine Herry Franck Daouben	9
14903	Stand prévention et prévention volante	18	182	4	Normal	Marie Babinot Tifaine Herry Franck Daouben	9
14904	Stand prévention et prévention volante	18	183	4	Normal	Marie Babinot Tifaine Herry Franck Daouben	9
14905	Stand prévention et prévention volante	18	184	4	Normal	Marie Babinot Tifaine Herry Franck Daouben	9
14906	Stand prévention et prévention volante	18	165	3	Normal	Marie Babinot Tifaine Herry Franck Daouben	9
14907	Stand prévention et prévention volante	18	166	4	Normal	Marie Babinot Tifaine Herry Franck Daouben	9
14908	Stand prévention et prévention volante	18	167	3	Normal	Marie Babinot Tifaine Herry Franck Daouben	9
14909	Stand prévention et prévention volante	18	168	4	Normal	Marie Babinot Tifaine Herry Franck Daouben	9
14910	Stand prévention et prévention volante	18	185	3	Normal	Marie Babinot Tifaine Herry Franck Daouben	9
14911	Stand prévention et prévention volante	18	186	4	Normal	Marie Babinot Tifaine Herry Franck Daouben	9
14912	Stand prévention et prévention volante	18	187	4	Normal	Marie Babinot Tifaine Herry Franck Daouben	9
14913	Stand prévention et prévention volante	18	178	2	Normal	Marie Babinot Tifaine Herry Franck Daouben	9
14914	Stand prévention et prévention volante (super-bénévoles Anthony et Marion)	18	164	1	Specialise	Marie Babinot Tifaine Herry Franck Daouben	10
14915	Stand prévention et prévention volante (super-bénévoles Anthony et Marion)	18	165	1	Specialise	Marie Babinot Tifaine Herry Franck Daouben	10
14916	Stand prévention et prévention volante (super-bénévoles Anthony et Marion)	18	167	1	Specialise	Marie Babinot Tifaine Herry Franck Daouben	10
14917	Stand prévention et prévention volante (super-bénévoles Anthony et Marion)	18	185	1	Specialise	Marie Babinot Tifaine Herry Franck Daouben	10
14918	Stand prévention et prévention volante (super-bénévoles Anthony et Marion)	18	178	1	Specialise	Marie Babinot Tifaine Herry Franck Daouben	10
14919	Camping et parking camion	18	188	3	Normal	Marie Babinot Tifaine Herry Franck Daouben	11
14920	Camping et parking camion	18	189	4	Normal	Marie Babinot Tifaine Herry Franck Daouben	11
14921	Camping et parking camion	18	190	4	Normal	Marie Babinot Tifaine Herry Franck Daouben	11
14922	Camping et parking camion	18	191	3	Normal	Marie Babinot Tifaine Herry Franck Daouben	11
14923	Camping et parking camion (super-bénévoles Anthony et Marion)	18	188	1	Specialise	Marie Babinot Tifaine Herry Franck Daouben	12
14924	Camping et parking camion (super-bénévoles Anthony et Marion)	18	191	1	Specialise	Marie Babinot Tifaine Herry Franck Daouben	12
14925	Vél'horizons et aide vélomixeur (remplacer par WC hors site?)	19	192	3	Specialise	Camille Gérard Maëla Le Picard	13
14926	Vél'horizons et aide vélomixeur (remplacer par WC hors site?)	19	189	2	Specialise	Camille Gérard Maëla Le Picard	13
14927	Vél'horizons et aide vélomixeur (remplacer par WC hors site?)	19	193	2	Specialise	Camille Gérard Maëla Le Picard	13
14928	Mission KK	19	194	2	Specialise	Camille Gérard Maëla Le Picard	14
14929	Mission KK	19	193	2	Specialise	Camille Gérard Maëla Le Picard	14
14930	Gestion WC hors site	19	182	2	Normal	Camille Gérard Maëla Le Picard	15
14931	Gestion WC hors site	19	193	2	Normal	Camille Gérard Maëla Le Picard	15
14932	Gestion WC site festival	19	163	2	Normal	Camille Gérard Maëla Le Picard	16
14933	Gestion WC site festival	19	183	2	Normal	Camille Gérard Maëla Le Picard	16
14934	Gestion WC site festival	19	186	2	Normal	Camille Gérard Maëla Le Picard	16
14935	Gestion WC site festival	19	164	3	Specialise	Camille Gérard Maëla Le Picard	17
14936	Gestion WC site festival	19	182	3	Specialise	Camille Gérard Maëla Le Picard	17
14937	Gestion WC site festival	19	194	1	Specialise	Camille Gérard Maëla Le Picard	17
14938	Gestion WC site festival	19	167	2	Specialise	Camille Gérard Maëla Le Picard	17
14939	Gestion WC site festival	19	185	3	Specialise	Camille Gérard Maëla Le Picard	17
14940	Tour des poubelles et gestion WC hors site	19	182	2	Normal	Camille Gérard Maëla Le Picard	18
14941	Tour des poubelles et gestion WC hors site	19	194	2	Normal	Camille Gérard Maëla Le Picard	18
14942	Tour des poubelles et gestion WC hors site	19	165	2	Normal	Camille Gérard Maëla Le Picard	18
14943	Tour des poubelles et gestion WC hors site	19	166	2	Normal	Camille Gérard Maëla Le Picard	18
14944	Tour des poubelles et gestion WC hors site	19	168	2	Normal	Camille Gérard Maëla Le Picard	18
14945	Tour des poubelles et gestion WC hors site	19	186	2	Normal	Camille Gérard Maëla Le Picard	18
14946	Tour des poubelles et gestion WC hors site	19	191	2	Normal	Camille Gérard Maëla Le Picard	18
14947	Tour des poubelles et gestion WC hors site	19	164	2	Specialise	Camille Gérard Maëla Le Picard	19
14948	Tour des poubelles et gestion WC hors site	19	194	2	Specialise	Camille Gérard Maëla Le Picard	19
14949	Tour des poubelles et gestion WC hors site	19	167	2	Specialise	Camille Gérard Maëla Le Picard	19
14950	Tour des poubelles et gestion WC hors site	19	185	2	Specialise	Camille Gérard Maëla Le Picard	19
14951	Bar super-bénévoles	20	163	19	Specialise	Aymeric Boizard Franck Le Nen Marina Chacun Kemo Audern	20
14952	Bar super-bénévoles	20	164	20	Specialise	Aymeric Boizard Franck Le Nen Marina Chacun Kemo Audern	20
14953	Bar super-bénévoles	20	182	21	Specialise	Aymeric Boizard Franck Le Nen Marina Chacun Kemo Audern	20
14954	Bar super-bénévoles	20	183	22	Specialise	Aymeric Boizard Franck Le Nen Marina Chacun Kemo Audern	20
14955	Bar super-bénévoles	20	166	10	Specialise	Aymeric Boizard Franck Le Nen Marina Chacun Kemo Audern	20
14956	Bar super-bénévoles	20	167	24	Specialise	Aymeric Boizard Franck Le Nen Marina Chacun Kemo Audern	20
15135	Accueil, merch, com	26	177	2	Normal	Estelle Bruzac Marc Hervé	41
14957	Bar super-bénévoles	20	168	17	Specialise	Aymeric Boizard Franck Le Nen Marina Chacun Kemo Audern	20
14958	Bar super-bénévoles	20	185	26	Specialise	Aymeric Boizard Franck Le Nen Marina Chacun Kemo Audern	20
14959	Bar super-bénévoles	20	186	26	Specialise	Aymeric Boizard Franck Le Nen Marina Chacun Kemo Audern	20
14960	Bar super-bénévoles	20	157	1	Specialise	Aymeric Boizard Franck Le Nen Marina Chacun Kemo Audern	20
14961	Bar	20	163	1	Normal	Aymeric Boizard Franck Le Nen Marina Chacun Kemo Audern	21
14962	Bar	20	164	2	Normal	Aymeric Boizard Franck Le Nen Marina Chacun Kemo Audern	21
14963	Bar	20	182	8	Normal	Aymeric Boizard Franck Le Nen Marina Chacun Kemo Audern	21
14964	Bar	20	183	7	Normal	Aymeric Boizard Franck Le Nen Marina Chacun Kemo Audern	21
14965	Bar	20	161	12	Normal	Aymeric Boizard Franck Le Nen Marina Chacun Kemo Audern	21
14966	Bar	20	165	10	Normal	Aymeric Boizard Franck Le Nen Marina Chacun Kemo Audern	21
14967	Bar	20	166	5	Normal	Aymeric Boizard Franck Le Nen Marina Chacun Kemo Audern	21
14968	Bar	20	167	3	Normal	Aymeric Boizard Franck Le Nen Marina Chacun Kemo Audern	21
14969	Bar	20	168	13	Normal	Aymeric Boizard Franck Le Nen Marina Chacun Kemo Audern	21
14970	Bar	20	185	4	Normal	Aymeric Boizard Franck Le Nen Marina Chacun Kemo Audern	21
14971	Bar	20	186	4	Normal	Aymeric Boizard Franck Le Nen Marina Chacun Kemo Audern	21
14972	Bar	20	157	13	Normal	Aymeric Boizard Franck Le Nen Marina Chacun Kemo Audern	21
14973	Bar catering	20	163	2	Normal	Aymeric Boizard Franck Le Nen Marina Chacun Kemo Audern	22
14974	Bar catering	20	164	2	Normal	Aymeric Boizard Franck Le Nen Marina Chacun Kemo Audern	22
14975	Bar catering	20	182	2	Normal	Aymeric Boizard Franck Le Nen Marina Chacun Kemo Audern	22
14976	Bar catering	20	183	2	Normal	Aymeric Boizard Franck Le Nen Marina Chacun Kemo Audern	22
14977	Bar catering	20	195	2	Normal	Aymeric Boizard Franck Le Nen Marina Chacun Kemo Audern	22
14978	Bar catering	20	165	2	Normal	Aymeric Boizard Franck Le Nen Marina Chacun Kemo Audern	22
14979	Bar catering	20	166	2	Normal	Aymeric Boizard Franck Le Nen Marina Chacun Kemo Audern	22
14980	Bar catering	20	167	2	Normal	Aymeric Boizard Franck Le Nen Marina Chacun Kemo Audern	22
14981	Bar catering	20	168	2	Normal	Aymeric Boizard Franck Le Nen Marina Chacun Kemo Audern	22
14982	Bar catering	20	185	2	Normal	Aymeric Boizard Franck Le Nen Marina Chacun Kemo Audern	22
14983	Bar catering	20	186	2	Normal	Aymeric Boizard Franck Le Nen Marina Chacun Kemo Audern	22
14984	Stand resto - Encaissement	21	171	1	Normal	Frédéric Loussouarn Anne Calvarin Carinne Abdebreiman Sebastien Leblay	23
14985	Stand resto - Encaissement	21	179	2	Normal	Frédéric Loussouarn Anne Calvarin Carinne Abdebreiman Sebastien Leblay	23
14986	Stand resto - Encaissement	21	172	2	Normal	Frédéric Loussouarn Anne Calvarin Carinne Abdebreiman Sebastien Leblay	23
14987	Stand resto - Encaissement	21	196	2	Normal	Frédéric Loussouarn Anne Calvarin Carinne Abdebreiman Sebastien Leblay	23
14988	Stand resto - Encaissement	21	197	2	Normal	Frédéric Loussouarn Anne Calvarin Carinne Abdebreiman Sebastien Leblay	23
14989	Stand resto - Encaissement	21	146	1	Normal	Frédéric Loussouarn Anne Calvarin Carinne Abdebreiman Sebastien Leblay	23
14990	Stand resto - Encaissement	21	174	2	Normal	Frédéric Loussouarn Anne Calvarin Carinne Abdebreiman Sebastien Leblay	23
14991	Stand resto - Encaissement	21	175	2	Normal	Frédéric Loussouarn Anne Calvarin Carinne Abdebreiman Sebastien Leblay	23
14992	Stand resto - Encaissement	21	176	2	Normal	Frédéric Loussouarn Anne Calvarin Carinne Abdebreiman Sebastien Leblay	23
14993	Stand resto - Encaissement	21	177	2	Normal	Frédéric Loussouarn Anne Calvarin Carinne Abdebreiman Sebastien Leblay	23
14994	Stand resto - Encaissement	21	198	2	Normal	Frédéric Loussouarn Anne Calvarin Carinne Abdebreiman Sebastien Leblay	23
14995	Stand resto - Encaissement	21	199	2	Normal	Frédéric Loussouarn Anne Calvarin Carinne Abdebreiman Sebastien Leblay	23
14996	Stand resto - service	21	171	1	Normal	Frédéric Loussouarn Anne Calvarin Carinne Abdebreiman Sebastien Leblay	24
14997	Stand resto - service	21	179	6	Normal	Frédéric Loussouarn Anne Calvarin Carinne Abdebreiman Sebastien Leblay	24
14998	Stand resto - service	21	172	5	Normal	Frédéric Loussouarn Anne Calvarin Carinne Abdebreiman Sebastien Leblay	24
14999	Stand resto - service	21	196	6	Normal	Frédéric Loussouarn Anne Calvarin Carinne Abdebreiman Sebastien Leblay	24
15000	Stand resto - service	21	197	4	Normal	Frédéric Loussouarn Anne Calvarin Carinne Abdebreiman Sebastien Leblay	24
15001	Stand resto - service	21	146	2	Normal	Frédéric Loussouarn Anne Calvarin Carinne Abdebreiman Sebastien Leblay	24
15002	Stand resto - service	21	174	2	Normal	Frédéric Loussouarn Anne Calvarin Carinne Abdebreiman Sebastien Leblay	24
15003	Stand resto - service	21	175	3	Normal	Frédéric Loussouarn Anne Calvarin Carinne Abdebreiman Sebastien Leblay	24
15004	Stand resto - service	21	176	5	Normal	Frédéric Loussouarn Anne Calvarin Carinne Abdebreiman Sebastien Leblay	24
15005	Stand resto - service	21	177	5	Normal	Frédéric Loussouarn Anne Calvarin Carinne Abdebreiman Sebastien Leblay	24
15006	Stand resto - service	21	198	5	Normal	Frédéric Loussouarn Anne Calvarin Carinne Abdebreiman Sebastien Leblay	24
15007	Stand resto - service	21	199	4	Normal	Frédéric Loussouarn Anne Calvarin Carinne Abdebreiman Sebastien Leblay	24
15008	Stand resto - assemblage / prépa	21	171	2	Normal	Frédéric Loussouarn Anne Calvarin Carinne Abdebreiman Sebastien Leblay	25
15009	Stand resto - assemblage / prépa	21	179	5	Normal	Frédéric Loussouarn Anne Calvarin Carinne Abdebreiman Sebastien Leblay	25
15010	Stand resto - assemblage / prépa	21	172	5	Normal	Frédéric Loussouarn Anne Calvarin Carinne Abdebreiman Sebastien Leblay	25
15011	Stand resto - assemblage / prépa	21	196	5	Normal	Frédéric Loussouarn Anne Calvarin Carinne Abdebreiman Sebastien Leblay	25
15012	Stand resto - assemblage / prépa	21	146	3	Normal	Frédéric Loussouarn Anne Calvarin Carinne Abdebreiman Sebastien Leblay	25
15013	Stand resto - assemblage / prépa	21	174	2	Normal	Frédéric Loussouarn Anne Calvarin Carinne Abdebreiman Sebastien Leblay	25
15065	Catering (super-bénévoles)	22	163	2	Specialise	Christelle Guiavarch Ludovic Guiavarch	30
15014	Stand resto - assemblage / prépa	21	175	3	Normal	Frédéric Loussouarn Anne Calvarin Carinne Abdebreiman Sebastien Leblay	25
15015	Stand resto - assemblage / prépa	21	176	5	Normal	Frédéric Loussouarn Anne Calvarin Carinne Abdebreiman Sebastien Leblay	25
15016	Stand resto - assemblage / prépa	21	177	6	Normal	Frédéric Loussouarn Anne Calvarin Carinne Abdebreiman Sebastien Leblay	25
15017	Stand resto - assemblage / prépa	21	198	5	Normal	Frédéric Loussouarn Anne Calvarin Carinne Abdebreiman Sebastien Leblay	25
15018	Stand resto - frites	21	171	1	Normal	Frédéric Loussouarn Anne Calvarin Carinne Abdebreiman Sebastien Leblay	26
15019	Stand resto - frites	21	179	2	Normal	Frédéric Loussouarn Anne Calvarin Carinne Abdebreiman Sebastien Leblay	26
15020	Stand resto - frites	21	172	2	Normal	Frédéric Loussouarn Anne Calvarin Carinne Abdebreiman Sebastien Leblay	26
15021	Stand resto - frites	21	196	2	Normal	Frédéric Loussouarn Anne Calvarin Carinne Abdebreiman Sebastien Leblay	26
15022	Stand resto - frites	21	197	2	Normal	Frédéric Loussouarn Anne Calvarin Carinne Abdebreiman Sebastien Leblay	26
15023	Stand resto - frites	21	146	1	Normal	Frédéric Loussouarn Anne Calvarin Carinne Abdebreiman Sebastien Leblay	26
15024	Stand resto - frites	21	174	1	Normal	Frédéric Loussouarn Anne Calvarin Carinne Abdebreiman Sebastien Leblay	26
15025	Stand resto - frites	21	175	1	Normal	Frédéric Loussouarn Anne Calvarin Carinne Abdebreiman Sebastien Leblay	26
15026	Stand resto - frites	21	176	2	Normal	Frédéric Loussouarn Anne Calvarin Carinne Abdebreiman Sebastien Leblay	26
15027	Stand resto - frites	21	177	2	Normal	Frédéric Loussouarn Anne Calvarin Carinne Abdebreiman Sebastien Leblay	26
15028	Stand resto - frites	21	198	2	Normal	Frédéric Loussouarn Anne Calvarin Carinne Abdebreiman Sebastien Leblay	26
15029	Stand resto - frites	21	199	2	Normal	Frédéric Loussouarn Anne Calvarin Carinne Abdebreiman Sebastien Leblay	26
15030	Stand resto - cuisson frites	21	171	5	Normal	Frédéric Loussouarn Anne Calvarin Carinne Abdebreiman Sebastien Leblay	27
15031	Stand resto - cuisson frites	21	179	4	Normal	Frédéric Loussouarn Anne Calvarin Carinne Abdebreiman Sebastien Leblay	27
15032	Stand resto - cuisson frites	21	172	4	Normal	Frédéric Loussouarn Anne Calvarin Carinne Abdebreiman Sebastien Leblay	27
15033	Stand resto - cuisson frites	21	196	4	Normal	Frédéric Loussouarn Anne Calvarin Carinne Abdebreiman Sebastien Leblay	27
15034	Stand resto - cuisson frites	21	197	4	Normal	Frédéric Loussouarn Anne Calvarin Carinne Abdebreiman Sebastien Leblay	27
15035	Stand resto - cuisson frites	21	146	4	Normal	Frédéric Loussouarn Anne Calvarin Carinne Abdebreiman Sebastien Leblay	27
15036	Stand resto - cuisson frites	21	174	5	Normal	Frédéric Loussouarn Anne Calvarin Carinne Abdebreiman Sebastien Leblay	27
15037	Stand resto - cuisson frites	21	175	4	Normal	Frédéric Loussouarn Anne Calvarin Carinne Abdebreiman Sebastien Leblay	27
15038	Stand resto - cuisson frites	21	176	4	Normal	Frédéric Loussouarn Anne Calvarin Carinne Abdebreiman Sebastien Leblay	27
15039	Stand resto - cuisson frites	21	177	4	Normal	Frédéric Loussouarn Anne Calvarin Carinne Abdebreiman Sebastien Leblay	27
15040	Stand resto - cuisson frites	21	198	4	Normal	Frédéric Loussouarn Anne Calvarin Carinne Abdebreiman Sebastien Leblay	27
15041	Stand resto - cuisson frites	21	199	4	Normal	Frédéric Loussouarn Anne Calvarin Carinne Abdebreiman Sebastien Leblay	27
15042	Caravane WH - Dessert/Crêpes	21	171	2	Normal	Frédéric Loussouarn Anne Calvarin Carinne Abdebreiman Sebastien Leblay	28
15043	Caravane WH - Dessert/Crêpes	21	179	2	Normal	Frédéric Loussouarn Anne Calvarin Carinne Abdebreiman Sebastien Leblay	28
15044	Caravane WH - Dessert/Crêpes	21	172	2	Normal	Frédéric Loussouarn Anne Calvarin Carinne Abdebreiman Sebastien Leblay	28
15045	Caravane WH - Dessert/Crêpes	21	196	2	Normal	Frédéric Loussouarn Anne Calvarin Carinne Abdebreiman Sebastien Leblay	28
15046	Caravane WH - Dessert/Crêpes	21	197	2	Normal	Frédéric Loussouarn Anne Calvarin Carinne Abdebreiman Sebastien Leblay	28
15047	Caravane WH - Dessert/Crêpes	21	146	2	Normal	Frédéric Loussouarn Anne Calvarin Carinne Abdebreiman Sebastien Leblay	28
15048	Caravane WH - Dessert/Crêpes	21	174	2	Normal	Frédéric Loussouarn Anne Calvarin Carinne Abdebreiman Sebastien Leblay	28
15049	Caravane WH - Dessert/Crêpes	21	175	2	Normal	Frédéric Loussouarn Anne Calvarin Carinne Abdebreiman Sebastien Leblay	28
15050	Caravane WH - Dessert/Crêpes	21	176	2	Normal	Frédéric Loussouarn Anne Calvarin Carinne Abdebreiman Sebastien Leblay	28
15051	Caravane WH - Dessert/Crêpes	21	177	2	Normal	Frédéric Loussouarn Anne Calvarin Carinne Abdebreiman Sebastien Leblay	28
15052	Caravane WH - Dessert/Crêpes	21	198	2	Normal	Frédéric Loussouarn Anne Calvarin Carinne Abdebreiman Sebastien Leblay	28
15053	Caravane WH - Dessert/Crêpes	21	199	2	Normal	Frédéric Loussouarn Anne Calvarin Carinne Abdebreiman Sebastien Leblay	28
15054	Vaisselle / plonge	21	172	4	Normal	Frédéric Loussouarn Anne Calvarin Carinne Abdebreiman Sebastien Leblay	29
15055	Vaisselle / plonge	21	196	4	Normal	Frédéric Loussouarn Anne Calvarin Carinne Abdebreiman Sebastien Leblay	29
15056	Vaisselle / plonge	21	159	4	Normal	Frédéric Loussouarn Anne Calvarin Carinne Abdebreiman Sebastien Leblay	29
15057	Vaisselle / plonge	21	194	4	Normal	Frédéric Loussouarn Anne Calvarin Carinne Abdebreiman Sebastien Leblay	29
15058	Vaisselle / plonge	21	195	6	Normal	Frédéric Loussouarn Anne Calvarin Carinne Abdebreiman Sebastien Leblay	29
15059	Vaisselle / plonge	21	177	4	Normal	Frédéric Loussouarn Anne Calvarin Carinne Abdebreiman Sebastien Leblay	29
15060	Vaisselle / plonge	21	198	4	Normal	Frédéric Loussouarn Anne Calvarin Carinne Abdebreiman Sebastien Leblay	29
15061	Vaisselle / plonge	21	199	4	Normal	Frédéric Loussouarn Anne Calvarin Carinne Abdebreiman Sebastien Leblay	29
15062	Vaisselle / plonge	21	193	4	Normal	Frédéric Loussouarn Anne Calvarin Carinne Abdebreiman Sebastien Leblay	29
15063	Vaisselle / plonge	21	200	4	Normal	Frédéric Loussouarn Anne Calvarin Carinne Abdebreiman Sebastien Leblay	29
15064	Catering (super-bénévoles)	22	201	2	Specialise	Christelle Guiavarch Ludovic Guiavarch	30
15134	Accueil, merch, com	26	176	2	Normal	Estelle Bruzac Marc Hervé	41
15066	Catering (super-bénévoles)	22	164	1	Specialise	Christelle Guiavarch Ludovic Guiavarch	30
15067	Catering (super-bénévoles)	22	202	3	Specialise	Christelle Guiavarch Ludovic Guiavarch	30
15068	Catering (super-bénévoles)	22	167	1	Specialise	Christelle Guiavarch Ludovic Guiavarch	30
15069	Catering (super-bénévoles)	22	168	2	Specialise	Christelle Guiavarch Ludovic Guiavarch	30
15070	Catering	22	201	1	Normal	Christelle Guiavarch Ludovic Guiavarch	31
15071	Catering	22	163	2	Normal	Christelle Guiavarch Ludovic Guiavarch	31
15072	Catering	22	164	3	Normal	Christelle Guiavarch Ludovic Guiavarch	31
15073	Catering	22	202	1	Normal	Christelle Guiavarch Ludovic Guiavarch	31
15074	Catering	22	167	3	Normal	Christelle Guiavarch Ludovic Guiavarch	31
15075	Catering	22	168	2	Normal	Christelle Guiavarch Ludovic Guiavarch	31
15076	Ticketterie (super bénévoles)	23	179	4	Specialise	Magali Bihannic Baptiste Le Masson	32
15077	Ticketterie (super bénévoles)	23	172	5	Specialise	Magali Bihannic Baptiste Le Masson	32
15078	Ticketterie (super bénévoles)	23	196	5	Specialise	Magali Bihannic Baptiste Le Masson	32
15079	Ticketterie (super bénévoles)	23	197	1	Specialise	Magali Bihannic Baptiste Le Masson	32
15080	Ticketterie (super bénévoles)	23	174	2	Specialise	Magali Bihannic Baptiste Le Masson	32
15081	Ticketterie (super bénévoles)	23	175	4	Specialise	Magali Bihannic Baptiste Le Masson	32
15082	Ticketterie (super bénévoles)	23	176	5	Specialise	Magali Bihannic Baptiste Le Masson	32
15083	Ticketterie (super bénévoles)	23	177	5	Specialise	Magali Bihannic Baptiste Le Masson	32
15084	Ticketterie (super bénévoles)	23	198	4	Specialise	Magali Bihannic Baptiste Le Masson	32
15085	Ticketterie (super bénévoles)	23	199	1	Specialise	Magali Bihannic Baptiste Le Masson	32
15086	Camping	24	170	4	Normal	André Normand Didier Blanc	33
15087	Camping	24	171	4	Normal	André Normand Didier Blanc	33
15088	Camping	24	172	2	Normal	André Normand Didier Blanc	33
15089	Camping	24	196	2	Normal	André Normand Didier Blanc	33
15090	Camping	24	203	2	Normal	André Normand Didier Blanc	33
15091	Camping	24	204	2	Normal	André Normand Didier Blanc	33
15092	Camping	24	194	2	Normal	André Normand Didier Blanc	33
15093	Camping	24	195	2	Normal	André Normand Didier Blanc	33
15094	Camping	24	165	2	Normal	André Normand Didier Blanc	33
15095	Camping	24	167	2	Normal	André Normand Didier Blanc	33
15096	Camping	24	168	2	Normal	André Normand Didier Blanc	33
15097	Camping	24	185	2	Normal	André Normand Didier Blanc	33
15098	Camping	24	186	2	Normal	André Normand Didier Blanc	33
15099	Camping	24	187	2	Normal	André Normand Didier Blanc	33
15100	Camping	24	205	2	Normal	André Normand Didier Blanc	33
15101	Camping	24	193	2	Normal	André Normand Didier Blanc	33
15102	Camping	24	206	2	Normal	André Normand Didier Blanc	33
15103	Chap anim (Arbre soleil, podcast mediation, etc...)	25	173	2	Normal	Nina Faidy Thomas Uboldi Nolwenn Hamon Marc Hervé	34
15104	Chap anim (Arbre soleil, podcast mediation, etc...)	25	174	2	Normal	Nina Faidy Thomas Uboldi Nolwenn Hamon Marc Hervé	34
15105	Chap anim (Arbre soleil, podcast mediation, etc...)	25	175	2	Normal	Nina Faidy Thomas Uboldi Nolwenn Hamon Marc Hervé	34
15106	Chap anim (Arbre soleil, podcast mediation, etc...)	25	176	2	Normal	Nina Faidy Thomas Uboldi Nolwenn Hamon Marc Hervé	34
15107	Chap anim (Arbre soleil, podcast mediation, etc...)	25	177	2	Normal	Nina Faidy Thomas Uboldi Nolwenn Hamon Marc Hervé	34
15108	Freep + brouette à disques (ven/sam)	25	171	2	Normal	Nina Faidy Thomas Uboldi Nolwenn Hamon Marc Hervé	35
15109	Freep + brouette à disques (ven/sam)	25	179	2	Normal	Nina Faidy Thomas Uboldi Nolwenn Hamon Marc Hervé	35
15110	Freep + brouette à disques (ven/sam)	25	172	2	Normal	Nina Faidy Thomas Uboldi Nolwenn Hamon Marc Hervé	35
15111	Freep + brouette à disques (ven/sam)	25	165	2	Normal	Nina Faidy Thomas Uboldi Nolwenn Hamon Marc Hervé	35
15112	Freep + brouette à disques (ven/sam)	25	166	2	Normal	Nina Faidy Thomas Uboldi Nolwenn Hamon Marc Hervé	35
15113	Freep + brouette à disques (ven/sam)	25	167	2	Normal	Nina Faidy Thomas Uboldi Nolwenn Hamon Marc Hervé	35
15114	Freep + brouette à disques (ven/sam)	25	207	2	Normal	Nina Faidy Thomas Uboldi Nolwenn Hamon Marc Hervé	35
15115	Pailettes (sur site)	25	163	1	Normal	Nina Faidy Thomas Uboldi Nolwenn Hamon Marc Hervé	36
15116	Pailettes (sur site)	25	164	2	Normal	Nina Faidy Thomas Uboldi Nolwenn Hamon Marc Hervé	36
15117	Pailettes (sur site)	25	165	1	Normal	Nina Faidy Thomas Uboldi Nolwenn Hamon Marc Hervé	36
15118	Pailettes (sur site)	25	166	2	Normal	Nina Faidy Thomas Uboldi Nolwenn Hamon Marc Hervé	36
15119	Pailettes (sur site)	25	167	1	Normal	Nina Faidy Thomas Uboldi Nolwenn Hamon Marc Hervé	36
15120	Pailettes (sur site)	25	207	2	Normal	Nina Faidy Thomas Uboldi Nolwenn Hamon Marc Hervé	36
15121	Blind Fest (camping)	25	189	1	Specialise	Nina Faidy Thomas Uboldi Nolwenn Hamon Marc Hervé	37
15122	Jeux en bois	25	173	2	Normal	Nina Faidy Thomas Uboldi Nolwenn Hamon Marc Hervé	38
15123	Jeux en bois	25	174	2	Normal	Nina Faidy Thomas Uboldi Nolwenn Hamon Marc Hervé	38
15124	Jeux en bois	25	175	2	Normal	Nina Faidy Thomas Uboldi Nolwenn Hamon Marc Hervé	38
15125	Jeux en bois	25	176	4	Normal	Nina Faidy Thomas Uboldi Nolwenn Hamon Marc Hervé	38
15126	Spectacle de danse (samedi sur le site)	25	208	2	Specialise	Nina Faidy Thomas Uboldi Nolwenn Hamon Marc Hervé	39
15127	Spectacle de danse (dimanche lieu secret)	25	209	2	Specialise	Nina Faidy Thomas Uboldi Nolwenn Hamon Marc Hervé	40
15128	Accueil, merch, com	26	154	2	Normal	Estelle Bruzac Marc Hervé	41
15129	Accueil, merch, com	26	179	2	Normal	Estelle Bruzac Marc Hervé	41
15130	Accueil, merch, com	26	172	2	Normal	Estelle Bruzac Marc Hervé	41
15131	Accueil, merch, com	26	197	2	Normal	Estelle Bruzac Marc Hervé	41
15132	Accueil, merch, com	26	173	2	Normal	Estelle Bruzac Marc Hervé	41
15133	Accueil, merch, com	26	175	2	Normal	Estelle Bruzac Marc Hervé	41
15136	Accueil, merch, com	26	199	2	Normal	Estelle Bruzac Marc Hervé	41
15137	Retours consignes	26	172	2	Normal	Estelle Bruzac Marc Hervé	42
15138	Retours consignes	26	196	3	Normal	Estelle Bruzac Marc Hervé	42
15139	Retours consignes	26	197	3	Normal	Estelle Bruzac Marc Hervé	42
15140	Retours consignes	26	176	2	Normal	Estelle Bruzac Marc Hervé	42
15141	Retours consignes	26	177	2	Normal	Estelle Bruzac Marc Hervé	42
15142	Retours consignes	26	198	3	Normal	Estelle Bruzac Marc Hervé	42
15143	Retours consignes	26	199	3	Normal	Estelle Bruzac Marc Hervé	42
15144	Accueil accréd (artistes, tech, assos etc)	27	210	1	Specialise	Baptiste Le Masson	43
15145	Accueil accréd (artistes, tech, assos etc)	27	211	1	Specialise	Baptiste Le Masson	43
15146	Accueil accréd (artistes, tech, assos etc)	27	180	1	Specialise	Baptiste Le Masson	43
15147	Accueil accréd (artistes, tech, assos etc)	27	181	1	Specialise	Baptiste Le Masson	43
15148	Accueil accréd (artistes, tech, assos etc)	27	163	1	Specialise	Baptiste Le Masson	43
15149	Accueil accréd (artistes, tech, assos etc)	27	164	1	Specialise	Baptiste Le Masson	43
15150	Accueil accréd (artistes, tech, assos etc)	27	182	1	Specialise	Baptiste Le Masson	43
15151	Accueil accréd (artistes, tech, assos etc)	27	188	1	Specialise	Baptiste Le Masson	43
15152	Accueil accréd (artistes, tech, assos etc)	27	189	1	Specialise	Baptiste Le Masson	43
15153	Accueil accréd (artistes, tech, assos etc)	27	173	1	Specialise	Baptiste Le Masson	43
15154	Accueil accréd (artistes, tech, assos etc)	27	174	1	Specialise	Baptiste Le Masson	43
15155	Accueil accréd (artistes, tech, assos etc)	27	175	1	Specialise	Baptiste Le Masson	43
15156	Accueil accréd (artistes, tech, assos etc)	27	176	1	Specialise	Baptiste Le Masson	43
15157	Accueil bénévoles	27	210	1	Specialise	Charles Flamanc, Marine Rabelle, Cécile Helleringer	44
15158	Accueil bénévoles	27	211	2	Specialise	Charles Flamanc, Marine Rabelle, Cécile Helleringer	44
15159	Accueil bénévoles	27	180	3	Specialise	Charles Flamanc, Marine Rabelle, Cécile Helleringer	44
15160	Accueil bénévoles	27	181	3	Specialise	Charles Flamanc, Marine Rabelle, Cécile Helleringer	44
15161	Accueil bénévoles	27	163	3	Specialise	Charles Flamanc, Marine Rabelle, Cécile Helleringer	44
15162	Accueil bénévoles	27	164	2	Specialise	Charles Flamanc, Marine Rabelle, Cécile Helleringer	44
15163	Accueil bénévoles	27	182	1	Specialise	Charles Flamanc, Marine Rabelle, Cécile Helleringer	44
15164	Accueil bénévoles	27	188	1	Specialise	Charles Flamanc, Marine Rabelle, Cécile Helleringer	44
15165	Accueil bénévoles	27	189	2	Specialise	Charles Flamanc, Marine Rabelle, Cécile Helleringer	44
15166	Accueil bénévoles	27	173	2	Specialise	Charles Flamanc, Marine Rabelle, Cécile Helleringer	44
15167	Accueil bénévoles	27	174	2	Specialise	Charles Flamanc, Marine Rabelle, Cécile Helleringer	44
15168	Accueil bénévoles	27	175	2	Specialise	Charles Flamanc, Marine Rabelle, Cécile Helleringer	44
15169	Accueil bénévoles	27	176	1	Specialise	Charles Flamanc, Marine Rabelle, Cécile Helleringer	44
15170	Bénévoles volants	28	180	2	Specialise	Charles Flamanc, Marine Rabelle, Cécile Helleringer	45
15171	Bénévoles volants	28	181	2	Specialise	Charles Flamanc, Marine Rabelle, Cécile Helleringer	45
15172	Bénévoles volants	28	163	2	Specialise	Charles Flamanc, Marine Rabelle, Cécile Helleringer	45
15173	Bénévoles volants	28	164	2	Specialise	Charles Flamanc, Marine Rabelle, Cécile Helleringer	45
15174	Bénévoles volants	28	182	2	Specialise	Charles Flamanc, Marine Rabelle, Cécile Helleringer	45
15175	Bénévoles volants	28	183	2	Specialise	Charles Flamanc, Marine Rabelle, Cécile Helleringer	45
15176	Bénévoles volants	28	194	2	Specialise	Charles Flamanc, Marine Rabelle, Cécile Helleringer	45
15177	Bénévoles volants	28	195	2	Specialise	Charles Flamanc, Marine Rabelle, Cécile Helleringer	45
15178	Bénévoles volants	28	165	2	Specialise	Charles Flamanc, Marine Rabelle, Cécile Helleringer	45
15179	Bénévoles volants	28	166	2	Specialise	Charles Flamanc, Marine Rabelle, Cécile Helleringer	45
15180	Bénévoles volants	28	167	2	Specialise	Charles Flamanc, Marine Rabelle, Cécile Helleringer	45
15181	Bénévoles volants	28	168	2	Specialise	Charles Flamanc, Marine Rabelle, Cécile Helleringer	45
15182	Bénévoles volants	28	185	2	Specialise	Charles Flamanc, Marine Rabelle, Cécile Helleringer	45
15183	Bénévoles volants	28	186	2	Specialise	Charles Flamanc, Marine Rabelle, Cécile Helleringer	45
15184	Bénévoles bien estar	28	180	2	Specialise	Charles Flamanc, Marine Rabelle, Cécile Helleringer	46
15185	Bénévoles bien estar	28	181	3	Specialise	Charles Flamanc, Marine Rabelle, Cécile Helleringer	46
15186	Bénévoles bien estar	28	163	2	Specialise	Charles Flamanc, Marine Rabelle, Cécile Helleringer	46
15187	Bénévoles bien estar	28	164	3	Specialise	Charles Flamanc, Marine Rabelle, Cécile Helleringer	46
15188	Bénévoles bien estar	28	182	3	Specialise	Charles Flamanc, Marine Rabelle, Cécile Helleringer	46
15189	Bénévoles bien estar	28	183	3	Specialise	Charles Flamanc, Marine Rabelle, Cécile Helleringer	46
15190	Bénévoles bien estar	28	165	2	Specialise	Charles Flamanc, Marine Rabelle, Cécile Helleringer	46
15191	Bénévoles bien estar	28	166	3	Specialise	Charles Flamanc, Marine Rabelle, Cécile Helleringer	46
15192	Bénévoles bien estar	28	167	2	Specialise	Charles Flamanc, Marine Rabelle, Cécile Helleringer	46
15193	Bénévoles bien estar	28	168	3	Specialise	Charles Flamanc, Marine Rabelle, Cécile Helleringer	46
15194	Bénévoles bien estar	28	185	3	Specialise	Charles Flamanc, Marine Rabelle, Cécile Helleringer	46
15195	Bénévoles bien estar	28	186	3	Specialise	Charles Flamanc, Marine Rabelle, Cécile Helleringer	46
15196	Transport tables, bancs et chaises et tonnelles vers port puis montage	29	212	4	Normal	Jessy	47
15197	Démontage lights site	29	212	2	Normal	Flo	48
15198	Montage buvettes bar	29	212	3	Normal	Jessy	49
15199	Transport mobilier palettes vers le Port	29	212	2	Normal	Noé, Loïc	50
\.


--
-- Data for Name: mail_templates; Type: TABLE DATA; Schema: public; Owner: malob
--

COPY public.mail_templates (id, title, subject, content, is_active, created_at, updated_at) FROM stdin;
31dafcb5-688a-47c6-88a2-589ed711c83d	Envoi Planning - V1	Envoi des plannings - {{festival_nom}}	<h2><span style="color: rgb(0, 128, 0);">Oyez Oyez</span></h2>Salut <b style="color: rgb(65, 117, 200);">{{prenom}}</b> !<div>Le festival se rapproche, on t'a donc fait planning aux petits ognons pour ce fameux weekend !<br>Tu le trouveras en pièce-jointe.</div><div>A bientôt pour {{festival_nom}}<br><span style="color: rgb(128, 0, 128);">rendez-vous {{festival_dates}} au {{festival_lieu}} de {{festival_ville}} !</span><br>🌊🌊</div>	t	2026-04-07 14:27:46.299865+00	2026-04-07 14:32:51.071193+00
\.


--
-- Data for Name: preferences; Type: TABLE DATA; Schema: public; Owner: malob
--

COPY public.preferences (id, label) FROM stdin;
2	Accueil du public
4	Logistique
1	Ravitaillement
3	Vie sur site
\.


--
-- Data for Name: slots; Type: TABLE DATA; Schema: public; Owner: malob
--

COPY public.slots (id, day_index, start_time, end_time) FROM stdin;
108	0	15	16
109	0	14	15
110	1	14	15
111	1	9	10
112	2	15	16
113	0	9	10
114	1	15	16
115	1	17	18
116	1	20	21
117	0	18	19
118	2	21	22
119	2	9	10
120	1	10	11
121	0	11	12
122	0	8	9
123	0	19	20
124	0	10	11
125	2	11	12
126	1	8	9
127	2	19	20
128	1	13	14
129	2	14	15
130	4	15	16
131	4	19	20
132	4	8	9
133	5	15	16
134	5	13	14
135	6	19	20
136	4	11	12
137	6	14	15
138	6	9	10
139	4	10	11
140	4	9	10
141	5	9	10
142	5	10	11
143	5	8	9
144	6	18	19
145	6	15	16
146	5	14	15
147	5	17	18
148	6	21	22
149	4	14	15
150	6	11	12
151	4	16	17
152	6	10	11
153	5	20	21
154	4	18	19
155	6	20	21
156	5	25	26
157	5	26	27
158	4	24	25
159	4	25	26
160	4	12	13
161	4	26	27
162	4	17	18
163	4	18	20
164	4	20	22
165	5	14	16
166	5	16	18
167	5	18	20
168	5	20	22
169	4	13	15
170	4	15	17
171	4	17	19
172	4	21	23
173	5	13	15
174	5	15	17
175	5	17	19
176	5	19	21
177	5	21	23
178	6	13	15
179	4	19	21
180	4	14	16
181	4	16	18
182	4	22	24
183	4	24	26
184	4	26	28
185	5	22	24
186	5	24	26
187	5	26	28
188	5	9	11
189	5	11	13
190	6	9	11
191	6	11	13
192	4	17	21
193	6	10	12
194	5	10	12
195	5	12	14
196	4	23	25
197	4	25	27
198	5	23	25
199	5	25	27
200	6	12	13
201	4	12	15
202	5	12	15
203	4	27	28
204	5	8	10
205	6	8	10
206	6	12	14
207	5	20	23
208	5	16	20
209	6	10	14
210	4	10	12
211	4	12	14
212	6	9	13
213	3	15	16
214	3	16	17
215	3	17	18
216	3	18	19
217	3	19	20
218	3	20	21
219	3	21	22
220	3	22	23
221	3	23	24
222	3	24	25
223	3	25	26
224	3	26	27
225	3	27	28
226	3	28	29
227	4	13	14
228	4	20	21
229	4	21	22
230	4	22	23
231	4	23	24
232	4	28	29
233	5	11	12
234	5	12	13
235	5	16	17
236	5	18	19
237	5	19	20
238	5	21	22
239	5	22	23
240	5	23	24
241	5	24	25
242	5	27	28
243	5	28	29
244	6	8	9
245	6	13	14
246	6	16	17
247	6	17	18
248	3	9	10
249	3	10	11
250	3	11	12
251	3	12	13
252	3	13	14
253	3	14	15
254	6	22	23
255	6	23	24
256	6	24	25
257	6	25	26
258	6	26	27
259	6	27	28
260	6	28	29
261	7	8	9
262	7	9	10
263	7	10	11
264	7	11	12
265	7	12	13
266	7	13	14
267	7	14	15
268	7	15	16
269	7	16	17
270	7	17	18
271	3	29	30
272	5	29	30
273	4	29	30
274	6	29	30
275	7	18	19
276	7	19	20
277	7	20	21
279	7	22	23
281	3	8	9
278	7	21	22
280	7	23	24
\.


--
-- Data for Name: subtasks; Type: TABLE DATA; Schema: public; Owner: malob
--

COPY public.subtasks (id, task_id, title, is_completed, "position") FROM stdin;
1874	295ae26c-6c21-44b9-a233-d032d637bcf2	supprimer les postes spécialisés de la PJ planning global	t	0
1875	295ae26c-6c21-44b9-a233-d032d637bcf2	score de satisfaction non-initialisé coté front	t	0
1876	295ae26c-6c21-44b9-a233-d032d637bcf2	logique de poste consécutif satisfaction	f	0
\.


--
-- Data for Name: tags; Type: TABLE DATA; Schema: public; Owner: malob
--

COPY public.tags (id, name, color_hex) FROM stdin;
1	Développement	#f06c14
2	Intégration	#ee20c8
3	Backend	#22d3ee
4	Frontend	#4ed477
6	Noyau Fonctionnel	#c40808
8	FANUC	#f4e006
9	Horizons	#3b82f6
\.


--
-- Data for Name: task_attachments; Type: TABLE DATA; Schema: public; Owner: malob
--

COPY public.task_attachments (id, task_id, uploader_id, file_name, file_url, uploaded_at) FROM stdin;
\.


--
-- Data for Name: task_comments; Type: TABLE DATA; Schema: public; Owner: malob
--

COPY public.task_comments (id, task_id, author_id, content, created_at, updated_at) FROM stdin;
\.


--
-- Data for Name: task_tags; Type: TABLE DATA; Schema: public; Owner: malob
--

COPY public.task_tags (task_id, tag_id) FROM stdin;
295ae26c-6c21-44b9-a233-d032d637bcf2	9
295ae26c-6c21-44b9-a233-d032d637bcf2	1
\.


--
-- Data for Name: tasks; Type: TABLE DATA; Schema: public; Owner: malob
--

COPY public.tasks (id, title, description, type, status, priority, creator_id, assignee_id, due_date, opened_at, verification_opened_at, closed_at, google_calendar_event_id) FROM stdin;
295ae26c-6c21-44b9-a233-d032d637bcf2	Correctifs V1	<h1><span style="color: rgb(0, 0, 255);">Voir sous-tâches</span></h1>	STANDARD	OPEN	MEDIUM	0d9b1387-fc4d-4f21-aa5f-ce264f710055	0d9b1387-fc4d-4f21-aa5f-ce264f710055	\N	2026-04-20 16:26:09.965768+00	\N	\N	\N
\.


--
-- Data for Name: users; Type: TABLE DATA; Schema: public; Owner: malob
--

COPY public.users (id, username, email, password_hash, google_sub, role, profile_picture_url, calendar_id) FROM stdin;
0d9b1387-fc4d-4f21-aa5f-ce264f710055	Malo	malo.babinot@gmail.com	$2b$12$HTkM8AIhARsHumYQiK8O6uH65/XMlvKnQwVTbk4xVExDdQxgj2IlG	111836211255536956536	user	https://res.cloudinary.com/dz8tj03xd/image/upload/v1774276282/horizons/avatars/me1g3ct1nrvsgz7mqwh3.png	\N
\.


--
-- Data for Name: volunteer_preferences; Type: TABLE DATA; Schema: public; Owner: malob
--

COPY public.volunteer_preferences (volunteer_id, preference_id, rank) FROM stdin;
d4575e05-4ecc-4622-acab-eae2d08229e0	1	1
d4575e05-4ecc-4622-acab-eae2d08229e0	4	2
d4575e05-4ecc-4622-acab-eae2d08229e0	3	3
d4575e05-4ecc-4622-acab-eae2d08229e0	2	4
d254140e-a0d6-4f06-878c-297d33686dba	1	1
d254140e-a0d6-4f06-878c-297d33686dba	2	2
d254140e-a0d6-4f06-878c-297d33686dba	3	3
d254140e-a0d6-4f06-878c-297d33686dba	4	4
d0779109-fb14-4088-b083-fd8beece50ba	1	1
d0779109-fb14-4088-b083-fd8beece50ba	2	2
d0779109-fb14-4088-b083-fd8beece50ba	4	3
d0779109-fb14-4088-b083-fd8beece50ba	3	4
66818bf8-46a4-43a1-b81e-6b1c28f0d967	3	1
66818bf8-46a4-43a1-b81e-6b1c28f0d967	1	2
66818bf8-46a4-43a1-b81e-6b1c28f0d967	4	3
66818bf8-46a4-43a1-b81e-6b1c28f0d967	2	4
4051331f-0326-4f70-824d-90a9564ad6f4	3	1
4051331f-0326-4f70-824d-90a9564ad6f4	1	2
4051331f-0326-4f70-824d-90a9564ad6f4	2	3
4051331f-0326-4f70-824d-90a9564ad6f4	4	4
5547be7c-7bb6-4d17-8486-a5083725899a	3	1
5547be7c-7bb6-4d17-8486-a5083725899a	1	2
5547be7c-7bb6-4d17-8486-a5083725899a	4	3
5547be7c-7bb6-4d17-8486-a5083725899a	2	4
80f471c4-4565-4bc5-9642-9e750da09e45	1	1
80f471c4-4565-4bc5-9642-9e750da09e45	3	2
80f471c4-4565-4bc5-9642-9e750da09e45	2	3
80f471c4-4565-4bc5-9642-9e750da09e45	4	4
f3c15667-5a3c-4c0b-973b-7cb3cc2cc488	1	1
f3c15667-5a3c-4c0b-973b-7cb3cc2cc488	4	2
f3c15667-5a3c-4c0b-973b-7cb3cc2cc488	3	3
f3c15667-5a3c-4c0b-973b-7cb3cc2cc488	2	4
a6c0b839-a2a4-4d6f-a0a0-2d786f78bb34	1	1
a6c0b839-a2a4-4d6f-a0a0-2d786f78bb34	3	2
a6c0b839-a2a4-4d6f-a0a0-2d786f78bb34	2	3
a6c0b839-a2a4-4d6f-a0a0-2d786f78bb34	4	4
9d32d9d1-455e-4b38-ba62-7e3243b78f17	1	1
9d32d9d1-455e-4b38-ba62-7e3243b78f17	3	2
9d32d9d1-455e-4b38-ba62-7e3243b78f17	4	3
9d32d9d1-455e-4b38-ba62-7e3243b78f17	2	4
70279a60-2d9a-42c1-a9a9-a2d86217a498	3	1
70279a60-2d9a-42c1-a9a9-a2d86217a498	2	2
70279a60-2d9a-42c1-a9a9-a2d86217a498	1	3
70279a60-2d9a-42c1-a9a9-a2d86217a498	4	4
6f9c7c80-c9a3-4082-9b17-82e2233a475f	1	1
6f9c7c80-c9a3-4082-9b17-82e2233a475f	4	2
6f9c7c80-c9a3-4082-9b17-82e2233a475f	3	3
6f9c7c80-c9a3-4082-9b17-82e2233a475f	2	4
5ce76e0c-1d5f-464e-b847-3bd48381d71f	3	1
5ce76e0c-1d5f-464e-b847-3bd48381d71f	1	2
5ce76e0c-1d5f-464e-b847-3bd48381d71f	2	3
5ce76e0c-1d5f-464e-b847-3bd48381d71f	4	4
15dbd79c-ba12-4cf3-83e3-8d5920412e1c	1	1
15dbd79c-ba12-4cf3-83e3-8d5920412e1c	3	2
15dbd79c-ba12-4cf3-83e3-8d5920412e1c	4	3
15dbd79c-ba12-4cf3-83e3-8d5920412e1c	2	4
326fb5de-9f01-4a15-8b7a-cbac9b5af646	1	1
326fb5de-9f01-4a15-8b7a-cbac9b5af646	3	2
326fb5de-9f01-4a15-8b7a-cbac9b5af646	2	3
326fb5de-9f01-4a15-8b7a-cbac9b5af646	4	4
e8cf0e39-ccff-43cd-b043-2c6589597a5b	1	1
e8cf0e39-ccff-43cd-b043-2c6589597a5b	3	2
e8cf0e39-ccff-43cd-b043-2c6589597a5b	2	3
e8cf0e39-ccff-43cd-b043-2c6589597a5b	4	4
36f8ae71-2cd5-436a-8afe-38db598ebcea	1	1
36f8ae71-2cd5-436a-8afe-38db598ebcea	3	2
36f8ae71-2cd5-436a-8afe-38db598ebcea	2	3
36f8ae71-2cd5-436a-8afe-38db598ebcea	4	4
ac339438-9af6-490c-8d7b-d5269b8e9a80	1	1
ac339438-9af6-490c-8d7b-d5269b8e9a80	2	2
ac339438-9af6-490c-8d7b-d5269b8e9a80	3	3
ac339438-9af6-490c-8d7b-d5269b8e9a80	4	4
ce21d422-f598-40ae-9415-eebc883d04c5	1	1
ce21d422-f598-40ae-9415-eebc883d04c5	3	2
ce21d422-f598-40ae-9415-eebc883d04c5	2	3
ce21d422-f598-40ae-9415-eebc883d04c5	4	4
1984e74b-c2d4-4484-bc51-6f356196c6a5	1	1
1984e74b-c2d4-4484-bc51-6f356196c6a5	4	2
1984e74b-c2d4-4484-bc51-6f356196c6a5	2	3
1984e74b-c2d4-4484-bc51-6f356196c6a5	3	4
8363e94a-cca8-423b-8e3d-eee6c29267d2	1	1
8363e94a-cca8-423b-8e3d-eee6c29267d2	3	2
8363e94a-cca8-423b-8e3d-eee6c29267d2	2	3
8363e94a-cca8-423b-8e3d-eee6c29267d2	4	4
3fc97e65-a5fd-4861-bfd9-6ae84e6f3eca	1	1
3fc97e65-a5fd-4861-bfd9-6ae84e6f3eca	3	2
3fc97e65-a5fd-4861-bfd9-6ae84e6f3eca	4	3
3fc97e65-a5fd-4861-bfd9-6ae84e6f3eca	2	4
3825a543-5565-4e2e-ba48-c6d7458bcc9b	1	1
3825a543-5565-4e2e-ba48-c6d7458bcc9b	2	2
3825a543-5565-4e2e-ba48-c6d7458bcc9b	3	3
3825a543-5565-4e2e-ba48-c6d7458bcc9b	4	4
71490619-8a64-44ed-bba8-561deea7ac2b	2	1
71490619-8a64-44ed-bba8-561deea7ac2b	1	2
71490619-8a64-44ed-bba8-561deea7ac2b	3	3
71490619-8a64-44ed-bba8-561deea7ac2b	4	4
c9fd7964-f528-4ad9-b23b-b070342d758d	3	1
c9fd7964-f528-4ad9-b23b-b070342d758d	2	2
c9fd7964-f528-4ad9-b23b-b070342d758d	1	3
c9fd7964-f528-4ad9-b23b-b070342d758d	4	4
835bdbed-3e51-4b9e-8032-63f09d5ab6fd	1	1
835bdbed-3e51-4b9e-8032-63f09d5ab6fd	2	2
835bdbed-3e51-4b9e-8032-63f09d5ab6fd	3	3
835bdbed-3e51-4b9e-8032-63f09d5ab6fd	4	4
c4b6dbdc-ac72-4810-9983-19fbc2e47940	1	1
c4b6dbdc-ac72-4810-9983-19fbc2e47940	3	2
c4b6dbdc-ac72-4810-9983-19fbc2e47940	4	3
c4b6dbdc-ac72-4810-9983-19fbc2e47940	2	4
265ca397-57cd-4b6a-bdc2-c9d1fdb9cf64	2	1
265ca397-57cd-4b6a-bdc2-c9d1fdb9cf64	3	2
265ca397-57cd-4b6a-bdc2-c9d1fdb9cf64	4	3
265ca397-57cd-4b6a-bdc2-c9d1fdb9cf64	1	4
4d248b66-5c76-420a-962b-8cc006523841	1	1
4d248b66-5c76-420a-962b-8cc006523841	2	2
4d248b66-5c76-420a-962b-8cc006523841	3	3
4d248b66-5c76-420a-962b-8cc006523841	4	4
bb8afc2d-0496-46ba-a1e7-dba4e5a9ea8c	3	1
bb8afc2d-0496-46ba-a1e7-dba4e5a9ea8c	2	2
bb8afc2d-0496-46ba-a1e7-dba4e5a9ea8c	1	3
bb8afc2d-0496-46ba-a1e7-dba4e5a9ea8c	4	4
5445e157-ed64-42c6-a895-565dc15e2e18	1	1
5445e157-ed64-42c6-a895-565dc15e2e18	2	2
5445e157-ed64-42c6-a895-565dc15e2e18	4	3
5445e157-ed64-42c6-a895-565dc15e2e18	3	4
8a998274-024b-40a9-b085-b100c2bbb382	1	1
8a998274-024b-40a9-b085-b100c2bbb382	3	2
8a998274-024b-40a9-b085-b100c2bbb382	2	3
8a998274-024b-40a9-b085-b100c2bbb382	4	4
0e4af916-f76c-4644-8392-2de9d1b38c3a	2	1
0e4af916-f76c-4644-8392-2de9d1b38c3a	3	2
0e4af916-f76c-4644-8392-2de9d1b38c3a	1	3
0e4af916-f76c-4644-8392-2de9d1b38c3a	4	4
dac307d1-d4db-486c-a963-1c6398c2d4b7	4	1
dac307d1-d4db-486c-a963-1c6398c2d4b7	1	2
dac307d1-d4db-486c-a963-1c6398c2d4b7	2	3
dac307d1-d4db-486c-a963-1c6398c2d4b7	3	4
17c83471-d523-425a-a475-8170ea0e79f0	3	1
17c83471-d523-425a-a475-8170ea0e79f0	4	2
17c83471-d523-425a-a475-8170ea0e79f0	1	3
17c83471-d523-425a-a475-8170ea0e79f0	2	4
3e1ec40b-66ee-4810-bc1a-0f2df0a65a2d	1	1
3e1ec40b-66ee-4810-bc1a-0f2df0a65a2d	3	2
3e1ec40b-66ee-4810-bc1a-0f2df0a65a2d	2	3
3e1ec40b-66ee-4810-bc1a-0f2df0a65a2d	4	4
72d7ed17-619d-4302-acbb-29cc4c892b58	3	1
72d7ed17-619d-4302-acbb-29cc4c892b58	4	2
72d7ed17-619d-4302-acbb-29cc4c892b58	2	3
72d7ed17-619d-4302-acbb-29cc4c892b58	1	4
ec756f44-3425-49e2-8e96-027fbf2507d8	4	1
ec756f44-3425-49e2-8e96-027fbf2507d8	3	2
ec756f44-3425-49e2-8e96-027fbf2507d8	2	3
ec756f44-3425-49e2-8e96-027fbf2507d8	1	4
c78d7f1c-ffe9-4865-9acc-fe50c08b3331	1	1
c78d7f1c-ffe9-4865-9acc-fe50c08b3331	3	2
c78d7f1c-ffe9-4865-9acc-fe50c08b3331	2	3
c78d7f1c-ffe9-4865-9acc-fe50c08b3331	4	4
c051f965-abeb-49be-a300-e348bf44be6c	2	1
c051f965-abeb-49be-a300-e348bf44be6c	1	2
c051f965-abeb-49be-a300-e348bf44be6c	3	3
c051f965-abeb-49be-a300-e348bf44be6c	4	4
0082cc92-b417-49d8-8e43-2fdef69ae3f5	3	1
0082cc92-b417-49d8-8e43-2fdef69ae3f5	2	2
0082cc92-b417-49d8-8e43-2fdef69ae3f5	1	3
0082cc92-b417-49d8-8e43-2fdef69ae3f5	4	4
6d9083cc-c2b5-4687-ba8e-4609c199f192	1	1
6d9083cc-c2b5-4687-ba8e-4609c199f192	3	2
6d9083cc-c2b5-4687-ba8e-4609c199f192	2	3
6d9083cc-c2b5-4687-ba8e-4609c199f192	4	4
61da6c23-2dfd-4f2e-b97d-4b4af7cae0de	3	1
61da6c23-2dfd-4f2e-b97d-4b4af7cae0de	4	2
61da6c23-2dfd-4f2e-b97d-4b4af7cae0de	2	3
61da6c23-2dfd-4f2e-b97d-4b4af7cae0de	1	4
8ab88ab3-6d04-4dc0-8d66-638f395a42c9	1	1
8ab88ab3-6d04-4dc0-8d66-638f395a42c9	2	2
8ab88ab3-6d04-4dc0-8d66-638f395a42c9	4	3
8ab88ab3-6d04-4dc0-8d66-638f395a42c9	3	4
88a553e3-f99b-4dd0-bc37-c558a7cde567	1	1
88a553e3-f99b-4dd0-bc37-c558a7cde567	4	2
88a553e3-f99b-4dd0-bc37-c558a7cde567	3	3
88a553e3-f99b-4dd0-bc37-c558a7cde567	2	4
caca5b41-6c1c-4f19-879a-16d4c7a56419	2	1
caca5b41-6c1c-4f19-879a-16d4c7a56419	1	2
caca5b41-6c1c-4f19-879a-16d4c7a56419	3	3
caca5b41-6c1c-4f19-879a-16d4c7a56419	4	4
1808a0f6-c64d-481e-8428-be945015699d	1	1
1808a0f6-c64d-481e-8428-be945015699d	3	2
1808a0f6-c64d-481e-8428-be945015699d	4	3
1808a0f6-c64d-481e-8428-be945015699d	2	4
a0fc41ae-98d8-496d-9bc0-d4ac1f86881a	2	1
a0fc41ae-98d8-496d-9bc0-d4ac1f86881a	1	2
a0fc41ae-98d8-496d-9bc0-d4ac1f86881a	3	3
a0fc41ae-98d8-496d-9bc0-d4ac1f86881a	4	4
1dc355fb-061b-4481-8041-9a32052b5b63	3	1
1dc355fb-061b-4481-8041-9a32052b5b63	1	2
1dc355fb-061b-4481-8041-9a32052b5b63	2	3
1dc355fb-061b-4481-8041-9a32052b5b63	4	4
7b8e6116-d50a-426c-91eb-fa4b8604e367	2	1
7b8e6116-d50a-426c-91eb-fa4b8604e367	4	2
7b8e6116-d50a-426c-91eb-fa4b8604e367	3	3
7b8e6116-d50a-426c-91eb-fa4b8604e367	1	4
d8d1916e-a10e-4920-9ad7-f42eac2ae5cd	1	1
d8d1916e-a10e-4920-9ad7-f42eac2ae5cd	3	2
d8d1916e-a10e-4920-9ad7-f42eac2ae5cd	2	3
d8d1916e-a10e-4920-9ad7-f42eac2ae5cd	4	4
48ab26e5-624d-4023-a9d0-8216a92decb7	3	1
48ab26e5-624d-4023-a9d0-8216a92decb7	4	2
48ab26e5-624d-4023-a9d0-8216a92decb7	2	3
48ab26e5-624d-4023-a9d0-8216a92decb7	1	4
a223b7de-10b8-4041-a720-673719707d0f	3	1
a223b7de-10b8-4041-a720-673719707d0f	1	2
a223b7de-10b8-4041-a720-673719707d0f	2	3
a223b7de-10b8-4041-a720-673719707d0f	4	4
ab651062-15e8-43b8-828d-43c302f8143a	1	1
ab651062-15e8-43b8-828d-43c302f8143a	4	2
ab651062-15e8-43b8-828d-43c302f8143a	2	3
ab651062-15e8-43b8-828d-43c302f8143a	3	4
81ae2994-a2b7-4e85-8a6d-2c1afc2c2b88	2	1
81ae2994-a2b7-4e85-8a6d-2c1afc2c2b88	1	2
81ae2994-a2b7-4e85-8a6d-2c1afc2c2b88	3	3
81ae2994-a2b7-4e85-8a6d-2c1afc2c2b88	4	4
bacab641-1d61-4af5-b745-88551e77db4f	3	1
bacab641-1d61-4af5-b745-88551e77db4f	2	2
bacab641-1d61-4af5-b745-88551e77db4f	4	3
bacab641-1d61-4af5-b745-88551e77db4f	1	4
335901ca-4d38-4843-b47a-882561375587	1	1
335901ca-4d38-4843-b47a-882561375587	2	2
335901ca-4d38-4843-b47a-882561375587	3	3
335901ca-4d38-4843-b47a-882561375587	4	4
482eaa00-c3a3-4495-8986-201a91b06d97	2	1
482eaa00-c3a3-4495-8986-201a91b06d97	3	2
482eaa00-c3a3-4495-8986-201a91b06d97	1	3
482eaa00-c3a3-4495-8986-201a91b06d97	4	4
ababac3e-c916-42dc-abe5-cc77d32e7e8b	3	1
ababac3e-c916-42dc-abe5-cc77d32e7e8b	1	2
ababac3e-c916-42dc-abe5-cc77d32e7e8b	2	3
ababac3e-c916-42dc-abe5-cc77d32e7e8b	4	4
599ca2ab-3b3b-4987-9fff-acf2524c6ef5	1	1
599ca2ab-3b3b-4987-9fff-acf2524c6ef5	3	2
599ca2ab-3b3b-4987-9fff-acf2524c6ef5	4	3
599ca2ab-3b3b-4987-9fff-acf2524c6ef5	2	4
6333cd81-bb4b-4614-a95a-25835350ae92	1	1
6333cd81-bb4b-4614-a95a-25835350ae92	2	2
6333cd81-bb4b-4614-a95a-25835350ae92	3	3
6333cd81-bb4b-4614-a95a-25835350ae92	4	4
94ffee7a-e0c2-45df-b994-3c5bdd4735fa	2	1
94ffee7a-e0c2-45df-b994-3c5bdd4735fa	3	2
94ffee7a-e0c2-45df-b994-3c5bdd4735fa	1	3
94ffee7a-e0c2-45df-b994-3c5bdd4735fa	4	4
eedc3edf-d92e-426b-81a8-6cd7a9f75684	1	1
eedc3edf-d92e-426b-81a8-6cd7a9f75684	3	2
eedc3edf-d92e-426b-81a8-6cd7a9f75684	2	3
eedc3edf-d92e-426b-81a8-6cd7a9f75684	4	4
ed4780bd-158b-4ec9-91be-b6fff5e86476	2	1
ed4780bd-158b-4ec9-91be-b6fff5e86476	1	2
ed4780bd-158b-4ec9-91be-b6fff5e86476	3	3
ed4780bd-158b-4ec9-91be-b6fff5e86476	4	4
66645e61-0274-4989-bd88-67f2a7a56e9b	3	1
66645e61-0274-4989-bd88-67f2a7a56e9b	1	2
66645e61-0274-4989-bd88-67f2a7a56e9b	4	3
66645e61-0274-4989-bd88-67f2a7a56e9b	2	4
94a72321-f300-46ce-a9b7-faab6509bbaa	1	1
94a72321-f300-46ce-a9b7-faab6509bbaa	3	2
94a72321-f300-46ce-a9b7-faab6509bbaa	2	3
94a72321-f300-46ce-a9b7-faab6509bbaa	4	4
91ad9822-5df3-4a8c-b91b-04eacad80f2e	1	1
91ad9822-5df3-4a8c-b91b-04eacad80f2e	2	2
91ad9822-5df3-4a8c-b91b-04eacad80f2e	3	3
91ad9822-5df3-4a8c-b91b-04eacad80f2e	4	4
10907519-66f3-463b-8576-7836c4ed279b	2	1
10907519-66f3-463b-8576-7836c4ed279b	1	2
10907519-66f3-463b-8576-7836c4ed279b	3	3
10907519-66f3-463b-8576-7836c4ed279b	4	4
f7c43a34-76a9-4ec1-be7b-8ae96fd1e624	1	1
f7c43a34-76a9-4ec1-be7b-8ae96fd1e624	3	2
f7c43a34-76a9-4ec1-be7b-8ae96fd1e624	4	3
f7c43a34-76a9-4ec1-be7b-8ae96fd1e624	2	4
2c322bdc-2140-403a-b3bb-dd3e34f233ae	1	1
2c322bdc-2140-403a-b3bb-dd3e34f233ae	3	2
2c322bdc-2140-403a-b3bb-dd3e34f233ae	2	3
2c322bdc-2140-403a-b3bb-dd3e34f233ae	4	4
c635c2c8-69ce-4f92-a5b9-16a5d9fb2c06	3	1
c635c2c8-69ce-4f92-a5b9-16a5d9fb2c06	1	2
c635c2c8-69ce-4f92-a5b9-16a5d9fb2c06	4	3
c635c2c8-69ce-4f92-a5b9-16a5d9fb2c06	2	4
c2d180f1-4c82-40d0-834a-51daf89125e6	3	1
c2d180f1-4c82-40d0-834a-51daf89125e6	4	2
c2d180f1-4c82-40d0-834a-51daf89125e6	1	3
c2d180f1-4c82-40d0-834a-51daf89125e6	2	4
049ceaa1-1528-44c8-a93f-80144c65af75	1	1
049ceaa1-1528-44c8-a93f-80144c65af75	2	2
049ceaa1-1528-44c8-a93f-80144c65af75	3	3
049ceaa1-1528-44c8-a93f-80144c65af75	4	4
544f179f-edcd-45ba-a834-d07082af0592	4	1
544f179f-edcd-45ba-a834-d07082af0592	3	2
544f179f-edcd-45ba-a834-d07082af0592	2	3
544f179f-edcd-45ba-a834-d07082af0592	1	4
a5a0e5be-f80b-49f6-8986-7e99dfdbd9bf	3	1
a5a0e5be-f80b-49f6-8986-7e99dfdbd9bf	4	2
a5a0e5be-f80b-49f6-8986-7e99dfdbd9bf	1	3
a5a0e5be-f80b-49f6-8986-7e99dfdbd9bf	2	4
1687adbe-25df-4004-8f39-8cde4eaedfd5	1	1
1687adbe-25df-4004-8f39-8cde4eaedfd5	2	2
1687adbe-25df-4004-8f39-8cde4eaedfd5	3	3
1687adbe-25df-4004-8f39-8cde4eaedfd5	4	4
3bd63f93-ab36-47c9-bead-7daf5e11efa6	4	1
3bd63f93-ab36-47c9-bead-7daf5e11efa6	3	2
3bd63f93-ab36-47c9-bead-7daf5e11efa6	2	3
3bd63f93-ab36-47c9-bead-7daf5e11efa6	1	4
9973175a-dee8-48f9-8d6f-121fad226119	3	1
9973175a-dee8-48f9-8d6f-121fad226119	4	2
9973175a-dee8-48f9-8d6f-121fad226119	1	3
9973175a-dee8-48f9-8d6f-121fad226119	2	4
933b8a8c-a5ed-468b-80bd-a80aa3fa8c63	1	1
933b8a8c-a5ed-468b-80bd-a80aa3fa8c63	2	2
6cb3bcf3-fe17-406c-9dde-cfb169dc45ae	3	1
6cb3bcf3-fe17-406c-9dde-cfb169dc45ae	2	2
6cb3bcf3-fe17-406c-9dde-cfb169dc45ae	4	3
6cb3bcf3-fe17-406c-9dde-cfb169dc45ae	1	4
e8174c00-a2ed-47ff-ae4e-62b962ee9537	1	1
e8174c00-a2ed-47ff-ae4e-62b962ee9537	3	2
e8174c00-a2ed-47ff-ae4e-62b962ee9537	2	3
e8174c00-a2ed-47ff-ae4e-62b962ee9537	4	4
d8db24e6-2622-4714-be56-44eed17c786c	1	1
d8db24e6-2622-4714-be56-44eed17c786c	2	2
d8db24e6-2622-4714-be56-44eed17c786c	3	3
d8db24e6-2622-4714-be56-44eed17c786c	4	4
33b5b92c-92dc-4359-94b2-ec5fc07c70ff	1	1
33b5b92c-92dc-4359-94b2-ec5fc07c70ff	2	2
33b5b92c-92dc-4359-94b2-ec5fc07c70ff	3	3
33b5b92c-92dc-4359-94b2-ec5fc07c70ff	4	4
f161c6ac-4920-48c5-8402-41f2ccbc6cc6	1	1
f161c6ac-4920-48c5-8402-41f2ccbc6cc6	3	2
f161c6ac-4920-48c5-8402-41f2ccbc6cc6	2	3
f161c6ac-4920-48c5-8402-41f2ccbc6cc6	4	4
43730a32-df50-4c55-a343-b1b60c8d49cf	3	1
43730a32-df50-4c55-a343-b1b60c8d49cf	2	2
43730a32-df50-4c55-a343-b1b60c8d49cf	1	3
43730a32-df50-4c55-a343-b1b60c8d49cf	4	4
0b0b6504-424a-421c-adc0-c5f636f8a3cd	3	1
0b0b6504-424a-421c-adc0-c5f636f8a3cd	1	2
0b0b6504-424a-421c-adc0-c5f636f8a3cd	2	3
0b0b6504-424a-421c-adc0-c5f636f8a3cd	4	4
283f04fa-116f-44f9-8c81-ed650fa68509	1	1
283f04fa-116f-44f9-8c81-ed650fa68509	3	2
283f04fa-116f-44f9-8c81-ed650fa68509	2	3
283f04fa-116f-44f9-8c81-ed650fa68509	4	4
4a6bc7d4-89ef-4e72-87c2-5a3146263275	1	1
4a6bc7d4-89ef-4e72-87c2-5a3146263275	4	2
4a6bc7d4-89ef-4e72-87c2-5a3146263275	3	3
4a6bc7d4-89ef-4e72-87c2-5a3146263275	2	4
a4261639-35c4-4db4-92e4-2647cda746fb	3	1
a4261639-35c4-4db4-92e4-2647cda746fb	2	2
a4261639-35c4-4db4-92e4-2647cda746fb	1	3
a4261639-35c4-4db4-92e4-2647cda746fb	4	4
6f81c8be-aedb-4c63-89e9-786154e903e2	3	1
6f81c8be-aedb-4c63-89e9-786154e903e2	2	2
6f81c8be-aedb-4c63-89e9-786154e903e2	1	3
6f81c8be-aedb-4c63-89e9-786154e903e2	4	4
36adf1af-132c-4f0f-865f-0f344b3ecdc8	1	1
36adf1af-132c-4f0f-865f-0f344b3ecdc8	4	2
36adf1af-132c-4f0f-865f-0f344b3ecdc8	2	3
36adf1af-132c-4f0f-865f-0f344b3ecdc8	3	4
03df9e07-d23f-4170-8c94-605fcacfbccb	2	1
03df9e07-d23f-4170-8c94-605fcacfbccb	1	2
03df9e07-d23f-4170-8c94-605fcacfbccb	3	3
03df9e07-d23f-4170-8c94-605fcacfbccb	4	4
f5d015e6-eb62-45be-8b94-eaa4e5eae5cc	2	1
f5d015e6-eb62-45be-8b94-eaa4e5eae5cc	1	2
f5d015e6-eb62-45be-8b94-eaa4e5eae5cc	3	3
f5d015e6-eb62-45be-8b94-eaa4e5eae5cc	4	4
b5a864a9-d7c0-4ff8-b2a8-867f57de3c88	1	1
b5a864a9-d7c0-4ff8-b2a8-867f57de3c88	3	2
b5a864a9-d7c0-4ff8-b2a8-867f57de3c88	2	3
b5a864a9-d7c0-4ff8-b2a8-867f57de3c88	4	4
2621af74-f790-4a1a-b911-92a9ebb32ebd	3	1
2621af74-f790-4a1a-b911-92a9ebb32ebd	4	2
2621af74-f790-4a1a-b911-92a9ebb32ebd	2	3
2621af74-f790-4a1a-b911-92a9ebb32ebd	1	4
29032f25-a0ca-4920-8b46-b5e022507b75	1	1
29032f25-a0ca-4920-8b46-b5e022507b75	3	2
29032f25-a0ca-4920-8b46-b5e022507b75	2	3
29032f25-a0ca-4920-8b46-b5e022507b75	4	4
329569ec-9da1-4fd9-bdf1-813c4bef8c92	2	1
329569ec-9da1-4fd9-bdf1-813c4bef8c92	3	2
329569ec-9da1-4fd9-bdf1-813c4bef8c92	1	3
329569ec-9da1-4fd9-bdf1-813c4bef8c92	4	4
377453f6-85a4-4591-8918-d8c3d9ae9ec6	1	1
377453f6-85a4-4591-8918-d8c3d9ae9ec6	2	2
377453f6-85a4-4591-8918-d8c3d9ae9ec6	3	3
377453f6-85a4-4591-8918-d8c3d9ae9ec6	4	4
629043b5-2d8b-4d2c-9e51-39baa41cc3de	1	1
629043b5-2d8b-4d2c-9e51-39baa41cc3de	4	2
629043b5-2d8b-4d2c-9e51-39baa41cc3de	2	3
629043b5-2d8b-4d2c-9e51-39baa41cc3de	3	4
ef367da7-9093-408a-9081-efb13483b8e7	1	1
ef367da7-9093-408a-9081-efb13483b8e7	4	2
ef367da7-9093-408a-9081-efb13483b8e7	3	3
ef367da7-9093-408a-9081-efb13483b8e7	2	4
1c440923-5a07-411b-9e19-00d4e590de67	1	1
1c440923-5a07-411b-9e19-00d4e590de67	3	2
1c440923-5a07-411b-9e19-00d4e590de67	2	3
1c440923-5a07-411b-9e19-00d4e590de67	4	4
1829a8ca-fdfe-409e-99e2-e7dfcb5b909b	1	1
1829a8ca-fdfe-409e-99e2-e7dfcb5b909b	3	2
1829a8ca-fdfe-409e-99e2-e7dfcb5b909b	2	3
1829a8ca-fdfe-409e-99e2-e7dfcb5b909b	4	4
c73c8203-8809-4510-9847-9b1c2aa3d82e	1	1
c73c8203-8809-4510-9847-9b1c2aa3d82e	3	2
c73c8203-8809-4510-9847-9b1c2aa3d82e	2	3
c73c8203-8809-4510-9847-9b1c2aa3d82e	4	4
35a068d4-d116-46bb-8399-e43548fcd187	1	1
35a068d4-d116-46bb-8399-e43548fcd187	3	2
35a068d4-d116-46bb-8399-e43548fcd187	4	3
35a068d4-d116-46bb-8399-e43548fcd187	2	4
01342d4f-1eac-49ea-8754-37a851acfa2a	2	1
01342d4f-1eac-49ea-8754-37a851acfa2a	3	2
01342d4f-1eac-49ea-8754-37a851acfa2a	1	3
01342d4f-1eac-49ea-8754-37a851acfa2a	4	4
0bf45653-ec2a-48b2-a26c-014f7751df5d	1	1
0bf45653-ec2a-48b2-a26c-014f7751df5d	3	2
0bf45653-ec2a-48b2-a26c-014f7751df5d	2	3
0bf45653-ec2a-48b2-a26c-014f7751df5d	4	4
5911248d-3e1b-4b29-98fd-e32abaf76f8b	2	1
5911248d-3e1b-4b29-98fd-e32abaf76f8b	1	2
5911248d-3e1b-4b29-98fd-e32abaf76f8b	3	3
5911248d-3e1b-4b29-98fd-e32abaf76f8b	4	4
abeb2fde-9130-485d-a72f-8a64d30cbb66	2	1
abeb2fde-9130-485d-a72f-8a64d30cbb66	1	2
abeb2fde-9130-485d-a72f-8a64d30cbb66	3	3
abeb2fde-9130-485d-a72f-8a64d30cbb66	4	4
b8ebf653-6966-433c-9075-aee1a43622eb	3	1
b8ebf653-6966-433c-9075-aee1a43622eb	1	2
b8ebf653-6966-433c-9075-aee1a43622eb	4	3
b8ebf653-6966-433c-9075-aee1a43622eb	2	4
50e9f845-c609-426a-aa22-b7144b8915e5	3	1
50e9f845-c609-426a-aa22-b7144b8915e5	4	2
50e9f845-c609-426a-aa22-b7144b8915e5	1	3
50e9f845-c609-426a-aa22-b7144b8915e5	2	4
d875260f-0bcc-438f-ae99-1dedffe4223e	3	1
d875260f-0bcc-438f-ae99-1dedffe4223e	1	2
d875260f-0bcc-438f-ae99-1dedffe4223e	2	3
d875260f-0bcc-438f-ae99-1dedffe4223e	4	4
add15e47-1996-4b34-b02d-a389304caa7e	3	1
add15e47-1996-4b34-b02d-a389304caa7e	2	2
add15e47-1996-4b34-b02d-a389304caa7e	1	3
add15e47-1996-4b34-b02d-a389304caa7e	4	4
f0c35d23-0e28-4425-b14d-b846a70278b6	1	1
f0c35d23-0e28-4425-b14d-b846a70278b6	2	2
f0c35d23-0e28-4425-b14d-b846a70278b6	3	3
f0c35d23-0e28-4425-b14d-b846a70278b6	4	4
80e993c9-710c-4439-b89c-e815f09fd0b8	2	1
80e993c9-710c-4439-b89c-e815f09fd0b8	3	2
80e993c9-710c-4439-b89c-e815f09fd0b8	4	3
80e993c9-710c-4439-b89c-e815f09fd0b8	1	4
1cb75cb8-cf20-408e-8562-34cbfc71f339	3	1
1cb75cb8-cf20-408e-8562-34cbfc71f339	2	2
1cb75cb8-cf20-408e-8562-34cbfc71f339	1	3
1cb75cb8-cf20-408e-8562-34cbfc71f339	4	4
ca0ad495-8c2f-4d5a-9ed4-99cfaf801f3f	1	1
ca0ad495-8c2f-4d5a-9ed4-99cfaf801f3f	2	2
ca0ad495-8c2f-4d5a-9ed4-99cfaf801f3f	3	3
ca0ad495-8c2f-4d5a-9ed4-99cfaf801f3f	4	4
920fda48-7747-4d68-93a6-73d2de9689ec	2	1
920fda48-7747-4d68-93a6-73d2de9689ec	3	2
920fda48-7747-4d68-93a6-73d2de9689ec	4	3
920fda48-7747-4d68-93a6-73d2de9689ec	1	4
832ec585-ed77-4273-8c27-60a0f55b0c4a	3	1
832ec585-ed77-4273-8c27-60a0f55b0c4a	2	2
832ec585-ed77-4273-8c27-60a0f55b0c4a	1	3
832ec585-ed77-4273-8c27-60a0f55b0c4a	4	4
fffa8547-2d66-451f-9ea0-0a9c053d9172	1	1
933b8a8c-a5ed-468b-80bd-a80aa3fa8c63	3	3
933b8a8c-a5ed-468b-80bd-a80aa3fa8c63	4	4
29c12eed-28c1-47a5-90b5-640ce17b8050	4	1
29c12eed-28c1-47a5-90b5-640ce17b8050	3	2
29c12eed-28c1-47a5-90b5-640ce17b8050	2	3
29c12eed-28c1-47a5-90b5-640ce17b8050	1	4
4dfb3f1e-e888-48a0-8156-b4e99a0cf414	3	1
4dfb3f1e-e888-48a0-8156-b4e99a0cf414	4	2
4dfb3f1e-e888-48a0-8156-b4e99a0cf414	1	3
4dfb3f1e-e888-48a0-8156-b4e99a0cf414	2	4
1048c4d8-c124-4943-97a0-5a22cda8c73f	1	1
1048c4d8-c124-4943-97a0-5a22cda8c73f	2	2
1048c4d8-c124-4943-97a0-5a22cda8c73f	3	3
1048c4d8-c124-4943-97a0-5a22cda8c73f	4	4
1f08da0d-a646-4968-8945-f467ba208c24	4	1
1f08da0d-a646-4968-8945-f467ba208c24	3	2
1f08da0d-a646-4968-8945-f467ba208c24	2	3
1f08da0d-a646-4968-8945-f467ba208c24	1	4
af4f0299-45b2-409e-b990-eab1eed6f133	2	1
af4f0299-45b2-409e-b990-eab1eed6f133	3	2
af4f0299-45b2-409e-b990-eab1eed6f133	4	3
af4f0299-45b2-409e-b990-eab1eed6f133	1	4
16e0049f-501b-4d45-a8bc-b0a18c6c1563	3	1
16e0049f-501b-4d45-a8bc-b0a18c6c1563	2	2
16e0049f-501b-4d45-a8bc-b0a18c6c1563	1	3
16e0049f-501b-4d45-a8bc-b0a18c6c1563	4	4
9f3ba04b-7536-441c-b931-2233c49ab099	1	1
9f3ba04b-7536-441c-b931-2233c49ab099	2	2
9f3ba04b-7536-441c-b931-2233c49ab099	3	3
9f3ba04b-7536-441c-b931-2233c49ab099	4	4
3058bd07-b42b-4235-81f4-d95dbbad25b6	2	1
3058bd07-b42b-4235-81f4-d95dbbad25b6	3	2
3058bd07-b42b-4235-81f4-d95dbbad25b6	4	3
3058bd07-b42b-4235-81f4-d95dbbad25b6	1	4
2fb67ec0-34d4-469d-9e33-3024e91ccc0a	3	1
2fb67ec0-34d4-469d-9e33-3024e91ccc0a	2	2
2fb67ec0-34d4-469d-9e33-3024e91ccc0a	1	3
2fb67ec0-34d4-469d-9e33-3024e91ccc0a	4	4
055730c6-95e9-4236-b141-98601559e98e	1	1
055730c6-95e9-4236-b141-98601559e98e	2	2
055730c6-95e9-4236-b141-98601559e98e	3	3
055730c6-95e9-4236-b141-98601559e98e	4	4
7de227a4-cca2-434e-b243-6ccfbf812250	2	1
7de227a4-cca2-434e-b243-6ccfbf812250	3	2
7de227a4-cca2-434e-b243-6ccfbf812250	4	3
7de227a4-cca2-434e-b243-6ccfbf812250	1	4
fffa8547-2d66-451f-9ea0-0a9c053d9172	2	2
fffa8547-2d66-451f-9ea0-0a9c053d9172	3	3
fffa8547-2d66-451f-9ea0-0a9c053d9172	4	4
aea3d2d1-7b59-4341-b257-3081616c0ef5	2	1
aea3d2d1-7b59-4341-b257-3081616c0ef5	3	2
aea3d2d1-7b59-4341-b257-3081616c0ef5	4	3
aea3d2d1-7b59-4341-b257-3081616c0ef5	1	4
fa1985c2-bf81-4a2b-98c7-a11efe89fc57	3	1
fa1985c2-bf81-4a2b-98c7-a11efe89fc57	2	2
fa1985c2-bf81-4a2b-98c7-a11efe89fc57	1	3
fa1985c2-bf81-4a2b-98c7-a11efe89fc57	4	4
a87b453a-7fbc-4bb0-9fa8-687e40277489	1	1
a87b453a-7fbc-4bb0-9fa8-687e40277489	2	2
a87b453a-7fbc-4bb0-9fa8-687e40277489	3	3
a87b453a-7fbc-4bb0-9fa8-687e40277489	4	4
ee4ae2bc-4208-42ba-b90c-9ad0569b0740	2	1
ee4ae2bc-4208-42ba-b90c-9ad0569b0740	3	2
ee4ae2bc-4208-42ba-b90c-9ad0569b0740	4	3
ee4ae2bc-4208-42ba-b90c-9ad0569b0740	1	4
b3098770-53ee-4ac3-8986-26e919a34bfc	3	1
b3098770-53ee-4ac3-8986-26e919a34bfc	4	2
b3098770-53ee-4ac3-8986-26e919a34bfc	1	3
b3098770-53ee-4ac3-8986-26e919a34bfc	2	4
2e29557e-0637-4e6d-8749-09d3560df326	1	1
2e29557e-0637-4e6d-8749-09d3560df326	2	2
2e29557e-0637-4e6d-8749-09d3560df326	3	3
2e29557e-0637-4e6d-8749-09d3560df326	4	4
d308bafc-77d2-49ad-81fb-35a075020c7e	4	1
d308bafc-77d2-49ad-81fb-35a075020c7e	3	2
d308bafc-77d2-49ad-81fb-35a075020c7e	2	3
d308bafc-77d2-49ad-81fb-35a075020c7e	1	4
a53fbca1-3866-4fb8-b0dc-ec4c65c4e23f	3	1
a53fbca1-3866-4fb8-b0dc-ec4c65c4e23f	4	2
a53fbca1-3866-4fb8-b0dc-ec4c65c4e23f	1	3
a53fbca1-3866-4fb8-b0dc-ec4c65c4e23f	2	4
81531d3f-d101-49eb-bf66-2741e9d58d1a	1	1
81531d3f-d101-49eb-bf66-2741e9d58d1a	2	2
81531d3f-d101-49eb-bf66-2741e9d58d1a	3	3
81531d3f-d101-49eb-bf66-2741e9d58d1a	4	4
bf1057cd-64dd-42b9-95fb-d8748a9f062b	4	1
bf1057cd-64dd-42b9-95fb-d8748a9f062b	3	2
bf1057cd-64dd-42b9-95fb-d8748a9f062b	2	3
bf1057cd-64dd-42b9-95fb-d8748a9f062b	1	4
\.


--
-- Data for Name: volunteer_slots; Type: TABLE DATA; Schema: public; Owner: malob
--

COPY public.volunteer_slots (volunteer_id, slot_id) FROM stdin;
d4575e05-4ecc-4622-acab-eae2d08229e0	213
d4575e05-4ecc-4622-acab-eae2d08229e0	214
d4575e05-4ecc-4622-acab-eae2d08229e0	215
d4575e05-4ecc-4622-acab-eae2d08229e0	216
d4575e05-4ecc-4622-acab-eae2d08229e0	217
d4575e05-4ecc-4622-acab-eae2d08229e0	218
d4575e05-4ecc-4622-acab-eae2d08229e0	219
d4575e05-4ecc-4622-acab-eae2d08229e0	220
d4575e05-4ecc-4622-acab-eae2d08229e0	221
d4575e05-4ecc-4622-acab-eae2d08229e0	222
d4575e05-4ecc-4622-acab-eae2d08229e0	223
d4575e05-4ecc-4622-acab-eae2d08229e0	224
d4575e05-4ecc-4622-acab-eae2d08229e0	225
d4575e05-4ecc-4622-acab-eae2d08229e0	226
d4575e05-4ecc-4622-acab-eae2d08229e0	271
d4575e05-4ecc-4622-acab-eae2d08229e0	132
d4575e05-4ecc-4622-acab-eae2d08229e0	140
d4575e05-4ecc-4622-acab-eae2d08229e0	139
d4575e05-4ecc-4622-acab-eae2d08229e0	136
d4575e05-4ecc-4622-acab-eae2d08229e0	160
d4575e05-4ecc-4622-acab-eae2d08229e0	227
d4575e05-4ecc-4622-acab-eae2d08229e0	149
d4575e05-4ecc-4622-acab-eae2d08229e0	130
d4575e05-4ecc-4622-acab-eae2d08229e0	151
d4575e05-4ecc-4622-acab-eae2d08229e0	162
d4575e05-4ecc-4622-acab-eae2d08229e0	154
d4575e05-4ecc-4622-acab-eae2d08229e0	131
d4575e05-4ecc-4622-acab-eae2d08229e0	228
d4575e05-4ecc-4622-acab-eae2d08229e0	229
d4575e05-4ecc-4622-acab-eae2d08229e0	230
d4575e05-4ecc-4622-acab-eae2d08229e0	231
d4575e05-4ecc-4622-acab-eae2d08229e0	158
d4575e05-4ecc-4622-acab-eae2d08229e0	159
d4575e05-4ecc-4622-acab-eae2d08229e0	161
d4575e05-4ecc-4622-acab-eae2d08229e0	203
d4575e05-4ecc-4622-acab-eae2d08229e0	232
d4575e05-4ecc-4622-acab-eae2d08229e0	273
d4575e05-4ecc-4622-acab-eae2d08229e0	143
d4575e05-4ecc-4622-acab-eae2d08229e0	141
d4575e05-4ecc-4622-acab-eae2d08229e0	142
d4575e05-4ecc-4622-acab-eae2d08229e0	233
d4575e05-4ecc-4622-acab-eae2d08229e0	234
d4575e05-4ecc-4622-acab-eae2d08229e0	134
d4575e05-4ecc-4622-acab-eae2d08229e0	146
d4575e05-4ecc-4622-acab-eae2d08229e0	133
d4575e05-4ecc-4622-acab-eae2d08229e0	235
d4575e05-4ecc-4622-acab-eae2d08229e0	147
d4575e05-4ecc-4622-acab-eae2d08229e0	236
d4575e05-4ecc-4622-acab-eae2d08229e0	237
d4575e05-4ecc-4622-acab-eae2d08229e0	153
d4575e05-4ecc-4622-acab-eae2d08229e0	238
d4575e05-4ecc-4622-acab-eae2d08229e0	239
d4575e05-4ecc-4622-acab-eae2d08229e0	240
d4575e05-4ecc-4622-acab-eae2d08229e0	241
d4575e05-4ecc-4622-acab-eae2d08229e0	156
d4575e05-4ecc-4622-acab-eae2d08229e0	157
d4575e05-4ecc-4622-acab-eae2d08229e0	242
d4575e05-4ecc-4622-acab-eae2d08229e0	243
d4575e05-4ecc-4622-acab-eae2d08229e0	272
d4575e05-4ecc-4622-acab-eae2d08229e0	244
d4575e05-4ecc-4622-acab-eae2d08229e0	138
d4575e05-4ecc-4622-acab-eae2d08229e0	152
d4575e05-4ecc-4622-acab-eae2d08229e0	150
d4575e05-4ecc-4622-acab-eae2d08229e0	200
d4575e05-4ecc-4622-acab-eae2d08229e0	245
d4575e05-4ecc-4622-acab-eae2d08229e0	137
d4575e05-4ecc-4622-acab-eae2d08229e0	145
d4575e05-4ecc-4622-acab-eae2d08229e0	246
d4575e05-4ecc-4622-acab-eae2d08229e0	247
d4575e05-4ecc-4622-acab-eae2d08229e0	144
d4575e05-4ecc-4622-acab-eae2d08229e0	135
d254140e-a0d6-4f06-878c-297d33686dba	162
d254140e-a0d6-4f06-878c-297d33686dba	154
d254140e-a0d6-4f06-878c-297d33686dba	131
d254140e-a0d6-4f06-878c-297d33686dba	228
d254140e-a0d6-4f06-878c-297d33686dba	229
d254140e-a0d6-4f06-878c-297d33686dba	230
d254140e-a0d6-4f06-878c-297d33686dba	231
d254140e-a0d6-4f06-878c-297d33686dba	158
d254140e-a0d6-4f06-878c-297d33686dba	159
d254140e-a0d6-4f06-878c-297d33686dba	161
d254140e-a0d6-4f06-878c-297d33686dba	203
d254140e-a0d6-4f06-878c-297d33686dba	232
d254140e-a0d6-4f06-878c-297d33686dba	273
d254140e-a0d6-4f06-878c-297d33686dba	143
d254140e-a0d6-4f06-878c-297d33686dba	141
d254140e-a0d6-4f06-878c-297d33686dba	142
d254140e-a0d6-4f06-878c-297d33686dba	233
d254140e-a0d6-4f06-878c-297d33686dba	234
d254140e-a0d6-4f06-878c-297d33686dba	134
d254140e-a0d6-4f06-878c-297d33686dba	146
d254140e-a0d6-4f06-878c-297d33686dba	133
d254140e-a0d6-4f06-878c-297d33686dba	235
d254140e-a0d6-4f06-878c-297d33686dba	147
d254140e-a0d6-4f06-878c-297d33686dba	236
d254140e-a0d6-4f06-878c-297d33686dba	237
d254140e-a0d6-4f06-878c-297d33686dba	153
d254140e-a0d6-4f06-878c-297d33686dba	238
d254140e-a0d6-4f06-878c-297d33686dba	239
d254140e-a0d6-4f06-878c-297d33686dba	240
d254140e-a0d6-4f06-878c-297d33686dba	241
d254140e-a0d6-4f06-878c-297d33686dba	156
d254140e-a0d6-4f06-878c-297d33686dba	157
d254140e-a0d6-4f06-878c-297d33686dba	242
d254140e-a0d6-4f06-878c-297d33686dba	243
d254140e-a0d6-4f06-878c-297d33686dba	272
d254140e-a0d6-4f06-878c-297d33686dba	244
d254140e-a0d6-4f06-878c-297d33686dba	138
d254140e-a0d6-4f06-878c-297d33686dba	152
d254140e-a0d6-4f06-878c-297d33686dba	150
d254140e-a0d6-4f06-878c-297d33686dba	200
d254140e-a0d6-4f06-878c-297d33686dba	245
d254140e-a0d6-4f06-878c-297d33686dba	137
d254140e-a0d6-4f06-878c-297d33686dba	145
d254140e-a0d6-4f06-878c-297d33686dba	246
d0779109-fb14-4088-b083-fd8beece50ba	160
d0779109-fb14-4088-b083-fd8beece50ba	227
d0779109-fb14-4088-b083-fd8beece50ba	149
d0779109-fb14-4088-b083-fd8beece50ba	130
d0779109-fb14-4088-b083-fd8beece50ba	151
d0779109-fb14-4088-b083-fd8beece50ba	162
d0779109-fb14-4088-b083-fd8beece50ba	154
d0779109-fb14-4088-b083-fd8beece50ba	131
d0779109-fb14-4088-b083-fd8beece50ba	228
d0779109-fb14-4088-b083-fd8beece50ba	229
d0779109-fb14-4088-b083-fd8beece50ba	230
d0779109-fb14-4088-b083-fd8beece50ba	231
d0779109-fb14-4088-b083-fd8beece50ba	158
d0779109-fb14-4088-b083-fd8beece50ba	159
d0779109-fb14-4088-b083-fd8beece50ba	161
d0779109-fb14-4088-b083-fd8beece50ba	203
d0779109-fb14-4088-b083-fd8beece50ba	232
d0779109-fb14-4088-b083-fd8beece50ba	273
d0779109-fb14-4088-b083-fd8beece50ba	143
d0779109-fb14-4088-b083-fd8beece50ba	141
d0779109-fb14-4088-b083-fd8beece50ba	142
d0779109-fb14-4088-b083-fd8beece50ba	233
d0779109-fb14-4088-b083-fd8beece50ba	234
d0779109-fb14-4088-b083-fd8beece50ba	134
d0779109-fb14-4088-b083-fd8beece50ba	146
d0779109-fb14-4088-b083-fd8beece50ba	133
d0779109-fb14-4088-b083-fd8beece50ba	235
d0779109-fb14-4088-b083-fd8beece50ba	147
d0779109-fb14-4088-b083-fd8beece50ba	236
d0779109-fb14-4088-b083-fd8beece50ba	237
d0779109-fb14-4088-b083-fd8beece50ba	153
d0779109-fb14-4088-b083-fd8beece50ba	238
d0779109-fb14-4088-b083-fd8beece50ba	239
d0779109-fb14-4088-b083-fd8beece50ba	240
d0779109-fb14-4088-b083-fd8beece50ba	241
d0779109-fb14-4088-b083-fd8beece50ba	156
d0779109-fb14-4088-b083-fd8beece50ba	157
d0779109-fb14-4088-b083-fd8beece50ba	242
d0779109-fb14-4088-b083-fd8beece50ba	243
d0779109-fb14-4088-b083-fd8beece50ba	272
d0779109-fb14-4088-b083-fd8beece50ba	244
d0779109-fb14-4088-b083-fd8beece50ba	138
d0779109-fb14-4088-b083-fd8beece50ba	152
d0779109-fb14-4088-b083-fd8beece50ba	150
d0779109-fb14-4088-b083-fd8beece50ba	200
d0779109-fb14-4088-b083-fd8beece50ba	245
d0779109-fb14-4088-b083-fd8beece50ba	137
d0779109-fb14-4088-b083-fd8beece50ba	145
d0779109-fb14-4088-b083-fd8beece50ba	246
d0779109-fb14-4088-b083-fd8beece50ba	247
d0779109-fb14-4088-b083-fd8beece50ba	144
d0779109-fb14-4088-b083-fd8beece50ba	135
d0779109-fb14-4088-b083-fd8beece50ba	155
d0779109-fb14-4088-b083-fd8beece50ba	148
d0779109-fb14-4088-b083-fd8beece50ba	254
d0779109-fb14-4088-b083-fd8beece50ba	255
d0779109-fb14-4088-b083-fd8beece50ba	256
d0779109-fb14-4088-b083-fd8beece50ba	257
d0779109-fb14-4088-b083-fd8beece50ba	258
d0779109-fb14-4088-b083-fd8beece50ba	259
d0779109-fb14-4088-b083-fd8beece50ba	260
d0779109-fb14-4088-b083-fd8beece50ba	274
d0779109-fb14-4088-b083-fd8beece50ba	261
d0779109-fb14-4088-b083-fd8beece50ba	262
d0779109-fb14-4088-b083-fd8beece50ba	263
d0779109-fb14-4088-b083-fd8beece50ba	264
d0779109-fb14-4088-b083-fd8beece50ba	265
d0779109-fb14-4088-b083-fd8beece50ba	266
d0779109-fb14-4088-b083-fd8beece50ba	267
d0779109-fb14-4088-b083-fd8beece50ba	268
d0779109-fb14-4088-b083-fd8beece50ba	269
d0779109-fb14-4088-b083-fd8beece50ba	270
4051331f-0326-4f70-824d-90a9564ad6f4	162
4051331f-0326-4f70-824d-90a9564ad6f4	154
4051331f-0326-4f70-824d-90a9564ad6f4	131
4051331f-0326-4f70-824d-90a9564ad6f4	228
4051331f-0326-4f70-824d-90a9564ad6f4	229
4051331f-0326-4f70-824d-90a9564ad6f4	230
4051331f-0326-4f70-824d-90a9564ad6f4	231
4051331f-0326-4f70-824d-90a9564ad6f4	158
4051331f-0326-4f70-824d-90a9564ad6f4	159
4051331f-0326-4f70-824d-90a9564ad6f4	161
4051331f-0326-4f70-824d-90a9564ad6f4	203
4051331f-0326-4f70-824d-90a9564ad6f4	232
4051331f-0326-4f70-824d-90a9564ad6f4	273
4051331f-0326-4f70-824d-90a9564ad6f4	143
4051331f-0326-4f70-824d-90a9564ad6f4	141
4051331f-0326-4f70-824d-90a9564ad6f4	142
4051331f-0326-4f70-824d-90a9564ad6f4	233
4051331f-0326-4f70-824d-90a9564ad6f4	234
4051331f-0326-4f70-824d-90a9564ad6f4	134
4051331f-0326-4f70-824d-90a9564ad6f4	146
4051331f-0326-4f70-824d-90a9564ad6f4	133
4051331f-0326-4f70-824d-90a9564ad6f4	235
4051331f-0326-4f70-824d-90a9564ad6f4	147
4051331f-0326-4f70-824d-90a9564ad6f4	236
4051331f-0326-4f70-824d-90a9564ad6f4	237
4051331f-0326-4f70-824d-90a9564ad6f4	153
4051331f-0326-4f70-824d-90a9564ad6f4	238
4051331f-0326-4f70-824d-90a9564ad6f4	239
4051331f-0326-4f70-824d-90a9564ad6f4	240
4051331f-0326-4f70-824d-90a9564ad6f4	241
4051331f-0326-4f70-824d-90a9564ad6f4	156
4051331f-0326-4f70-824d-90a9564ad6f4	157
4051331f-0326-4f70-824d-90a9564ad6f4	242
4051331f-0326-4f70-824d-90a9564ad6f4	243
4051331f-0326-4f70-824d-90a9564ad6f4	272
4051331f-0326-4f70-824d-90a9564ad6f4	244
4051331f-0326-4f70-824d-90a9564ad6f4	138
4051331f-0326-4f70-824d-90a9564ad6f4	152
4051331f-0326-4f70-824d-90a9564ad6f4	150
4051331f-0326-4f70-824d-90a9564ad6f4	200
4051331f-0326-4f70-824d-90a9564ad6f4	245
4051331f-0326-4f70-824d-90a9564ad6f4	137
4051331f-0326-4f70-824d-90a9564ad6f4	145
4051331f-0326-4f70-824d-90a9564ad6f4	246
4051331f-0326-4f70-824d-90a9564ad6f4	247
80f471c4-4565-4bc5-9642-9e750da09e45	154
80f471c4-4565-4bc5-9642-9e750da09e45	131
80f471c4-4565-4bc5-9642-9e750da09e45	228
80f471c4-4565-4bc5-9642-9e750da09e45	229
80f471c4-4565-4bc5-9642-9e750da09e45	230
80f471c4-4565-4bc5-9642-9e750da09e45	231
80f471c4-4565-4bc5-9642-9e750da09e45	158
80f471c4-4565-4bc5-9642-9e750da09e45	159
80f471c4-4565-4bc5-9642-9e750da09e45	161
80f471c4-4565-4bc5-9642-9e750da09e45	203
80f471c4-4565-4bc5-9642-9e750da09e45	232
80f471c4-4565-4bc5-9642-9e750da09e45	273
80f471c4-4565-4bc5-9642-9e750da09e45	143
80f471c4-4565-4bc5-9642-9e750da09e45	141
80f471c4-4565-4bc5-9642-9e750da09e45	142
80f471c4-4565-4bc5-9642-9e750da09e45	233
80f471c4-4565-4bc5-9642-9e750da09e45	234
80f471c4-4565-4bc5-9642-9e750da09e45	134
80f471c4-4565-4bc5-9642-9e750da09e45	146
80f471c4-4565-4bc5-9642-9e750da09e45	133
80f471c4-4565-4bc5-9642-9e750da09e45	235
80f471c4-4565-4bc5-9642-9e750da09e45	147
80f471c4-4565-4bc5-9642-9e750da09e45	236
80f471c4-4565-4bc5-9642-9e750da09e45	237
80f471c4-4565-4bc5-9642-9e750da09e45	153
80f471c4-4565-4bc5-9642-9e750da09e45	238
80f471c4-4565-4bc5-9642-9e750da09e45	239
80f471c4-4565-4bc5-9642-9e750da09e45	240
80f471c4-4565-4bc5-9642-9e750da09e45	241
80f471c4-4565-4bc5-9642-9e750da09e45	156
80f471c4-4565-4bc5-9642-9e750da09e45	157
80f471c4-4565-4bc5-9642-9e750da09e45	242
80f471c4-4565-4bc5-9642-9e750da09e45	243
80f471c4-4565-4bc5-9642-9e750da09e45	272
80f471c4-4565-4bc5-9642-9e750da09e45	244
80f471c4-4565-4bc5-9642-9e750da09e45	138
80f471c4-4565-4bc5-9642-9e750da09e45	152
80f471c4-4565-4bc5-9642-9e750da09e45	150
80f471c4-4565-4bc5-9642-9e750da09e45	200
80f471c4-4565-4bc5-9642-9e750da09e45	245
80f471c4-4565-4bc5-9642-9e750da09e45	137
80f471c4-4565-4bc5-9642-9e750da09e45	145
80f471c4-4565-4bc5-9642-9e750da09e45	246
80f471c4-4565-4bc5-9642-9e750da09e45	247
a6c0b839-a2a4-4d6f-a0a0-2d786f78bb34	228
a6c0b839-a2a4-4d6f-a0a0-2d786f78bb34	229
a6c0b839-a2a4-4d6f-a0a0-2d786f78bb34	230
a6c0b839-a2a4-4d6f-a0a0-2d786f78bb34	231
a6c0b839-a2a4-4d6f-a0a0-2d786f78bb34	158
a6c0b839-a2a4-4d6f-a0a0-2d786f78bb34	159
a6c0b839-a2a4-4d6f-a0a0-2d786f78bb34	161
a6c0b839-a2a4-4d6f-a0a0-2d786f78bb34	203
a6c0b839-a2a4-4d6f-a0a0-2d786f78bb34	232
a6c0b839-a2a4-4d6f-a0a0-2d786f78bb34	273
a6c0b839-a2a4-4d6f-a0a0-2d786f78bb34	143
a6c0b839-a2a4-4d6f-a0a0-2d786f78bb34	141
a6c0b839-a2a4-4d6f-a0a0-2d786f78bb34	142
a6c0b839-a2a4-4d6f-a0a0-2d786f78bb34	233
a6c0b839-a2a4-4d6f-a0a0-2d786f78bb34	234
a6c0b839-a2a4-4d6f-a0a0-2d786f78bb34	134
a6c0b839-a2a4-4d6f-a0a0-2d786f78bb34	146
a6c0b839-a2a4-4d6f-a0a0-2d786f78bb34	133
a6c0b839-a2a4-4d6f-a0a0-2d786f78bb34	235
a6c0b839-a2a4-4d6f-a0a0-2d786f78bb34	147
a6c0b839-a2a4-4d6f-a0a0-2d786f78bb34	236
a6c0b839-a2a4-4d6f-a0a0-2d786f78bb34	237
a6c0b839-a2a4-4d6f-a0a0-2d786f78bb34	153
a6c0b839-a2a4-4d6f-a0a0-2d786f78bb34	238
a6c0b839-a2a4-4d6f-a0a0-2d786f78bb34	239
a6c0b839-a2a4-4d6f-a0a0-2d786f78bb34	240
a6c0b839-a2a4-4d6f-a0a0-2d786f78bb34	241
a6c0b839-a2a4-4d6f-a0a0-2d786f78bb34	156
a6c0b839-a2a4-4d6f-a0a0-2d786f78bb34	157
a6c0b839-a2a4-4d6f-a0a0-2d786f78bb34	242
a6c0b839-a2a4-4d6f-a0a0-2d786f78bb34	243
a6c0b839-a2a4-4d6f-a0a0-2d786f78bb34	272
a6c0b839-a2a4-4d6f-a0a0-2d786f78bb34	244
a6c0b839-a2a4-4d6f-a0a0-2d786f78bb34	138
a6c0b839-a2a4-4d6f-a0a0-2d786f78bb34	152
a6c0b839-a2a4-4d6f-a0a0-2d786f78bb34	150
a6c0b839-a2a4-4d6f-a0a0-2d786f78bb34	200
a6c0b839-a2a4-4d6f-a0a0-2d786f78bb34	245
66818bf8-46a4-43a1-b81e-6b1c28f0d967	154
66818bf8-46a4-43a1-b81e-6b1c28f0d967	131
66818bf8-46a4-43a1-b81e-6b1c28f0d967	228
66818bf8-46a4-43a1-b81e-6b1c28f0d967	229
66818bf8-46a4-43a1-b81e-6b1c28f0d967	230
66818bf8-46a4-43a1-b81e-6b1c28f0d967	231
66818bf8-46a4-43a1-b81e-6b1c28f0d967	158
66818bf8-46a4-43a1-b81e-6b1c28f0d967	159
66818bf8-46a4-43a1-b81e-6b1c28f0d967	161
66818bf8-46a4-43a1-b81e-6b1c28f0d967	203
66818bf8-46a4-43a1-b81e-6b1c28f0d967	232
66818bf8-46a4-43a1-b81e-6b1c28f0d967	273
66818bf8-46a4-43a1-b81e-6b1c28f0d967	143
66818bf8-46a4-43a1-b81e-6b1c28f0d967	141
66818bf8-46a4-43a1-b81e-6b1c28f0d967	142
66818bf8-46a4-43a1-b81e-6b1c28f0d967	233
66818bf8-46a4-43a1-b81e-6b1c28f0d967	234
66818bf8-46a4-43a1-b81e-6b1c28f0d967	134
66818bf8-46a4-43a1-b81e-6b1c28f0d967	146
66818bf8-46a4-43a1-b81e-6b1c28f0d967	133
66818bf8-46a4-43a1-b81e-6b1c28f0d967	235
66818bf8-46a4-43a1-b81e-6b1c28f0d967	147
66818bf8-46a4-43a1-b81e-6b1c28f0d967	236
66818bf8-46a4-43a1-b81e-6b1c28f0d967	237
66818bf8-46a4-43a1-b81e-6b1c28f0d967	153
66818bf8-46a4-43a1-b81e-6b1c28f0d967	238
66818bf8-46a4-43a1-b81e-6b1c28f0d967	239
66818bf8-46a4-43a1-b81e-6b1c28f0d967	240
66818bf8-46a4-43a1-b81e-6b1c28f0d967	241
66818bf8-46a4-43a1-b81e-6b1c28f0d967	156
5547be7c-7bb6-4d17-8486-a5083725899a	248
5547be7c-7bb6-4d17-8486-a5083725899a	249
5547be7c-7bb6-4d17-8486-a5083725899a	250
5547be7c-7bb6-4d17-8486-a5083725899a	251
5547be7c-7bb6-4d17-8486-a5083725899a	252
5547be7c-7bb6-4d17-8486-a5083725899a	253
5547be7c-7bb6-4d17-8486-a5083725899a	213
5547be7c-7bb6-4d17-8486-a5083725899a	214
5547be7c-7bb6-4d17-8486-a5083725899a	215
5547be7c-7bb6-4d17-8486-a5083725899a	216
5547be7c-7bb6-4d17-8486-a5083725899a	217
5547be7c-7bb6-4d17-8486-a5083725899a	218
5547be7c-7bb6-4d17-8486-a5083725899a	219
5547be7c-7bb6-4d17-8486-a5083725899a	220
5547be7c-7bb6-4d17-8486-a5083725899a	221
5547be7c-7bb6-4d17-8486-a5083725899a	222
5547be7c-7bb6-4d17-8486-a5083725899a	223
5547be7c-7bb6-4d17-8486-a5083725899a	224
5547be7c-7bb6-4d17-8486-a5083725899a	225
5547be7c-7bb6-4d17-8486-a5083725899a	226
5547be7c-7bb6-4d17-8486-a5083725899a	271
5547be7c-7bb6-4d17-8486-a5083725899a	132
5547be7c-7bb6-4d17-8486-a5083725899a	140
5547be7c-7bb6-4d17-8486-a5083725899a	139
5547be7c-7bb6-4d17-8486-a5083725899a	136
5547be7c-7bb6-4d17-8486-a5083725899a	160
5547be7c-7bb6-4d17-8486-a5083725899a	227
5547be7c-7bb6-4d17-8486-a5083725899a	149
5547be7c-7bb6-4d17-8486-a5083725899a	130
5547be7c-7bb6-4d17-8486-a5083725899a	151
5547be7c-7bb6-4d17-8486-a5083725899a	162
5547be7c-7bb6-4d17-8486-a5083725899a	154
5547be7c-7bb6-4d17-8486-a5083725899a	131
5547be7c-7bb6-4d17-8486-a5083725899a	228
5547be7c-7bb6-4d17-8486-a5083725899a	229
5547be7c-7bb6-4d17-8486-a5083725899a	230
5547be7c-7bb6-4d17-8486-a5083725899a	231
5547be7c-7bb6-4d17-8486-a5083725899a	158
5547be7c-7bb6-4d17-8486-a5083725899a	159
5547be7c-7bb6-4d17-8486-a5083725899a	161
5547be7c-7bb6-4d17-8486-a5083725899a	203
5547be7c-7bb6-4d17-8486-a5083725899a	232
5547be7c-7bb6-4d17-8486-a5083725899a	273
5547be7c-7bb6-4d17-8486-a5083725899a	143
5547be7c-7bb6-4d17-8486-a5083725899a	141
5547be7c-7bb6-4d17-8486-a5083725899a	142
5547be7c-7bb6-4d17-8486-a5083725899a	233
5547be7c-7bb6-4d17-8486-a5083725899a	234
5547be7c-7bb6-4d17-8486-a5083725899a	134
5547be7c-7bb6-4d17-8486-a5083725899a	146
5547be7c-7bb6-4d17-8486-a5083725899a	133
5547be7c-7bb6-4d17-8486-a5083725899a	235
5547be7c-7bb6-4d17-8486-a5083725899a	147
5547be7c-7bb6-4d17-8486-a5083725899a	236
5547be7c-7bb6-4d17-8486-a5083725899a	237
5547be7c-7bb6-4d17-8486-a5083725899a	153
5547be7c-7bb6-4d17-8486-a5083725899a	238
5547be7c-7bb6-4d17-8486-a5083725899a	239
5547be7c-7bb6-4d17-8486-a5083725899a	240
5547be7c-7bb6-4d17-8486-a5083725899a	241
5547be7c-7bb6-4d17-8486-a5083725899a	156
5547be7c-7bb6-4d17-8486-a5083725899a	157
5547be7c-7bb6-4d17-8486-a5083725899a	242
5547be7c-7bb6-4d17-8486-a5083725899a	243
5547be7c-7bb6-4d17-8486-a5083725899a	272
5547be7c-7bb6-4d17-8486-a5083725899a	244
5547be7c-7bb6-4d17-8486-a5083725899a	138
5547be7c-7bb6-4d17-8486-a5083725899a	152
5547be7c-7bb6-4d17-8486-a5083725899a	150
5547be7c-7bb6-4d17-8486-a5083725899a	200
5547be7c-7bb6-4d17-8486-a5083725899a	245
5547be7c-7bb6-4d17-8486-a5083725899a	137
5547be7c-7bb6-4d17-8486-a5083725899a	145
5547be7c-7bb6-4d17-8486-a5083725899a	246
5547be7c-7bb6-4d17-8486-a5083725899a	247
f3c15667-5a3c-4c0b-973b-7cb3cc2cc488	131
f3c15667-5a3c-4c0b-973b-7cb3cc2cc488	228
f3c15667-5a3c-4c0b-973b-7cb3cc2cc488	229
f3c15667-5a3c-4c0b-973b-7cb3cc2cc488	230
f3c15667-5a3c-4c0b-973b-7cb3cc2cc488	231
f3c15667-5a3c-4c0b-973b-7cb3cc2cc488	158
f3c15667-5a3c-4c0b-973b-7cb3cc2cc488	159
f3c15667-5a3c-4c0b-973b-7cb3cc2cc488	161
f3c15667-5a3c-4c0b-973b-7cb3cc2cc488	203
f3c15667-5a3c-4c0b-973b-7cb3cc2cc488	232
f3c15667-5a3c-4c0b-973b-7cb3cc2cc488	273
f3c15667-5a3c-4c0b-973b-7cb3cc2cc488	143
f3c15667-5a3c-4c0b-973b-7cb3cc2cc488	141
f3c15667-5a3c-4c0b-973b-7cb3cc2cc488	142
f3c15667-5a3c-4c0b-973b-7cb3cc2cc488	233
f3c15667-5a3c-4c0b-973b-7cb3cc2cc488	234
f3c15667-5a3c-4c0b-973b-7cb3cc2cc488	134
f3c15667-5a3c-4c0b-973b-7cb3cc2cc488	146
f3c15667-5a3c-4c0b-973b-7cb3cc2cc488	133
f3c15667-5a3c-4c0b-973b-7cb3cc2cc488	235
f3c15667-5a3c-4c0b-973b-7cb3cc2cc488	147
f3c15667-5a3c-4c0b-973b-7cb3cc2cc488	236
f3c15667-5a3c-4c0b-973b-7cb3cc2cc488	237
f3c15667-5a3c-4c0b-973b-7cb3cc2cc488	153
f3c15667-5a3c-4c0b-973b-7cb3cc2cc488	238
f3c15667-5a3c-4c0b-973b-7cb3cc2cc488	239
f3c15667-5a3c-4c0b-973b-7cb3cc2cc488	240
f3c15667-5a3c-4c0b-973b-7cb3cc2cc488	241
f3c15667-5a3c-4c0b-973b-7cb3cc2cc488	156
f3c15667-5a3c-4c0b-973b-7cb3cc2cc488	157
f3c15667-5a3c-4c0b-973b-7cb3cc2cc488	242
f3c15667-5a3c-4c0b-973b-7cb3cc2cc488	243
f3c15667-5a3c-4c0b-973b-7cb3cc2cc488	272
f3c15667-5a3c-4c0b-973b-7cb3cc2cc488	244
f3c15667-5a3c-4c0b-973b-7cb3cc2cc488	138
f3c15667-5a3c-4c0b-973b-7cb3cc2cc488	152
f3c15667-5a3c-4c0b-973b-7cb3cc2cc488	150
f3c15667-5a3c-4c0b-973b-7cb3cc2cc488	200
f3c15667-5a3c-4c0b-973b-7cb3cc2cc488	245
f3c15667-5a3c-4c0b-973b-7cb3cc2cc488	137
f3c15667-5a3c-4c0b-973b-7cb3cc2cc488	145
f3c15667-5a3c-4c0b-973b-7cb3cc2cc488	246
f3c15667-5a3c-4c0b-973b-7cb3cc2cc488	247
f3c15667-5a3c-4c0b-973b-7cb3cc2cc488	144
f3c15667-5a3c-4c0b-973b-7cb3cc2cc488	135
9d32d9d1-455e-4b38-ba62-7e3243b78f17	229
9d32d9d1-455e-4b38-ba62-7e3243b78f17	230
9d32d9d1-455e-4b38-ba62-7e3243b78f17	231
9d32d9d1-455e-4b38-ba62-7e3243b78f17	158
9d32d9d1-455e-4b38-ba62-7e3243b78f17	159
9d32d9d1-455e-4b38-ba62-7e3243b78f17	161
9d32d9d1-455e-4b38-ba62-7e3243b78f17	203
a6c0b839-a2a4-4d6f-a0a0-2d786f78bb34	137
a6c0b839-a2a4-4d6f-a0a0-2d786f78bb34	145
a6c0b839-a2a4-4d6f-a0a0-2d786f78bb34	246
a6c0b839-a2a4-4d6f-a0a0-2d786f78bb34	247
70279a60-2d9a-42c1-a9a9-a2d86217a498	149
70279a60-2d9a-42c1-a9a9-a2d86217a498	130
70279a60-2d9a-42c1-a9a9-a2d86217a498	151
70279a60-2d9a-42c1-a9a9-a2d86217a498	162
70279a60-2d9a-42c1-a9a9-a2d86217a498	154
70279a60-2d9a-42c1-a9a9-a2d86217a498	131
70279a60-2d9a-42c1-a9a9-a2d86217a498	228
70279a60-2d9a-42c1-a9a9-a2d86217a498	229
70279a60-2d9a-42c1-a9a9-a2d86217a498	230
70279a60-2d9a-42c1-a9a9-a2d86217a498	231
70279a60-2d9a-42c1-a9a9-a2d86217a498	158
70279a60-2d9a-42c1-a9a9-a2d86217a498	159
70279a60-2d9a-42c1-a9a9-a2d86217a498	161
70279a60-2d9a-42c1-a9a9-a2d86217a498	203
70279a60-2d9a-42c1-a9a9-a2d86217a498	232
70279a60-2d9a-42c1-a9a9-a2d86217a498	273
70279a60-2d9a-42c1-a9a9-a2d86217a498	143
70279a60-2d9a-42c1-a9a9-a2d86217a498	141
70279a60-2d9a-42c1-a9a9-a2d86217a498	142
70279a60-2d9a-42c1-a9a9-a2d86217a498	233
70279a60-2d9a-42c1-a9a9-a2d86217a498	234
70279a60-2d9a-42c1-a9a9-a2d86217a498	134
70279a60-2d9a-42c1-a9a9-a2d86217a498	146
70279a60-2d9a-42c1-a9a9-a2d86217a498	133
70279a60-2d9a-42c1-a9a9-a2d86217a498	235
70279a60-2d9a-42c1-a9a9-a2d86217a498	147
70279a60-2d9a-42c1-a9a9-a2d86217a498	236
70279a60-2d9a-42c1-a9a9-a2d86217a498	237
70279a60-2d9a-42c1-a9a9-a2d86217a498	153
70279a60-2d9a-42c1-a9a9-a2d86217a498	238
70279a60-2d9a-42c1-a9a9-a2d86217a498	239
70279a60-2d9a-42c1-a9a9-a2d86217a498	240
70279a60-2d9a-42c1-a9a9-a2d86217a498	241
70279a60-2d9a-42c1-a9a9-a2d86217a498	156
70279a60-2d9a-42c1-a9a9-a2d86217a498	157
70279a60-2d9a-42c1-a9a9-a2d86217a498	242
70279a60-2d9a-42c1-a9a9-a2d86217a498	243
70279a60-2d9a-42c1-a9a9-a2d86217a498	272
70279a60-2d9a-42c1-a9a9-a2d86217a498	244
70279a60-2d9a-42c1-a9a9-a2d86217a498	138
70279a60-2d9a-42c1-a9a9-a2d86217a498	152
70279a60-2d9a-42c1-a9a9-a2d86217a498	150
70279a60-2d9a-42c1-a9a9-a2d86217a498	200
70279a60-2d9a-42c1-a9a9-a2d86217a498	245
70279a60-2d9a-42c1-a9a9-a2d86217a498	137
70279a60-2d9a-42c1-a9a9-a2d86217a498	145
70279a60-2d9a-42c1-a9a9-a2d86217a498	246
70279a60-2d9a-42c1-a9a9-a2d86217a498	247
70279a60-2d9a-42c1-a9a9-a2d86217a498	144
70279a60-2d9a-42c1-a9a9-a2d86217a498	135
70279a60-2d9a-42c1-a9a9-a2d86217a498	155
70279a60-2d9a-42c1-a9a9-a2d86217a498	148
70279a60-2d9a-42c1-a9a9-a2d86217a498	254
70279a60-2d9a-42c1-a9a9-a2d86217a498	255
70279a60-2d9a-42c1-a9a9-a2d86217a498	256
70279a60-2d9a-42c1-a9a9-a2d86217a498	257
70279a60-2d9a-42c1-a9a9-a2d86217a498	258
70279a60-2d9a-42c1-a9a9-a2d86217a498	259
70279a60-2d9a-42c1-a9a9-a2d86217a498	260
70279a60-2d9a-42c1-a9a9-a2d86217a498	274
70279a60-2d9a-42c1-a9a9-a2d86217a498	261
70279a60-2d9a-42c1-a9a9-a2d86217a498	262
70279a60-2d9a-42c1-a9a9-a2d86217a498	263
70279a60-2d9a-42c1-a9a9-a2d86217a498	264
70279a60-2d9a-42c1-a9a9-a2d86217a498	265
70279a60-2d9a-42c1-a9a9-a2d86217a498	266
5ce76e0c-1d5f-464e-b847-3bd48381d71f	229
5ce76e0c-1d5f-464e-b847-3bd48381d71f	230
5ce76e0c-1d5f-464e-b847-3bd48381d71f	231
5ce76e0c-1d5f-464e-b847-3bd48381d71f	158
5ce76e0c-1d5f-464e-b847-3bd48381d71f	159
5ce76e0c-1d5f-464e-b847-3bd48381d71f	161
5ce76e0c-1d5f-464e-b847-3bd48381d71f	203
5ce76e0c-1d5f-464e-b847-3bd48381d71f	232
5ce76e0c-1d5f-464e-b847-3bd48381d71f	273
5ce76e0c-1d5f-464e-b847-3bd48381d71f	143
5ce76e0c-1d5f-464e-b847-3bd48381d71f	141
5ce76e0c-1d5f-464e-b847-3bd48381d71f	142
5ce76e0c-1d5f-464e-b847-3bd48381d71f	233
5ce76e0c-1d5f-464e-b847-3bd48381d71f	234
5ce76e0c-1d5f-464e-b847-3bd48381d71f	134
5ce76e0c-1d5f-464e-b847-3bd48381d71f	146
5ce76e0c-1d5f-464e-b847-3bd48381d71f	133
5ce76e0c-1d5f-464e-b847-3bd48381d71f	235
5ce76e0c-1d5f-464e-b847-3bd48381d71f	147
5ce76e0c-1d5f-464e-b847-3bd48381d71f	236
5ce76e0c-1d5f-464e-b847-3bd48381d71f	237
5ce76e0c-1d5f-464e-b847-3bd48381d71f	153
5ce76e0c-1d5f-464e-b847-3bd48381d71f	238
5ce76e0c-1d5f-464e-b847-3bd48381d71f	239
5ce76e0c-1d5f-464e-b847-3bd48381d71f	240
5ce76e0c-1d5f-464e-b847-3bd48381d71f	241
5ce76e0c-1d5f-464e-b847-3bd48381d71f	156
5ce76e0c-1d5f-464e-b847-3bd48381d71f	157
5ce76e0c-1d5f-464e-b847-3bd48381d71f	242
5ce76e0c-1d5f-464e-b847-3bd48381d71f	243
5ce76e0c-1d5f-464e-b847-3bd48381d71f	272
5ce76e0c-1d5f-464e-b847-3bd48381d71f	244
5ce76e0c-1d5f-464e-b847-3bd48381d71f	138
5ce76e0c-1d5f-464e-b847-3bd48381d71f	152
5ce76e0c-1d5f-464e-b847-3bd48381d71f	150
5ce76e0c-1d5f-464e-b847-3bd48381d71f	200
5ce76e0c-1d5f-464e-b847-3bd48381d71f	245
5ce76e0c-1d5f-464e-b847-3bd48381d71f	137
5ce76e0c-1d5f-464e-b847-3bd48381d71f	145
5ce76e0c-1d5f-464e-b847-3bd48381d71f	246
5ce76e0c-1d5f-464e-b847-3bd48381d71f	247
5ce76e0c-1d5f-464e-b847-3bd48381d71f	144
5ce76e0c-1d5f-464e-b847-3bd48381d71f	135
5ce76e0c-1d5f-464e-b847-3bd48381d71f	155
5ce76e0c-1d5f-464e-b847-3bd48381d71f	148
5ce76e0c-1d5f-464e-b847-3bd48381d71f	254
5ce76e0c-1d5f-464e-b847-3bd48381d71f	255
5ce76e0c-1d5f-464e-b847-3bd48381d71f	256
5ce76e0c-1d5f-464e-b847-3bd48381d71f	257
5ce76e0c-1d5f-464e-b847-3bd48381d71f	258
5ce76e0c-1d5f-464e-b847-3bd48381d71f	259
5ce76e0c-1d5f-464e-b847-3bd48381d71f	260
5ce76e0c-1d5f-464e-b847-3bd48381d71f	274
326fb5de-9f01-4a15-8b7a-cbac9b5af646	151
326fb5de-9f01-4a15-8b7a-cbac9b5af646	162
326fb5de-9f01-4a15-8b7a-cbac9b5af646	154
326fb5de-9f01-4a15-8b7a-cbac9b5af646	131
326fb5de-9f01-4a15-8b7a-cbac9b5af646	228
326fb5de-9f01-4a15-8b7a-cbac9b5af646	229
326fb5de-9f01-4a15-8b7a-cbac9b5af646	230
326fb5de-9f01-4a15-8b7a-cbac9b5af646	231
326fb5de-9f01-4a15-8b7a-cbac9b5af646	158
326fb5de-9f01-4a15-8b7a-cbac9b5af646	159
326fb5de-9f01-4a15-8b7a-cbac9b5af646	161
326fb5de-9f01-4a15-8b7a-cbac9b5af646	203
326fb5de-9f01-4a15-8b7a-cbac9b5af646	232
326fb5de-9f01-4a15-8b7a-cbac9b5af646	273
326fb5de-9f01-4a15-8b7a-cbac9b5af646	143
326fb5de-9f01-4a15-8b7a-cbac9b5af646	141
326fb5de-9f01-4a15-8b7a-cbac9b5af646	142
326fb5de-9f01-4a15-8b7a-cbac9b5af646	233
326fb5de-9f01-4a15-8b7a-cbac9b5af646	234
326fb5de-9f01-4a15-8b7a-cbac9b5af646	134
326fb5de-9f01-4a15-8b7a-cbac9b5af646	146
326fb5de-9f01-4a15-8b7a-cbac9b5af646	133
326fb5de-9f01-4a15-8b7a-cbac9b5af646	235
326fb5de-9f01-4a15-8b7a-cbac9b5af646	147
326fb5de-9f01-4a15-8b7a-cbac9b5af646	236
326fb5de-9f01-4a15-8b7a-cbac9b5af646	237
326fb5de-9f01-4a15-8b7a-cbac9b5af646	153
326fb5de-9f01-4a15-8b7a-cbac9b5af646	238
326fb5de-9f01-4a15-8b7a-cbac9b5af646	239
326fb5de-9f01-4a15-8b7a-cbac9b5af646	240
326fb5de-9f01-4a15-8b7a-cbac9b5af646	241
326fb5de-9f01-4a15-8b7a-cbac9b5af646	156
326fb5de-9f01-4a15-8b7a-cbac9b5af646	157
326fb5de-9f01-4a15-8b7a-cbac9b5af646	242
9d32d9d1-455e-4b38-ba62-7e3243b78f17	232
9d32d9d1-455e-4b38-ba62-7e3243b78f17	273
9d32d9d1-455e-4b38-ba62-7e3243b78f17	143
9d32d9d1-455e-4b38-ba62-7e3243b78f17	141
9d32d9d1-455e-4b38-ba62-7e3243b78f17	142
9d32d9d1-455e-4b38-ba62-7e3243b78f17	233
9d32d9d1-455e-4b38-ba62-7e3243b78f17	234
9d32d9d1-455e-4b38-ba62-7e3243b78f17	134
9d32d9d1-455e-4b38-ba62-7e3243b78f17	146
9d32d9d1-455e-4b38-ba62-7e3243b78f17	133
9d32d9d1-455e-4b38-ba62-7e3243b78f17	235
9d32d9d1-455e-4b38-ba62-7e3243b78f17	147
9d32d9d1-455e-4b38-ba62-7e3243b78f17	236
9d32d9d1-455e-4b38-ba62-7e3243b78f17	237
9d32d9d1-455e-4b38-ba62-7e3243b78f17	153
9d32d9d1-455e-4b38-ba62-7e3243b78f17	238
9d32d9d1-455e-4b38-ba62-7e3243b78f17	239
9d32d9d1-455e-4b38-ba62-7e3243b78f17	240
9d32d9d1-455e-4b38-ba62-7e3243b78f17	241
9d32d9d1-455e-4b38-ba62-7e3243b78f17	156
9d32d9d1-455e-4b38-ba62-7e3243b78f17	157
9d32d9d1-455e-4b38-ba62-7e3243b78f17	242
9d32d9d1-455e-4b38-ba62-7e3243b78f17	243
9d32d9d1-455e-4b38-ba62-7e3243b78f17	272
9d32d9d1-455e-4b38-ba62-7e3243b78f17	244
9d32d9d1-455e-4b38-ba62-7e3243b78f17	138
9d32d9d1-455e-4b38-ba62-7e3243b78f17	152
9d32d9d1-455e-4b38-ba62-7e3243b78f17	150
9d32d9d1-455e-4b38-ba62-7e3243b78f17	200
9d32d9d1-455e-4b38-ba62-7e3243b78f17	245
9d32d9d1-455e-4b38-ba62-7e3243b78f17	137
9d32d9d1-455e-4b38-ba62-7e3243b78f17	145
9d32d9d1-455e-4b38-ba62-7e3243b78f17	246
9d32d9d1-455e-4b38-ba62-7e3243b78f17	247
6f9c7c80-c9a3-4082-9b17-82e2233a475f	216
6f9c7c80-c9a3-4082-9b17-82e2233a475f	217
6f9c7c80-c9a3-4082-9b17-82e2233a475f	218
6f9c7c80-c9a3-4082-9b17-82e2233a475f	219
6f9c7c80-c9a3-4082-9b17-82e2233a475f	220
6f9c7c80-c9a3-4082-9b17-82e2233a475f	221
6f9c7c80-c9a3-4082-9b17-82e2233a475f	222
6f9c7c80-c9a3-4082-9b17-82e2233a475f	223
6f9c7c80-c9a3-4082-9b17-82e2233a475f	224
6f9c7c80-c9a3-4082-9b17-82e2233a475f	225
6f9c7c80-c9a3-4082-9b17-82e2233a475f	226
6f9c7c80-c9a3-4082-9b17-82e2233a475f	271
6f9c7c80-c9a3-4082-9b17-82e2233a475f	132
6f9c7c80-c9a3-4082-9b17-82e2233a475f	140
6f9c7c80-c9a3-4082-9b17-82e2233a475f	139
6f9c7c80-c9a3-4082-9b17-82e2233a475f	136
6f9c7c80-c9a3-4082-9b17-82e2233a475f	160
6f9c7c80-c9a3-4082-9b17-82e2233a475f	227
6f9c7c80-c9a3-4082-9b17-82e2233a475f	149
6f9c7c80-c9a3-4082-9b17-82e2233a475f	130
6f9c7c80-c9a3-4082-9b17-82e2233a475f	151
6f9c7c80-c9a3-4082-9b17-82e2233a475f	162
6f9c7c80-c9a3-4082-9b17-82e2233a475f	154
6f9c7c80-c9a3-4082-9b17-82e2233a475f	131
6f9c7c80-c9a3-4082-9b17-82e2233a475f	228
6f9c7c80-c9a3-4082-9b17-82e2233a475f	229
6f9c7c80-c9a3-4082-9b17-82e2233a475f	230
6f9c7c80-c9a3-4082-9b17-82e2233a475f	231
6f9c7c80-c9a3-4082-9b17-82e2233a475f	158
6f9c7c80-c9a3-4082-9b17-82e2233a475f	159
6f9c7c80-c9a3-4082-9b17-82e2233a475f	161
6f9c7c80-c9a3-4082-9b17-82e2233a475f	203
6f9c7c80-c9a3-4082-9b17-82e2233a475f	232
6f9c7c80-c9a3-4082-9b17-82e2233a475f	273
6f9c7c80-c9a3-4082-9b17-82e2233a475f	143
6f9c7c80-c9a3-4082-9b17-82e2233a475f	141
6f9c7c80-c9a3-4082-9b17-82e2233a475f	142
6f9c7c80-c9a3-4082-9b17-82e2233a475f	233
6f9c7c80-c9a3-4082-9b17-82e2233a475f	234
6f9c7c80-c9a3-4082-9b17-82e2233a475f	134
6f9c7c80-c9a3-4082-9b17-82e2233a475f	146
6f9c7c80-c9a3-4082-9b17-82e2233a475f	133
6f9c7c80-c9a3-4082-9b17-82e2233a475f	235
6f9c7c80-c9a3-4082-9b17-82e2233a475f	147
6f9c7c80-c9a3-4082-9b17-82e2233a475f	236
6f9c7c80-c9a3-4082-9b17-82e2233a475f	237
6f9c7c80-c9a3-4082-9b17-82e2233a475f	153
6f9c7c80-c9a3-4082-9b17-82e2233a475f	238
6f9c7c80-c9a3-4082-9b17-82e2233a475f	239
6f9c7c80-c9a3-4082-9b17-82e2233a475f	240
6f9c7c80-c9a3-4082-9b17-82e2233a475f	241
6f9c7c80-c9a3-4082-9b17-82e2233a475f	156
6f9c7c80-c9a3-4082-9b17-82e2233a475f	157
6f9c7c80-c9a3-4082-9b17-82e2233a475f	242
6f9c7c80-c9a3-4082-9b17-82e2233a475f	243
6f9c7c80-c9a3-4082-9b17-82e2233a475f	272
6f9c7c80-c9a3-4082-9b17-82e2233a475f	244
6f9c7c80-c9a3-4082-9b17-82e2233a475f	138
6f9c7c80-c9a3-4082-9b17-82e2233a475f	152
6f9c7c80-c9a3-4082-9b17-82e2233a475f	150
6f9c7c80-c9a3-4082-9b17-82e2233a475f	200
6f9c7c80-c9a3-4082-9b17-82e2233a475f	245
6f9c7c80-c9a3-4082-9b17-82e2233a475f	137
6f9c7c80-c9a3-4082-9b17-82e2233a475f	145
6f9c7c80-c9a3-4082-9b17-82e2233a475f	246
6f9c7c80-c9a3-4082-9b17-82e2233a475f	247
6f9c7c80-c9a3-4082-9b17-82e2233a475f	144
6f9c7c80-c9a3-4082-9b17-82e2233a475f	135
6f9c7c80-c9a3-4082-9b17-82e2233a475f	155
6f9c7c80-c9a3-4082-9b17-82e2233a475f	148
6f9c7c80-c9a3-4082-9b17-82e2233a475f	254
6f9c7c80-c9a3-4082-9b17-82e2233a475f	255
6f9c7c80-c9a3-4082-9b17-82e2233a475f	256
6f9c7c80-c9a3-4082-9b17-82e2233a475f	257
6f9c7c80-c9a3-4082-9b17-82e2233a475f	258
6f9c7c80-c9a3-4082-9b17-82e2233a475f	259
6f9c7c80-c9a3-4082-9b17-82e2233a475f	260
6f9c7c80-c9a3-4082-9b17-82e2233a475f	274
6f9c7c80-c9a3-4082-9b17-82e2233a475f	261
6f9c7c80-c9a3-4082-9b17-82e2233a475f	262
6f9c7c80-c9a3-4082-9b17-82e2233a475f	263
6f9c7c80-c9a3-4082-9b17-82e2233a475f	264
6f9c7c80-c9a3-4082-9b17-82e2233a475f	265
6f9c7c80-c9a3-4082-9b17-82e2233a475f	266
6f9c7c80-c9a3-4082-9b17-82e2233a475f	267
6f9c7c80-c9a3-4082-9b17-82e2233a475f	268
6f9c7c80-c9a3-4082-9b17-82e2233a475f	269
6f9c7c80-c9a3-4082-9b17-82e2233a475f	270
15dbd79c-ba12-4cf3-83e3-8d5920412e1c	151
15dbd79c-ba12-4cf3-83e3-8d5920412e1c	162
15dbd79c-ba12-4cf3-83e3-8d5920412e1c	154
15dbd79c-ba12-4cf3-83e3-8d5920412e1c	131
15dbd79c-ba12-4cf3-83e3-8d5920412e1c	228
15dbd79c-ba12-4cf3-83e3-8d5920412e1c	229
15dbd79c-ba12-4cf3-83e3-8d5920412e1c	230
15dbd79c-ba12-4cf3-83e3-8d5920412e1c	231
15dbd79c-ba12-4cf3-83e3-8d5920412e1c	158
15dbd79c-ba12-4cf3-83e3-8d5920412e1c	159
15dbd79c-ba12-4cf3-83e3-8d5920412e1c	161
15dbd79c-ba12-4cf3-83e3-8d5920412e1c	203
15dbd79c-ba12-4cf3-83e3-8d5920412e1c	232
15dbd79c-ba12-4cf3-83e3-8d5920412e1c	273
15dbd79c-ba12-4cf3-83e3-8d5920412e1c	143
15dbd79c-ba12-4cf3-83e3-8d5920412e1c	141
15dbd79c-ba12-4cf3-83e3-8d5920412e1c	142
15dbd79c-ba12-4cf3-83e3-8d5920412e1c	233
15dbd79c-ba12-4cf3-83e3-8d5920412e1c	234
15dbd79c-ba12-4cf3-83e3-8d5920412e1c	134
15dbd79c-ba12-4cf3-83e3-8d5920412e1c	146
15dbd79c-ba12-4cf3-83e3-8d5920412e1c	133
15dbd79c-ba12-4cf3-83e3-8d5920412e1c	235
15dbd79c-ba12-4cf3-83e3-8d5920412e1c	147
15dbd79c-ba12-4cf3-83e3-8d5920412e1c	236
15dbd79c-ba12-4cf3-83e3-8d5920412e1c	237
15dbd79c-ba12-4cf3-83e3-8d5920412e1c	153
15dbd79c-ba12-4cf3-83e3-8d5920412e1c	238
15dbd79c-ba12-4cf3-83e3-8d5920412e1c	239
15dbd79c-ba12-4cf3-83e3-8d5920412e1c	240
15dbd79c-ba12-4cf3-83e3-8d5920412e1c	241
15dbd79c-ba12-4cf3-83e3-8d5920412e1c	156
15dbd79c-ba12-4cf3-83e3-8d5920412e1c	157
15dbd79c-ba12-4cf3-83e3-8d5920412e1c	242
15dbd79c-ba12-4cf3-83e3-8d5920412e1c	243
15dbd79c-ba12-4cf3-83e3-8d5920412e1c	272
15dbd79c-ba12-4cf3-83e3-8d5920412e1c	244
15dbd79c-ba12-4cf3-83e3-8d5920412e1c	200
15dbd79c-ba12-4cf3-83e3-8d5920412e1c	245
15dbd79c-ba12-4cf3-83e3-8d5920412e1c	137
15dbd79c-ba12-4cf3-83e3-8d5920412e1c	145
15dbd79c-ba12-4cf3-83e3-8d5920412e1c	246
15dbd79c-ba12-4cf3-83e3-8d5920412e1c	247
15dbd79c-ba12-4cf3-83e3-8d5920412e1c	144
15dbd79c-ba12-4cf3-83e3-8d5920412e1c	135
15dbd79c-ba12-4cf3-83e3-8d5920412e1c	155
15dbd79c-ba12-4cf3-83e3-8d5920412e1c	148
15dbd79c-ba12-4cf3-83e3-8d5920412e1c	254
15dbd79c-ba12-4cf3-83e3-8d5920412e1c	255
15dbd79c-ba12-4cf3-83e3-8d5920412e1c	256
15dbd79c-ba12-4cf3-83e3-8d5920412e1c	257
15dbd79c-ba12-4cf3-83e3-8d5920412e1c	258
15dbd79c-ba12-4cf3-83e3-8d5920412e1c	259
15dbd79c-ba12-4cf3-83e3-8d5920412e1c	260
15dbd79c-ba12-4cf3-83e3-8d5920412e1c	274
15dbd79c-ba12-4cf3-83e3-8d5920412e1c	261
15dbd79c-ba12-4cf3-83e3-8d5920412e1c	262
15dbd79c-ba12-4cf3-83e3-8d5920412e1c	263
15dbd79c-ba12-4cf3-83e3-8d5920412e1c	264
15dbd79c-ba12-4cf3-83e3-8d5920412e1c	265
15dbd79c-ba12-4cf3-83e3-8d5920412e1c	266
15dbd79c-ba12-4cf3-83e3-8d5920412e1c	267
15dbd79c-ba12-4cf3-83e3-8d5920412e1c	268
15dbd79c-ba12-4cf3-83e3-8d5920412e1c	269
15dbd79c-ba12-4cf3-83e3-8d5920412e1c	270
e8cf0e39-ccff-43cd-b043-2c6589597a5b	162
e8cf0e39-ccff-43cd-b043-2c6589597a5b	154
e8cf0e39-ccff-43cd-b043-2c6589597a5b	131
e8cf0e39-ccff-43cd-b043-2c6589597a5b	228
e8cf0e39-ccff-43cd-b043-2c6589597a5b	229
e8cf0e39-ccff-43cd-b043-2c6589597a5b	230
e8cf0e39-ccff-43cd-b043-2c6589597a5b	231
e8cf0e39-ccff-43cd-b043-2c6589597a5b	158
e8cf0e39-ccff-43cd-b043-2c6589597a5b	159
e8cf0e39-ccff-43cd-b043-2c6589597a5b	161
e8cf0e39-ccff-43cd-b043-2c6589597a5b	203
e8cf0e39-ccff-43cd-b043-2c6589597a5b	232
e8cf0e39-ccff-43cd-b043-2c6589597a5b	273
e8cf0e39-ccff-43cd-b043-2c6589597a5b	143
e8cf0e39-ccff-43cd-b043-2c6589597a5b	141
e8cf0e39-ccff-43cd-b043-2c6589597a5b	142
e8cf0e39-ccff-43cd-b043-2c6589597a5b	233
e8cf0e39-ccff-43cd-b043-2c6589597a5b	234
e8cf0e39-ccff-43cd-b043-2c6589597a5b	134
e8cf0e39-ccff-43cd-b043-2c6589597a5b	146
e8cf0e39-ccff-43cd-b043-2c6589597a5b	133
e8cf0e39-ccff-43cd-b043-2c6589597a5b	235
e8cf0e39-ccff-43cd-b043-2c6589597a5b	147
e8cf0e39-ccff-43cd-b043-2c6589597a5b	236
e8cf0e39-ccff-43cd-b043-2c6589597a5b	237
e8cf0e39-ccff-43cd-b043-2c6589597a5b	153
e8cf0e39-ccff-43cd-b043-2c6589597a5b	238
e8cf0e39-ccff-43cd-b043-2c6589597a5b	239
e8cf0e39-ccff-43cd-b043-2c6589597a5b	240
e8cf0e39-ccff-43cd-b043-2c6589597a5b	241
e8cf0e39-ccff-43cd-b043-2c6589597a5b	156
e8cf0e39-ccff-43cd-b043-2c6589597a5b	157
e8cf0e39-ccff-43cd-b043-2c6589597a5b	242
e8cf0e39-ccff-43cd-b043-2c6589597a5b	243
e8cf0e39-ccff-43cd-b043-2c6589597a5b	272
e8cf0e39-ccff-43cd-b043-2c6589597a5b	244
e8cf0e39-ccff-43cd-b043-2c6589597a5b	138
e8cf0e39-ccff-43cd-b043-2c6589597a5b	152
e8cf0e39-ccff-43cd-b043-2c6589597a5b	150
ac339438-9af6-490c-8d7b-d5269b8e9a80	149
ac339438-9af6-490c-8d7b-d5269b8e9a80	130
ac339438-9af6-490c-8d7b-d5269b8e9a80	151
ac339438-9af6-490c-8d7b-d5269b8e9a80	162
ac339438-9af6-490c-8d7b-d5269b8e9a80	154
ac339438-9af6-490c-8d7b-d5269b8e9a80	131
ac339438-9af6-490c-8d7b-d5269b8e9a80	228
ac339438-9af6-490c-8d7b-d5269b8e9a80	229
ac339438-9af6-490c-8d7b-d5269b8e9a80	230
ac339438-9af6-490c-8d7b-d5269b8e9a80	231
ac339438-9af6-490c-8d7b-d5269b8e9a80	158
ac339438-9af6-490c-8d7b-d5269b8e9a80	159
ac339438-9af6-490c-8d7b-d5269b8e9a80	161
ac339438-9af6-490c-8d7b-d5269b8e9a80	203
ac339438-9af6-490c-8d7b-d5269b8e9a80	232
ac339438-9af6-490c-8d7b-d5269b8e9a80	273
ac339438-9af6-490c-8d7b-d5269b8e9a80	143
ac339438-9af6-490c-8d7b-d5269b8e9a80	141
ac339438-9af6-490c-8d7b-d5269b8e9a80	142
ac339438-9af6-490c-8d7b-d5269b8e9a80	233
ac339438-9af6-490c-8d7b-d5269b8e9a80	234
ac339438-9af6-490c-8d7b-d5269b8e9a80	134
ac339438-9af6-490c-8d7b-d5269b8e9a80	146
ac339438-9af6-490c-8d7b-d5269b8e9a80	133
ac339438-9af6-490c-8d7b-d5269b8e9a80	235
ac339438-9af6-490c-8d7b-d5269b8e9a80	147
ac339438-9af6-490c-8d7b-d5269b8e9a80	236
ac339438-9af6-490c-8d7b-d5269b8e9a80	237
ac339438-9af6-490c-8d7b-d5269b8e9a80	153
ac339438-9af6-490c-8d7b-d5269b8e9a80	238
ac339438-9af6-490c-8d7b-d5269b8e9a80	239
ac339438-9af6-490c-8d7b-d5269b8e9a80	240
ac339438-9af6-490c-8d7b-d5269b8e9a80	241
ac339438-9af6-490c-8d7b-d5269b8e9a80	156
ac339438-9af6-490c-8d7b-d5269b8e9a80	157
ac339438-9af6-490c-8d7b-d5269b8e9a80	242
ac339438-9af6-490c-8d7b-d5269b8e9a80	243
ac339438-9af6-490c-8d7b-d5269b8e9a80	272
ac339438-9af6-490c-8d7b-d5269b8e9a80	244
ac339438-9af6-490c-8d7b-d5269b8e9a80	138
ac339438-9af6-490c-8d7b-d5269b8e9a80	152
1984e74b-c2d4-4484-bc51-6f356196c6a5	228
1984e74b-c2d4-4484-bc51-6f356196c6a5	229
1984e74b-c2d4-4484-bc51-6f356196c6a5	230
1984e74b-c2d4-4484-bc51-6f356196c6a5	231
1984e74b-c2d4-4484-bc51-6f356196c6a5	158
1984e74b-c2d4-4484-bc51-6f356196c6a5	159
1984e74b-c2d4-4484-bc51-6f356196c6a5	161
1984e74b-c2d4-4484-bc51-6f356196c6a5	203
1984e74b-c2d4-4484-bc51-6f356196c6a5	232
1984e74b-c2d4-4484-bc51-6f356196c6a5	273
1984e74b-c2d4-4484-bc51-6f356196c6a5	143
1984e74b-c2d4-4484-bc51-6f356196c6a5	141
1984e74b-c2d4-4484-bc51-6f356196c6a5	142
1984e74b-c2d4-4484-bc51-6f356196c6a5	233
1984e74b-c2d4-4484-bc51-6f356196c6a5	234
1984e74b-c2d4-4484-bc51-6f356196c6a5	134
1984e74b-c2d4-4484-bc51-6f356196c6a5	146
1984e74b-c2d4-4484-bc51-6f356196c6a5	133
1984e74b-c2d4-4484-bc51-6f356196c6a5	235
1984e74b-c2d4-4484-bc51-6f356196c6a5	147
1984e74b-c2d4-4484-bc51-6f356196c6a5	236
1984e74b-c2d4-4484-bc51-6f356196c6a5	237
1984e74b-c2d4-4484-bc51-6f356196c6a5	153
1984e74b-c2d4-4484-bc51-6f356196c6a5	238
1984e74b-c2d4-4484-bc51-6f356196c6a5	239
1984e74b-c2d4-4484-bc51-6f356196c6a5	240
1984e74b-c2d4-4484-bc51-6f356196c6a5	241
1984e74b-c2d4-4484-bc51-6f356196c6a5	156
1984e74b-c2d4-4484-bc51-6f356196c6a5	157
1984e74b-c2d4-4484-bc51-6f356196c6a5	242
1984e74b-c2d4-4484-bc51-6f356196c6a5	243
1984e74b-c2d4-4484-bc51-6f356196c6a5	272
1984e74b-c2d4-4484-bc51-6f356196c6a5	244
1984e74b-c2d4-4484-bc51-6f356196c6a5	138
1984e74b-c2d4-4484-bc51-6f356196c6a5	152
1984e74b-c2d4-4484-bc51-6f356196c6a5	150
1984e74b-c2d4-4484-bc51-6f356196c6a5	200
1984e74b-c2d4-4484-bc51-6f356196c6a5	245
1984e74b-c2d4-4484-bc51-6f356196c6a5	137
1984e74b-c2d4-4484-bc51-6f356196c6a5	145
1984e74b-c2d4-4484-bc51-6f356196c6a5	246
1984e74b-c2d4-4484-bc51-6f356196c6a5	247
1984e74b-c2d4-4484-bc51-6f356196c6a5	144
1984e74b-c2d4-4484-bc51-6f356196c6a5	135
1984e74b-c2d4-4484-bc51-6f356196c6a5	155
3fc97e65-a5fd-4861-bfd9-6ae84e6f3eca	154
3fc97e65-a5fd-4861-bfd9-6ae84e6f3eca	131
326fb5de-9f01-4a15-8b7a-cbac9b5af646	243
326fb5de-9f01-4a15-8b7a-cbac9b5af646	272
326fb5de-9f01-4a15-8b7a-cbac9b5af646	244
326fb5de-9f01-4a15-8b7a-cbac9b5af646	138
326fb5de-9f01-4a15-8b7a-cbac9b5af646	152
36f8ae71-2cd5-436a-8afe-38db598ebcea	162
36f8ae71-2cd5-436a-8afe-38db598ebcea	154
36f8ae71-2cd5-436a-8afe-38db598ebcea	131
36f8ae71-2cd5-436a-8afe-38db598ebcea	228
36f8ae71-2cd5-436a-8afe-38db598ebcea	229
36f8ae71-2cd5-436a-8afe-38db598ebcea	230
36f8ae71-2cd5-436a-8afe-38db598ebcea	231
36f8ae71-2cd5-436a-8afe-38db598ebcea	158
36f8ae71-2cd5-436a-8afe-38db598ebcea	159
36f8ae71-2cd5-436a-8afe-38db598ebcea	161
36f8ae71-2cd5-436a-8afe-38db598ebcea	203
36f8ae71-2cd5-436a-8afe-38db598ebcea	232
36f8ae71-2cd5-436a-8afe-38db598ebcea	273
36f8ae71-2cd5-436a-8afe-38db598ebcea	143
36f8ae71-2cd5-436a-8afe-38db598ebcea	141
36f8ae71-2cd5-436a-8afe-38db598ebcea	142
36f8ae71-2cd5-436a-8afe-38db598ebcea	233
36f8ae71-2cd5-436a-8afe-38db598ebcea	234
36f8ae71-2cd5-436a-8afe-38db598ebcea	134
36f8ae71-2cd5-436a-8afe-38db598ebcea	146
36f8ae71-2cd5-436a-8afe-38db598ebcea	133
36f8ae71-2cd5-436a-8afe-38db598ebcea	235
36f8ae71-2cd5-436a-8afe-38db598ebcea	147
36f8ae71-2cd5-436a-8afe-38db598ebcea	236
36f8ae71-2cd5-436a-8afe-38db598ebcea	237
36f8ae71-2cd5-436a-8afe-38db598ebcea	153
36f8ae71-2cd5-436a-8afe-38db598ebcea	238
36f8ae71-2cd5-436a-8afe-38db598ebcea	239
36f8ae71-2cd5-436a-8afe-38db598ebcea	240
36f8ae71-2cd5-436a-8afe-38db598ebcea	241
36f8ae71-2cd5-436a-8afe-38db598ebcea	156
36f8ae71-2cd5-436a-8afe-38db598ebcea	157
36f8ae71-2cd5-436a-8afe-38db598ebcea	242
36f8ae71-2cd5-436a-8afe-38db598ebcea	243
36f8ae71-2cd5-436a-8afe-38db598ebcea	272
36f8ae71-2cd5-436a-8afe-38db598ebcea	244
36f8ae71-2cd5-436a-8afe-38db598ebcea	138
36f8ae71-2cd5-436a-8afe-38db598ebcea	152
36f8ae71-2cd5-436a-8afe-38db598ebcea	150
ce21d422-f598-40ae-9415-eebc883d04c5	151
ce21d422-f598-40ae-9415-eebc883d04c5	162
ce21d422-f598-40ae-9415-eebc883d04c5	154
ce21d422-f598-40ae-9415-eebc883d04c5	131
ce21d422-f598-40ae-9415-eebc883d04c5	228
ce21d422-f598-40ae-9415-eebc883d04c5	229
ce21d422-f598-40ae-9415-eebc883d04c5	230
ce21d422-f598-40ae-9415-eebc883d04c5	231
ce21d422-f598-40ae-9415-eebc883d04c5	158
ce21d422-f598-40ae-9415-eebc883d04c5	159
ce21d422-f598-40ae-9415-eebc883d04c5	161
ce21d422-f598-40ae-9415-eebc883d04c5	203
ce21d422-f598-40ae-9415-eebc883d04c5	232
ce21d422-f598-40ae-9415-eebc883d04c5	273
ce21d422-f598-40ae-9415-eebc883d04c5	143
ce21d422-f598-40ae-9415-eebc883d04c5	141
ce21d422-f598-40ae-9415-eebc883d04c5	142
ce21d422-f598-40ae-9415-eebc883d04c5	233
ce21d422-f598-40ae-9415-eebc883d04c5	234
ce21d422-f598-40ae-9415-eebc883d04c5	134
ce21d422-f598-40ae-9415-eebc883d04c5	146
ce21d422-f598-40ae-9415-eebc883d04c5	133
ce21d422-f598-40ae-9415-eebc883d04c5	235
ce21d422-f598-40ae-9415-eebc883d04c5	147
ce21d422-f598-40ae-9415-eebc883d04c5	236
ce21d422-f598-40ae-9415-eebc883d04c5	237
ce21d422-f598-40ae-9415-eebc883d04c5	153
ce21d422-f598-40ae-9415-eebc883d04c5	238
ce21d422-f598-40ae-9415-eebc883d04c5	239
ce21d422-f598-40ae-9415-eebc883d04c5	240
ce21d422-f598-40ae-9415-eebc883d04c5	241
ce21d422-f598-40ae-9415-eebc883d04c5	156
ce21d422-f598-40ae-9415-eebc883d04c5	157
8363e94a-cca8-423b-8e3d-eee6c29267d2	151
8363e94a-cca8-423b-8e3d-eee6c29267d2	162
8363e94a-cca8-423b-8e3d-eee6c29267d2	154
8363e94a-cca8-423b-8e3d-eee6c29267d2	131
8363e94a-cca8-423b-8e3d-eee6c29267d2	228
8363e94a-cca8-423b-8e3d-eee6c29267d2	229
8363e94a-cca8-423b-8e3d-eee6c29267d2	230
8363e94a-cca8-423b-8e3d-eee6c29267d2	231
8363e94a-cca8-423b-8e3d-eee6c29267d2	158
8363e94a-cca8-423b-8e3d-eee6c29267d2	159
8363e94a-cca8-423b-8e3d-eee6c29267d2	161
8363e94a-cca8-423b-8e3d-eee6c29267d2	203
8363e94a-cca8-423b-8e3d-eee6c29267d2	232
8363e94a-cca8-423b-8e3d-eee6c29267d2	273
8363e94a-cca8-423b-8e3d-eee6c29267d2	143
8363e94a-cca8-423b-8e3d-eee6c29267d2	141
8363e94a-cca8-423b-8e3d-eee6c29267d2	142
8363e94a-cca8-423b-8e3d-eee6c29267d2	233
8363e94a-cca8-423b-8e3d-eee6c29267d2	234
8363e94a-cca8-423b-8e3d-eee6c29267d2	134
8363e94a-cca8-423b-8e3d-eee6c29267d2	146
8363e94a-cca8-423b-8e3d-eee6c29267d2	133
8363e94a-cca8-423b-8e3d-eee6c29267d2	235
8363e94a-cca8-423b-8e3d-eee6c29267d2	147
8363e94a-cca8-423b-8e3d-eee6c29267d2	236
8363e94a-cca8-423b-8e3d-eee6c29267d2	237
8363e94a-cca8-423b-8e3d-eee6c29267d2	153
8363e94a-cca8-423b-8e3d-eee6c29267d2	238
8363e94a-cca8-423b-8e3d-eee6c29267d2	239
8363e94a-cca8-423b-8e3d-eee6c29267d2	240
8363e94a-cca8-423b-8e3d-eee6c29267d2	241
8363e94a-cca8-423b-8e3d-eee6c29267d2	156
8363e94a-cca8-423b-8e3d-eee6c29267d2	157
8363e94a-cca8-423b-8e3d-eee6c29267d2	242
8363e94a-cca8-423b-8e3d-eee6c29267d2	243
8363e94a-cca8-423b-8e3d-eee6c29267d2	272
8363e94a-cca8-423b-8e3d-eee6c29267d2	244
8363e94a-cca8-423b-8e3d-eee6c29267d2	138
8363e94a-cca8-423b-8e3d-eee6c29267d2	152
8363e94a-cca8-423b-8e3d-eee6c29267d2	150
8363e94a-cca8-423b-8e3d-eee6c29267d2	200
8363e94a-cca8-423b-8e3d-eee6c29267d2	245
3825a543-5565-4e2e-ba48-c6d7458bcc9b	251
3825a543-5565-4e2e-ba48-c6d7458bcc9b	252
3825a543-5565-4e2e-ba48-c6d7458bcc9b	253
3825a543-5565-4e2e-ba48-c6d7458bcc9b	213
3825a543-5565-4e2e-ba48-c6d7458bcc9b	214
3825a543-5565-4e2e-ba48-c6d7458bcc9b	215
3825a543-5565-4e2e-ba48-c6d7458bcc9b	216
3825a543-5565-4e2e-ba48-c6d7458bcc9b	217
3825a543-5565-4e2e-ba48-c6d7458bcc9b	218
3825a543-5565-4e2e-ba48-c6d7458bcc9b	219
3825a543-5565-4e2e-ba48-c6d7458bcc9b	220
3825a543-5565-4e2e-ba48-c6d7458bcc9b	221
3825a543-5565-4e2e-ba48-c6d7458bcc9b	222
3825a543-5565-4e2e-ba48-c6d7458bcc9b	223
3825a543-5565-4e2e-ba48-c6d7458bcc9b	224
3825a543-5565-4e2e-ba48-c6d7458bcc9b	225
3825a543-5565-4e2e-ba48-c6d7458bcc9b	226
3825a543-5565-4e2e-ba48-c6d7458bcc9b	271
3825a543-5565-4e2e-ba48-c6d7458bcc9b	160
3825a543-5565-4e2e-ba48-c6d7458bcc9b	227
3825a543-5565-4e2e-ba48-c6d7458bcc9b	149
3825a543-5565-4e2e-ba48-c6d7458bcc9b	130
3825a543-5565-4e2e-ba48-c6d7458bcc9b	151
3825a543-5565-4e2e-ba48-c6d7458bcc9b	162
3825a543-5565-4e2e-ba48-c6d7458bcc9b	154
3825a543-5565-4e2e-ba48-c6d7458bcc9b	131
3825a543-5565-4e2e-ba48-c6d7458bcc9b	228
3825a543-5565-4e2e-ba48-c6d7458bcc9b	229
3825a543-5565-4e2e-ba48-c6d7458bcc9b	230
3825a543-5565-4e2e-ba48-c6d7458bcc9b	231
3825a543-5565-4e2e-ba48-c6d7458bcc9b	158
3825a543-5565-4e2e-ba48-c6d7458bcc9b	159
3825a543-5565-4e2e-ba48-c6d7458bcc9b	161
3825a543-5565-4e2e-ba48-c6d7458bcc9b	203
3825a543-5565-4e2e-ba48-c6d7458bcc9b	232
3825a543-5565-4e2e-ba48-c6d7458bcc9b	273
3825a543-5565-4e2e-ba48-c6d7458bcc9b	234
3825a543-5565-4e2e-ba48-c6d7458bcc9b	134
3fc97e65-a5fd-4861-bfd9-6ae84e6f3eca	228
3fc97e65-a5fd-4861-bfd9-6ae84e6f3eca	229
3fc97e65-a5fd-4861-bfd9-6ae84e6f3eca	230
3fc97e65-a5fd-4861-bfd9-6ae84e6f3eca	231
3fc97e65-a5fd-4861-bfd9-6ae84e6f3eca	158
3fc97e65-a5fd-4861-bfd9-6ae84e6f3eca	159
3fc97e65-a5fd-4861-bfd9-6ae84e6f3eca	161
3fc97e65-a5fd-4861-bfd9-6ae84e6f3eca	203
3fc97e65-a5fd-4861-bfd9-6ae84e6f3eca	232
3fc97e65-a5fd-4861-bfd9-6ae84e6f3eca	273
3fc97e65-a5fd-4861-bfd9-6ae84e6f3eca	143
3fc97e65-a5fd-4861-bfd9-6ae84e6f3eca	141
3fc97e65-a5fd-4861-bfd9-6ae84e6f3eca	142
3fc97e65-a5fd-4861-bfd9-6ae84e6f3eca	233
3fc97e65-a5fd-4861-bfd9-6ae84e6f3eca	234
3fc97e65-a5fd-4861-bfd9-6ae84e6f3eca	134
3fc97e65-a5fd-4861-bfd9-6ae84e6f3eca	146
3fc97e65-a5fd-4861-bfd9-6ae84e6f3eca	133
3fc97e65-a5fd-4861-bfd9-6ae84e6f3eca	235
3fc97e65-a5fd-4861-bfd9-6ae84e6f3eca	147
3fc97e65-a5fd-4861-bfd9-6ae84e6f3eca	236
3fc97e65-a5fd-4861-bfd9-6ae84e6f3eca	237
3fc97e65-a5fd-4861-bfd9-6ae84e6f3eca	153
3fc97e65-a5fd-4861-bfd9-6ae84e6f3eca	238
3fc97e65-a5fd-4861-bfd9-6ae84e6f3eca	239
3fc97e65-a5fd-4861-bfd9-6ae84e6f3eca	240
3fc97e65-a5fd-4861-bfd9-6ae84e6f3eca	241
3fc97e65-a5fd-4861-bfd9-6ae84e6f3eca	156
3fc97e65-a5fd-4861-bfd9-6ae84e6f3eca	157
3fc97e65-a5fd-4861-bfd9-6ae84e6f3eca	242
3fc97e65-a5fd-4861-bfd9-6ae84e6f3eca	243
3fc97e65-a5fd-4861-bfd9-6ae84e6f3eca	272
3fc97e65-a5fd-4861-bfd9-6ae84e6f3eca	244
3fc97e65-a5fd-4861-bfd9-6ae84e6f3eca	138
3fc97e65-a5fd-4861-bfd9-6ae84e6f3eca	152
3fc97e65-a5fd-4861-bfd9-6ae84e6f3eca	150
3fc97e65-a5fd-4861-bfd9-6ae84e6f3eca	200
3fc97e65-a5fd-4861-bfd9-6ae84e6f3eca	245
3fc97e65-a5fd-4861-bfd9-6ae84e6f3eca	137
3fc97e65-a5fd-4861-bfd9-6ae84e6f3eca	145
3fc97e65-a5fd-4861-bfd9-6ae84e6f3eca	246
3fc97e65-a5fd-4861-bfd9-6ae84e6f3eca	247
3fc97e65-a5fd-4861-bfd9-6ae84e6f3eca	144
3fc97e65-a5fd-4861-bfd9-6ae84e6f3eca	135
3fc97e65-a5fd-4861-bfd9-6ae84e6f3eca	155
71490619-8a64-44ed-bba8-561deea7ac2b	216
71490619-8a64-44ed-bba8-561deea7ac2b	217
71490619-8a64-44ed-bba8-561deea7ac2b	218
71490619-8a64-44ed-bba8-561deea7ac2b	219
71490619-8a64-44ed-bba8-561deea7ac2b	220
71490619-8a64-44ed-bba8-561deea7ac2b	221
71490619-8a64-44ed-bba8-561deea7ac2b	222
71490619-8a64-44ed-bba8-561deea7ac2b	223
71490619-8a64-44ed-bba8-561deea7ac2b	224
71490619-8a64-44ed-bba8-561deea7ac2b	225
71490619-8a64-44ed-bba8-561deea7ac2b	226
71490619-8a64-44ed-bba8-561deea7ac2b	271
71490619-8a64-44ed-bba8-561deea7ac2b	132
71490619-8a64-44ed-bba8-561deea7ac2b	140
71490619-8a64-44ed-bba8-561deea7ac2b	139
71490619-8a64-44ed-bba8-561deea7ac2b	136
71490619-8a64-44ed-bba8-561deea7ac2b	160
71490619-8a64-44ed-bba8-561deea7ac2b	227
71490619-8a64-44ed-bba8-561deea7ac2b	149
71490619-8a64-44ed-bba8-561deea7ac2b	130
71490619-8a64-44ed-bba8-561deea7ac2b	151
71490619-8a64-44ed-bba8-561deea7ac2b	162
71490619-8a64-44ed-bba8-561deea7ac2b	154
71490619-8a64-44ed-bba8-561deea7ac2b	131
71490619-8a64-44ed-bba8-561deea7ac2b	228
71490619-8a64-44ed-bba8-561deea7ac2b	229
71490619-8a64-44ed-bba8-561deea7ac2b	230
71490619-8a64-44ed-bba8-561deea7ac2b	231
71490619-8a64-44ed-bba8-561deea7ac2b	158
71490619-8a64-44ed-bba8-561deea7ac2b	159
71490619-8a64-44ed-bba8-561deea7ac2b	161
71490619-8a64-44ed-bba8-561deea7ac2b	203
71490619-8a64-44ed-bba8-561deea7ac2b	232
71490619-8a64-44ed-bba8-561deea7ac2b	273
71490619-8a64-44ed-bba8-561deea7ac2b	143
71490619-8a64-44ed-bba8-561deea7ac2b	141
71490619-8a64-44ed-bba8-561deea7ac2b	142
71490619-8a64-44ed-bba8-561deea7ac2b	233
71490619-8a64-44ed-bba8-561deea7ac2b	234
71490619-8a64-44ed-bba8-561deea7ac2b	134
71490619-8a64-44ed-bba8-561deea7ac2b	146
71490619-8a64-44ed-bba8-561deea7ac2b	133
71490619-8a64-44ed-bba8-561deea7ac2b	235
71490619-8a64-44ed-bba8-561deea7ac2b	147
71490619-8a64-44ed-bba8-561deea7ac2b	236
71490619-8a64-44ed-bba8-561deea7ac2b	237
71490619-8a64-44ed-bba8-561deea7ac2b	153
71490619-8a64-44ed-bba8-561deea7ac2b	238
71490619-8a64-44ed-bba8-561deea7ac2b	239
71490619-8a64-44ed-bba8-561deea7ac2b	240
71490619-8a64-44ed-bba8-561deea7ac2b	241
71490619-8a64-44ed-bba8-561deea7ac2b	156
71490619-8a64-44ed-bba8-561deea7ac2b	157
71490619-8a64-44ed-bba8-561deea7ac2b	242
71490619-8a64-44ed-bba8-561deea7ac2b	243
71490619-8a64-44ed-bba8-561deea7ac2b	272
71490619-8a64-44ed-bba8-561deea7ac2b	244
71490619-8a64-44ed-bba8-561deea7ac2b	138
71490619-8a64-44ed-bba8-561deea7ac2b	152
71490619-8a64-44ed-bba8-561deea7ac2b	150
71490619-8a64-44ed-bba8-561deea7ac2b	200
71490619-8a64-44ed-bba8-561deea7ac2b	245
71490619-8a64-44ed-bba8-561deea7ac2b	137
71490619-8a64-44ed-bba8-561deea7ac2b	145
71490619-8a64-44ed-bba8-561deea7ac2b	246
71490619-8a64-44ed-bba8-561deea7ac2b	247
71490619-8a64-44ed-bba8-561deea7ac2b	144
71490619-8a64-44ed-bba8-561deea7ac2b	135
71490619-8a64-44ed-bba8-561deea7ac2b	155
71490619-8a64-44ed-bba8-561deea7ac2b	148
71490619-8a64-44ed-bba8-561deea7ac2b	254
71490619-8a64-44ed-bba8-561deea7ac2b	255
71490619-8a64-44ed-bba8-561deea7ac2b	256
71490619-8a64-44ed-bba8-561deea7ac2b	257
71490619-8a64-44ed-bba8-561deea7ac2b	258
71490619-8a64-44ed-bba8-561deea7ac2b	259
71490619-8a64-44ed-bba8-561deea7ac2b	260
71490619-8a64-44ed-bba8-561deea7ac2b	274
71490619-8a64-44ed-bba8-561deea7ac2b	261
71490619-8a64-44ed-bba8-561deea7ac2b	262
71490619-8a64-44ed-bba8-561deea7ac2b	263
71490619-8a64-44ed-bba8-561deea7ac2b	264
835bdbed-3e51-4b9e-8032-63f09d5ab6fd	131
835bdbed-3e51-4b9e-8032-63f09d5ab6fd	228
835bdbed-3e51-4b9e-8032-63f09d5ab6fd	229
835bdbed-3e51-4b9e-8032-63f09d5ab6fd	230
835bdbed-3e51-4b9e-8032-63f09d5ab6fd	231
835bdbed-3e51-4b9e-8032-63f09d5ab6fd	158
835bdbed-3e51-4b9e-8032-63f09d5ab6fd	159
835bdbed-3e51-4b9e-8032-63f09d5ab6fd	161
835bdbed-3e51-4b9e-8032-63f09d5ab6fd	203
835bdbed-3e51-4b9e-8032-63f09d5ab6fd	232
835bdbed-3e51-4b9e-8032-63f09d5ab6fd	273
835bdbed-3e51-4b9e-8032-63f09d5ab6fd	143
835bdbed-3e51-4b9e-8032-63f09d5ab6fd	141
835bdbed-3e51-4b9e-8032-63f09d5ab6fd	142
835bdbed-3e51-4b9e-8032-63f09d5ab6fd	233
835bdbed-3e51-4b9e-8032-63f09d5ab6fd	234
835bdbed-3e51-4b9e-8032-63f09d5ab6fd	134
835bdbed-3e51-4b9e-8032-63f09d5ab6fd	146
835bdbed-3e51-4b9e-8032-63f09d5ab6fd	133
835bdbed-3e51-4b9e-8032-63f09d5ab6fd	235
835bdbed-3e51-4b9e-8032-63f09d5ab6fd	147
835bdbed-3e51-4b9e-8032-63f09d5ab6fd	236
835bdbed-3e51-4b9e-8032-63f09d5ab6fd	237
835bdbed-3e51-4b9e-8032-63f09d5ab6fd	153
835bdbed-3e51-4b9e-8032-63f09d5ab6fd	238
835bdbed-3e51-4b9e-8032-63f09d5ab6fd	239
835bdbed-3e51-4b9e-8032-63f09d5ab6fd	240
835bdbed-3e51-4b9e-8032-63f09d5ab6fd	241
835bdbed-3e51-4b9e-8032-63f09d5ab6fd	156
835bdbed-3e51-4b9e-8032-63f09d5ab6fd	157
3825a543-5565-4e2e-ba48-c6d7458bcc9b	146
3825a543-5565-4e2e-ba48-c6d7458bcc9b	133
3825a543-5565-4e2e-ba48-c6d7458bcc9b	235
3825a543-5565-4e2e-ba48-c6d7458bcc9b	147
3825a543-5565-4e2e-ba48-c6d7458bcc9b	236
3825a543-5565-4e2e-ba48-c6d7458bcc9b	237
3825a543-5565-4e2e-ba48-c6d7458bcc9b	153
3825a543-5565-4e2e-ba48-c6d7458bcc9b	238
3825a543-5565-4e2e-ba48-c6d7458bcc9b	239
3825a543-5565-4e2e-ba48-c6d7458bcc9b	240
3825a543-5565-4e2e-ba48-c6d7458bcc9b	241
3825a543-5565-4e2e-ba48-c6d7458bcc9b	156
3825a543-5565-4e2e-ba48-c6d7458bcc9b	157
3825a543-5565-4e2e-ba48-c6d7458bcc9b	242
3825a543-5565-4e2e-ba48-c6d7458bcc9b	243
3825a543-5565-4e2e-ba48-c6d7458bcc9b	272
3825a543-5565-4e2e-ba48-c6d7458bcc9b	200
3825a543-5565-4e2e-ba48-c6d7458bcc9b	245
3825a543-5565-4e2e-ba48-c6d7458bcc9b	137
3825a543-5565-4e2e-ba48-c6d7458bcc9b	145
3825a543-5565-4e2e-ba48-c6d7458bcc9b	246
3825a543-5565-4e2e-ba48-c6d7458bcc9b	247
3825a543-5565-4e2e-ba48-c6d7458bcc9b	144
3825a543-5565-4e2e-ba48-c6d7458bcc9b	135
c9fd7964-f528-4ad9-b23b-b070342d758d	154
c9fd7964-f528-4ad9-b23b-b070342d758d	131
c9fd7964-f528-4ad9-b23b-b070342d758d	228
c9fd7964-f528-4ad9-b23b-b070342d758d	229
c9fd7964-f528-4ad9-b23b-b070342d758d	230
c9fd7964-f528-4ad9-b23b-b070342d758d	231
c9fd7964-f528-4ad9-b23b-b070342d758d	158
c9fd7964-f528-4ad9-b23b-b070342d758d	159
c9fd7964-f528-4ad9-b23b-b070342d758d	161
c9fd7964-f528-4ad9-b23b-b070342d758d	203
c9fd7964-f528-4ad9-b23b-b070342d758d	232
c9fd7964-f528-4ad9-b23b-b070342d758d	273
c9fd7964-f528-4ad9-b23b-b070342d758d	143
c9fd7964-f528-4ad9-b23b-b070342d758d	141
c9fd7964-f528-4ad9-b23b-b070342d758d	142
c9fd7964-f528-4ad9-b23b-b070342d758d	233
c9fd7964-f528-4ad9-b23b-b070342d758d	234
c9fd7964-f528-4ad9-b23b-b070342d758d	134
c9fd7964-f528-4ad9-b23b-b070342d758d	146
c9fd7964-f528-4ad9-b23b-b070342d758d	133
c9fd7964-f528-4ad9-b23b-b070342d758d	235
c9fd7964-f528-4ad9-b23b-b070342d758d	147
c9fd7964-f528-4ad9-b23b-b070342d758d	236
c9fd7964-f528-4ad9-b23b-b070342d758d	237
c9fd7964-f528-4ad9-b23b-b070342d758d	153
c9fd7964-f528-4ad9-b23b-b070342d758d	238
c9fd7964-f528-4ad9-b23b-b070342d758d	239
c9fd7964-f528-4ad9-b23b-b070342d758d	240
c9fd7964-f528-4ad9-b23b-b070342d758d	241
c9fd7964-f528-4ad9-b23b-b070342d758d	156
c9fd7964-f528-4ad9-b23b-b070342d758d	157
c9fd7964-f528-4ad9-b23b-b070342d758d	242
c9fd7964-f528-4ad9-b23b-b070342d758d	243
c9fd7964-f528-4ad9-b23b-b070342d758d	272
c9fd7964-f528-4ad9-b23b-b070342d758d	244
c9fd7964-f528-4ad9-b23b-b070342d758d	138
c9fd7964-f528-4ad9-b23b-b070342d758d	152
c9fd7964-f528-4ad9-b23b-b070342d758d	150
c9fd7964-f528-4ad9-b23b-b070342d758d	200
c9fd7964-f528-4ad9-b23b-b070342d758d	245
c4b6dbdc-ac72-4810-9983-19fbc2e47940	162
c4b6dbdc-ac72-4810-9983-19fbc2e47940	154
c4b6dbdc-ac72-4810-9983-19fbc2e47940	131
c4b6dbdc-ac72-4810-9983-19fbc2e47940	228
c4b6dbdc-ac72-4810-9983-19fbc2e47940	229
c4b6dbdc-ac72-4810-9983-19fbc2e47940	230
c4b6dbdc-ac72-4810-9983-19fbc2e47940	231
c4b6dbdc-ac72-4810-9983-19fbc2e47940	158
c4b6dbdc-ac72-4810-9983-19fbc2e47940	159
c4b6dbdc-ac72-4810-9983-19fbc2e47940	161
c4b6dbdc-ac72-4810-9983-19fbc2e47940	203
c4b6dbdc-ac72-4810-9983-19fbc2e47940	232
c4b6dbdc-ac72-4810-9983-19fbc2e47940	273
c4b6dbdc-ac72-4810-9983-19fbc2e47940	143
c4b6dbdc-ac72-4810-9983-19fbc2e47940	141
c4b6dbdc-ac72-4810-9983-19fbc2e47940	142
c4b6dbdc-ac72-4810-9983-19fbc2e47940	233
c4b6dbdc-ac72-4810-9983-19fbc2e47940	234
c4b6dbdc-ac72-4810-9983-19fbc2e47940	134
c4b6dbdc-ac72-4810-9983-19fbc2e47940	146
c4b6dbdc-ac72-4810-9983-19fbc2e47940	133
c4b6dbdc-ac72-4810-9983-19fbc2e47940	235
c4b6dbdc-ac72-4810-9983-19fbc2e47940	147
c4b6dbdc-ac72-4810-9983-19fbc2e47940	236
c4b6dbdc-ac72-4810-9983-19fbc2e47940	237
c4b6dbdc-ac72-4810-9983-19fbc2e47940	153
c4b6dbdc-ac72-4810-9983-19fbc2e47940	238
c4b6dbdc-ac72-4810-9983-19fbc2e47940	239
c4b6dbdc-ac72-4810-9983-19fbc2e47940	240
c4b6dbdc-ac72-4810-9983-19fbc2e47940	241
c4b6dbdc-ac72-4810-9983-19fbc2e47940	156
c4b6dbdc-ac72-4810-9983-19fbc2e47940	157
c4b6dbdc-ac72-4810-9983-19fbc2e47940	242
c4b6dbdc-ac72-4810-9983-19fbc2e47940	243
c4b6dbdc-ac72-4810-9983-19fbc2e47940	272
c4b6dbdc-ac72-4810-9983-19fbc2e47940	244
c4b6dbdc-ac72-4810-9983-19fbc2e47940	138
c4b6dbdc-ac72-4810-9983-19fbc2e47940	152
c4b6dbdc-ac72-4810-9983-19fbc2e47940	150
c4b6dbdc-ac72-4810-9983-19fbc2e47940	200
c4b6dbdc-ac72-4810-9983-19fbc2e47940	245
c4b6dbdc-ac72-4810-9983-19fbc2e47940	137
c4b6dbdc-ac72-4810-9983-19fbc2e47940	145
c4b6dbdc-ac72-4810-9983-19fbc2e47940	246
4d248b66-5c76-420a-962b-8cc006523841	140
4d248b66-5c76-420a-962b-8cc006523841	139
4d248b66-5c76-420a-962b-8cc006523841	136
4d248b66-5c76-420a-962b-8cc006523841	160
4d248b66-5c76-420a-962b-8cc006523841	227
4d248b66-5c76-420a-962b-8cc006523841	149
4d248b66-5c76-420a-962b-8cc006523841	130
4d248b66-5c76-420a-962b-8cc006523841	151
4d248b66-5c76-420a-962b-8cc006523841	162
4d248b66-5c76-420a-962b-8cc006523841	154
4d248b66-5c76-420a-962b-8cc006523841	131
4d248b66-5c76-420a-962b-8cc006523841	228
4d248b66-5c76-420a-962b-8cc006523841	229
4d248b66-5c76-420a-962b-8cc006523841	230
4d248b66-5c76-420a-962b-8cc006523841	231
4d248b66-5c76-420a-962b-8cc006523841	158
4d248b66-5c76-420a-962b-8cc006523841	159
4d248b66-5c76-420a-962b-8cc006523841	161
4d248b66-5c76-420a-962b-8cc006523841	203
4d248b66-5c76-420a-962b-8cc006523841	232
4d248b66-5c76-420a-962b-8cc006523841	273
4d248b66-5c76-420a-962b-8cc006523841	143
4d248b66-5c76-420a-962b-8cc006523841	141
4d248b66-5c76-420a-962b-8cc006523841	142
4d248b66-5c76-420a-962b-8cc006523841	233
4d248b66-5c76-420a-962b-8cc006523841	234
4d248b66-5c76-420a-962b-8cc006523841	134
4d248b66-5c76-420a-962b-8cc006523841	146
4d248b66-5c76-420a-962b-8cc006523841	133
4d248b66-5c76-420a-962b-8cc006523841	235
4d248b66-5c76-420a-962b-8cc006523841	147
4d248b66-5c76-420a-962b-8cc006523841	236
4d248b66-5c76-420a-962b-8cc006523841	237
4d248b66-5c76-420a-962b-8cc006523841	153
4d248b66-5c76-420a-962b-8cc006523841	238
4d248b66-5c76-420a-962b-8cc006523841	239
4d248b66-5c76-420a-962b-8cc006523841	240
5445e157-ed64-42c6-a895-565dc15e2e18	131
5445e157-ed64-42c6-a895-565dc15e2e18	228
5445e157-ed64-42c6-a895-565dc15e2e18	229
5445e157-ed64-42c6-a895-565dc15e2e18	230
5445e157-ed64-42c6-a895-565dc15e2e18	231
5445e157-ed64-42c6-a895-565dc15e2e18	158
5445e157-ed64-42c6-a895-565dc15e2e18	159
5445e157-ed64-42c6-a895-565dc15e2e18	161
5445e157-ed64-42c6-a895-565dc15e2e18	203
5445e157-ed64-42c6-a895-565dc15e2e18	232
5445e157-ed64-42c6-a895-565dc15e2e18	273
5445e157-ed64-42c6-a895-565dc15e2e18	143
835bdbed-3e51-4b9e-8032-63f09d5ab6fd	242
835bdbed-3e51-4b9e-8032-63f09d5ab6fd	243
835bdbed-3e51-4b9e-8032-63f09d5ab6fd	272
835bdbed-3e51-4b9e-8032-63f09d5ab6fd	244
835bdbed-3e51-4b9e-8032-63f09d5ab6fd	138
835bdbed-3e51-4b9e-8032-63f09d5ab6fd	152
835bdbed-3e51-4b9e-8032-63f09d5ab6fd	150
835bdbed-3e51-4b9e-8032-63f09d5ab6fd	200
835bdbed-3e51-4b9e-8032-63f09d5ab6fd	245
835bdbed-3e51-4b9e-8032-63f09d5ab6fd	137
835bdbed-3e51-4b9e-8032-63f09d5ab6fd	145
835bdbed-3e51-4b9e-8032-63f09d5ab6fd	246
835bdbed-3e51-4b9e-8032-63f09d5ab6fd	247
835bdbed-3e51-4b9e-8032-63f09d5ab6fd	144
835bdbed-3e51-4b9e-8032-63f09d5ab6fd	135
835bdbed-3e51-4b9e-8032-63f09d5ab6fd	155
835bdbed-3e51-4b9e-8032-63f09d5ab6fd	148
835bdbed-3e51-4b9e-8032-63f09d5ab6fd	254
835bdbed-3e51-4b9e-8032-63f09d5ab6fd	255
835bdbed-3e51-4b9e-8032-63f09d5ab6fd	256
835bdbed-3e51-4b9e-8032-63f09d5ab6fd	257
835bdbed-3e51-4b9e-8032-63f09d5ab6fd	258
835bdbed-3e51-4b9e-8032-63f09d5ab6fd	259
835bdbed-3e51-4b9e-8032-63f09d5ab6fd	260
835bdbed-3e51-4b9e-8032-63f09d5ab6fd	274
265ca397-57cd-4b6a-bdc2-c9d1fdb9cf64	162
265ca397-57cd-4b6a-bdc2-c9d1fdb9cf64	154
265ca397-57cd-4b6a-bdc2-c9d1fdb9cf64	131
265ca397-57cd-4b6a-bdc2-c9d1fdb9cf64	228
265ca397-57cd-4b6a-bdc2-c9d1fdb9cf64	229
265ca397-57cd-4b6a-bdc2-c9d1fdb9cf64	230
265ca397-57cd-4b6a-bdc2-c9d1fdb9cf64	231
265ca397-57cd-4b6a-bdc2-c9d1fdb9cf64	158
265ca397-57cd-4b6a-bdc2-c9d1fdb9cf64	159
265ca397-57cd-4b6a-bdc2-c9d1fdb9cf64	161
265ca397-57cd-4b6a-bdc2-c9d1fdb9cf64	203
265ca397-57cd-4b6a-bdc2-c9d1fdb9cf64	232
265ca397-57cd-4b6a-bdc2-c9d1fdb9cf64	273
265ca397-57cd-4b6a-bdc2-c9d1fdb9cf64	143
265ca397-57cd-4b6a-bdc2-c9d1fdb9cf64	141
265ca397-57cd-4b6a-bdc2-c9d1fdb9cf64	142
265ca397-57cd-4b6a-bdc2-c9d1fdb9cf64	233
265ca397-57cd-4b6a-bdc2-c9d1fdb9cf64	234
265ca397-57cd-4b6a-bdc2-c9d1fdb9cf64	134
265ca397-57cd-4b6a-bdc2-c9d1fdb9cf64	146
265ca397-57cd-4b6a-bdc2-c9d1fdb9cf64	133
265ca397-57cd-4b6a-bdc2-c9d1fdb9cf64	235
265ca397-57cd-4b6a-bdc2-c9d1fdb9cf64	147
265ca397-57cd-4b6a-bdc2-c9d1fdb9cf64	236
265ca397-57cd-4b6a-bdc2-c9d1fdb9cf64	237
265ca397-57cd-4b6a-bdc2-c9d1fdb9cf64	153
265ca397-57cd-4b6a-bdc2-c9d1fdb9cf64	238
265ca397-57cd-4b6a-bdc2-c9d1fdb9cf64	239
265ca397-57cd-4b6a-bdc2-c9d1fdb9cf64	240
265ca397-57cd-4b6a-bdc2-c9d1fdb9cf64	241
265ca397-57cd-4b6a-bdc2-c9d1fdb9cf64	156
265ca397-57cd-4b6a-bdc2-c9d1fdb9cf64	157
265ca397-57cd-4b6a-bdc2-c9d1fdb9cf64	242
265ca397-57cd-4b6a-bdc2-c9d1fdb9cf64	243
265ca397-57cd-4b6a-bdc2-c9d1fdb9cf64	272
265ca397-57cd-4b6a-bdc2-c9d1fdb9cf64	244
265ca397-57cd-4b6a-bdc2-c9d1fdb9cf64	138
265ca397-57cd-4b6a-bdc2-c9d1fdb9cf64	152
265ca397-57cd-4b6a-bdc2-c9d1fdb9cf64	150
265ca397-57cd-4b6a-bdc2-c9d1fdb9cf64	200
265ca397-57cd-4b6a-bdc2-c9d1fdb9cf64	245
265ca397-57cd-4b6a-bdc2-c9d1fdb9cf64	137
265ca397-57cd-4b6a-bdc2-c9d1fdb9cf64	145
265ca397-57cd-4b6a-bdc2-c9d1fdb9cf64	246
265ca397-57cd-4b6a-bdc2-c9d1fdb9cf64	247
265ca397-57cd-4b6a-bdc2-c9d1fdb9cf64	144
265ca397-57cd-4b6a-bdc2-c9d1fdb9cf64	135
265ca397-57cd-4b6a-bdc2-c9d1fdb9cf64	155
265ca397-57cd-4b6a-bdc2-c9d1fdb9cf64	148
265ca397-57cd-4b6a-bdc2-c9d1fdb9cf64	254
265ca397-57cd-4b6a-bdc2-c9d1fdb9cf64	255
265ca397-57cd-4b6a-bdc2-c9d1fdb9cf64	256
265ca397-57cd-4b6a-bdc2-c9d1fdb9cf64	257
bb8afc2d-0496-46ba-a1e7-dba4e5a9ea8c	154
bb8afc2d-0496-46ba-a1e7-dba4e5a9ea8c	131
bb8afc2d-0496-46ba-a1e7-dba4e5a9ea8c	228
bb8afc2d-0496-46ba-a1e7-dba4e5a9ea8c	229
bb8afc2d-0496-46ba-a1e7-dba4e5a9ea8c	230
bb8afc2d-0496-46ba-a1e7-dba4e5a9ea8c	231
bb8afc2d-0496-46ba-a1e7-dba4e5a9ea8c	158
bb8afc2d-0496-46ba-a1e7-dba4e5a9ea8c	159
bb8afc2d-0496-46ba-a1e7-dba4e5a9ea8c	161
bb8afc2d-0496-46ba-a1e7-dba4e5a9ea8c	203
bb8afc2d-0496-46ba-a1e7-dba4e5a9ea8c	232
bb8afc2d-0496-46ba-a1e7-dba4e5a9ea8c	273
bb8afc2d-0496-46ba-a1e7-dba4e5a9ea8c	143
bb8afc2d-0496-46ba-a1e7-dba4e5a9ea8c	141
bb8afc2d-0496-46ba-a1e7-dba4e5a9ea8c	142
bb8afc2d-0496-46ba-a1e7-dba4e5a9ea8c	233
bb8afc2d-0496-46ba-a1e7-dba4e5a9ea8c	234
bb8afc2d-0496-46ba-a1e7-dba4e5a9ea8c	134
bb8afc2d-0496-46ba-a1e7-dba4e5a9ea8c	146
bb8afc2d-0496-46ba-a1e7-dba4e5a9ea8c	133
bb8afc2d-0496-46ba-a1e7-dba4e5a9ea8c	235
bb8afc2d-0496-46ba-a1e7-dba4e5a9ea8c	147
bb8afc2d-0496-46ba-a1e7-dba4e5a9ea8c	236
bb8afc2d-0496-46ba-a1e7-dba4e5a9ea8c	237
bb8afc2d-0496-46ba-a1e7-dba4e5a9ea8c	153
bb8afc2d-0496-46ba-a1e7-dba4e5a9ea8c	238
bb8afc2d-0496-46ba-a1e7-dba4e5a9ea8c	239
bb8afc2d-0496-46ba-a1e7-dba4e5a9ea8c	240
bb8afc2d-0496-46ba-a1e7-dba4e5a9ea8c	241
bb8afc2d-0496-46ba-a1e7-dba4e5a9ea8c	156
bb8afc2d-0496-46ba-a1e7-dba4e5a9ea8c	157
bb8afc2d-0496-46ba-a1e7-dba4e5a9ea8c	242
bb8afc2d-0496-46ba-a1e7-dba4e5a9ea8c	243
bb8afc2d-0496-46ba-a1e7-dba4e5a9ea8c	272
bb8afc2d-0496-46ba-a1e7-dba4e5a9ea8c	244
bb8afc2d-0496-46ba-a1e7-dba4e5a9ea8c	138
bb8afc2d-0496-46ba-a1e7-dba4e5a9ea8c	152
bb8afc2d-0496-46ba-a1e7-dba4e5a9ea8c	150
8a998274-024b-40a9-b085-b100c2bbb382	248
8a998274-024b-40a9-b085-b100c2bbb382	249
8a998274-024b-40a9-b085-b100c2bbb382	250
8a998274-024b-40a9-b085-b100c2bbb382	251
8a998274-024b-40a9-b085-b100c2bbb382	252
8a998274-024b-40a9-b085-b100c2bbb382	253
8a998274-024b-40a9-b085-b100c2bbb382	213
8a998274-024b-40a9-b085-b100c2bbb382	214
8a998274-024b-40a9-b085-b100c2bbb382	215
8a998274-024b-40a9-b085-b100c2bbb382	216
8a998274-024b-40a9-b085-b100c2bbb382	217
8a998274-024b-40a9-b085-b100c2bbb382	218
8a998274-024b-40a9-b085-b100c2bbb382	219
8a998274-024b-40a9-b085-b100c2bbb382	220
8a998274-024b-40a9-b085-b100c2bbb382	221
8a998274-024b-40a9-b085-b100c2bbb382	222
8a998274-024b-40a9-b085-b100c2bbb382	223
8a998274-024b-40a9-b085-b100c2bbb382	224
8a998274-024b-40a9-b085-b100c2bbb382	225
8a998274-024b-40a9-b085-b100c2bbb382	226
8a998274-024b-40a9-b085-b100c2bbb382	271
8a998274-024b-40a9-b085-b100c2bbb382	132
8a998274-024b-40a9-b085-b100c2bbb382	140
8a998274-024b-40a9-b085-b100c2bbb382	139
8a998274-024b-40a9-b085-b100c2bbb382	136
8a998274-024b-40a9-b085-b100c2bbb382	160
8a998274-024b-40a9-b085-b100c2bbb382	227
8a998274-024b-40a9-b085-b100c2bbb382	149
8a998274-024b-40a9-b085-b100c2bbb382	130
8a998274-024b-40a9-b085-b100c2bbb382	151
8a998274-024b-40a9-b085-b100c2bbb382	162
8a998274-024b-40a9-b085-b100c2bbb382	154
8a998274-024b-40a9-b085-b100c2bbb382	131
8a998274-024b-40a9-b085-b100c2bbb382	228
8a998274-024b-40a9-b085-b100c2bbb382	229
8a998274-024b-40a9-b085-b100c2bbb382	230
8a998274-024b-40a9-b085-b100c2bbb382	231
8a998274-024b-40a9-b085-b100c2bbb382	158
8a998274-024b-40a9-b085-b100c2bbb382	159
8a998274-024b-40a9-b085-b100c2bbb382	161
8a998274-024b-40a9-b085-b100c2bbb382	203
5445e157-ed64-42c6-a895-565dc15e2e18	141
5445e157-ed64-42c6-a895-565dc15e2e18	142
5445e157-ed64-42c6-a895-565dc15e2e18	233
5445e157-ed64-42c6-a895-565dc15e2e18	234
5445e157-ed64-42c6-a895-565dc15e2e18	134
5445e157-ed64-42c6-a895-565dc15e2e18	146
5445e157-ed64-42c6-a895-565dc15e2e18	133
5445e157-ed64-42c6-a895-565dc15e2e18	235
5445e157-ed64-42c6-a895-565dc15e2e18	147
5445e157-ed64-42c6-a895-565dc15e2e18	236
5445e157-ed64-42c6-a895-565dc15e2e18	237
5445e157-ed64-42c6-a895-565dc15e2e18	153
5445e157-ed64-42c6-a895-565dc15e2e18	238
5445e157-ed64-42c6-a895-565dc15e2e18	239
5445e157-ed64-42c6-a895-565dc15e2e18	240
5445e157-ed64-42c6-a895-565dc15e2e18	241
5445e157-ed64-42c6-a895-565dc15e2e18	156
5445e157-ed64-42c6-a895-565dc15e2e18	157
5445e157-ed64-42c6-a895-565dc15e2e18	242
5445e157-ed64-42c6-a895-565dc15e2e18	243
5445e157-ed64-42c6-a895-565dc15e2e18	272
5445e157-ed64-42c6-a895-565dc15e2e18	244
5445e157-ed64-42c6-a895-565dc15e2e18	138
5445e157-ed64-42c6-a895-565dc15e2e18	152
5445e157-ed64-42c6-a895-565dc15e2e18	150
5445e157-ed64-42c6-a895-565dc15e2e18	200
5445e157-ed64-42c6-a895-565dc15e2e18	245
5445e157-ed64-42c6-a895-565dc15e2e18	137
5445e157-ed64-42c6-a895-565dc15e2e18	145
5445e157-ed64-42c6-a895-565dc15e2e18	246
0e4af916-f76c-4644-8392-2de9d1b38c3a	134
0e4af916-f76c-4644-8392-2de9d1b38c3a	146
0e4af916-f76c-4644-8392-2de9d1b38c3a	133
0e4af916-f76c-4644-8392-2de9d1b38c3a	235
0e4af916-f76c-4644-8392-2de9d1b38c3a	147
0e4af916-f76c-4644-8392-2de9d1b38c3a	236
0e4af916-f76c-4644-8392-2de9d1b38c3a	237
0e4af916-f76c-4644-8392-2de9d1b38c3a	153
0e4af916-f76c-4644-8392-2de9d1b38c3a	238
0e4af916-f76c-4644-8392-2de9d1b38c3a	239
0e4af916-f76c-4644-8392-2de9d1b38c3a	240
0e4af916-f76c-4644-8392-2de9d1b38c3a	241
0e4af916-f76c-4644-8392-2de9d1b38c3a	156
0e4af916-f76c-4644-8392-2de9d1b38c3a	157
0e4af916-f76c-4644-8392-2de9d1b38c3a	242
0e4af916-f76c-4644-8392-2de9d1b38c3a	243
0e4af916-f76c-4644-8392-2de9d1b38c3a	272
0e4af916-f76c-4644-8392-2de9d1b38c3a	244
0e4af916-f76c-4644-8392-2de9d1b38c3a	138
0e4af916-f76c-4644-8392-2de9d1b38c3a	152
0e4af916-f76c-4644-8392-2de9d1b38c3a	150
0e4af916-f76c-4644-8392-2de9d1b38c3a	200
0e4af916-f76c-4644-8392-2de9d1b38c3a	245
0e4af916-f76c-4644-8392-2de9d1b38c3a	137
17c83471-d523-425a-a475-8170ea0e79f0	140
17c83471-d523-425a-a475-8170ea0e79f0	139
17c83471-d523-425a-a475-8170ea0e79f0	136
17c83471-d523-425a-a475-8170ea0e79f0	160
17c83471-d523-425a-a475-8170ea0e79f0	227
17c83471-d523-425a-a475-8170ea0e79f0	149
17c83471-d523-425a-a475-8170ea0e79f0	130
17c83471-d523-425a-a475-8170ea0e79f0	151
17c83471-d523-425a-a475-8170ea0e79f0	162
17c83471-d523-425a-a475-8170ea0e79f0	154
17c83471-d523-425a-a475-8170ea0e79f0	131
17c83471-d523-425a-a475-8170ea0e79f0	228
17c83471-d523-425a-a475-8170ea0e79f0	229
17c83471-d523-425a-a475-8170ea0e79f0	230
17c83471-d523-425a-a475-8170ea0e79f0	231
17c83471-d523-425a-a475-8170ea0e79f0	158
17c83471-d523-425a-a475-8170ea0e79f0	159
17c83471-d523-425a-a475-8170ea0e79f0	161
17c83471-d523-425a-a475-8170ea0e79f0	203
17c83471-d523-425a-a475-8170ea0e79f0	232
17c83471-d523-425a-a475-8170ea0e79f0	273
17c83471-d523-425a-a475-8170ea0e79f0	143
17c83471-d523-425a-a475-8170ea0e79f0	141
17c83471-d523-425a-a475-8170ea0e79f0	142
17c83471-d523-425a-a475-8170ea0e79f0	233
17c83471-d523-425a-a475-8170ea0e79f0	234
17c83471-d523-425a-a475-8170ea0e79f0	134
17c83471-d523-425a-a475-8170ea0e79f0	146
17c83471-d523-425a-a475-8170ea0e79f0	133
17c83471-d523-425a-a475-8170ea0e79f0	235
17c83471-d523-425a-a475-8170ea0e79f0	147
17c83471-d523-425a-a475-8170ea0e79f0	236
17c83471-d523-425a-a475-8170ea0e79f0	237
17c83471-d523-425a-a475-8170ea0e79f0	153
17c83471-d523-425a-a475-8170ea0e79f0	238
17c83471-d523-425a-a475-8170ea0e79f0	239
17c83471-d523-425a-a475-8170ea0e79f0	240
17c83471-d523-425a-a475-8170ea0e79f0	241
17c83471-d523-425a-a475-8170ea0e79f0	156
17c83471-d523-425a-a475-8170ea0e79f0	157
17c83471-d523-425a-a475-8170ea0e79f0	242
17c83471-d523-425a-a475-8170ea0e79f0	243
17c83471-d523-425a-a475-8170ea0e79f0	272
17c83471-d523-425a-a475-8170ea0e79f0	244
17c83471-d523-425a-a475-8170ea0e79f0	138
17c83471-d523-425a-a475-8170ea0e79f0	152
17c83471-d523-425a-a475-8170ea0e79f0	150
17c83471-d523-425a-a475-8170ea0e79f0	200
17c83471-d523-425a-a475-8170ea0e79f0	245
17c83471-d523-425a-a475-8170ea0e79f0	137
17c83471-d523-425a-a475-8170ea0e79f0	145
17c83471-d523-425a-a475-8170ea0e79f0	246
17c83471-d523-425a-a475-8170ea0e79f0	247
72d7ed17-619d-4302-acbb-29cc4c892b58	236
72d7ed17-619d-4302-acbb-29cc4c892b58	237
72d7ed17-619d-4302-acbb-29cc4c892b58	153
72d7ed17-619d-4302-acbb-29cc4c892b58	238
72d7ed17-619d-4302-acbb-29cc4c892b58	239
72d7ed17-619d-4302-acbb-29cc4c892b58	240
72d7ed17-619d-4302-acbb-29cc4c892b58	241
72d7ed17-619d-4302-acbb-29cc4c892b58	156
72d7ed17-619d-4302-acbb-29cc4c892b58	157
72d7ed17-619d-4302-acbb-29cc4c892b58	242
72d7ed17-619d-4302-acbb-29cc4c892b58	243
72d7ed17-619d-4302-acbb-29cc4c892b58	272
72d7ed17-619d-4302-acbb-29cc4c892b58	244
72d7ed17-619d-4302-acbb-29cc4c892b58	138
72d7ed17-619d-4302-acbb-29cc4c892b58	152
72d7ed17-619d-4302-acbb-29cc4c892b58	150
72d7ed17-619d-4302-acbb-29cc4c892b58	200
72d7ed17-619d-4302-acbb-29cc4c892b58	245
72d7ed17-619d-4302-acbb-29cc4c892b58	137
72d7ed17-619d-4302-acbb-29cc4c892b58	145
72d7ed17-619d-4302-acbb-29cc4c892b58	246
72d7ed17-619d-4302-acbb-29cc4c892b58	247
72d7ed17-619d-4302-acbb-29cc4c892b58	144
72d7ed17-619d-4302-acbb-29cc4c892b58	135
c78d7f1c-ffe9-4865-9acc-fe50c08b3331	154
c78d7f1c-ffe9-4865-9acc-fe50c08b3331	131
c78d7f1c-ffe9-4865-9acc-fe50c08b3331	228
c78d7f1c-ffe9-4865-9acc-fe50c08b3331	229
c78d7f1c-ffe9-4865-9acc-fe50c08b3331	230
c78d7f1c-ffe9-4865-9acc-fe50c08b3331	231
c78d7f1c-ffe9-4865-9acc-fe50c08b3331	158
c78d7f1c-ffe9-4865-9acc-fe50c08b3331	159
c78d7f1c-ffe9-4865-9acc-fe50c08b3331	161
c78d7f1c-ffe9-4865-9acc-fe50c08b3331	203
c78d7f1c-ffe9-4865-9acc-fe50c08b3331	232
c78d7f1c-ffe9-4865-9acc-fe50c08b3331	273
c78d7f1c-ffe9-4865-9acc-fe50c08b3331	143
c78d7f1c-ffe9-4865-9acc-fe50c08b3331	141
c78d7f1c-ffe9-4865-9acc-fe50c08b3331	142
c78d7f1c-ffe9-4865-9acc-fe50c08b3331	233
c78d7f1c-ffe9-4865-9acc-fe50c08b3331	234
c78d7f1c-ffe9-4865-9acc-fe50c08b3331	134
c78d7f1c-ffe9-4865-9acc-fe50c08b3331	146
c78d7f1c-ffe9-4865-9acc-fe50c08b3331	133
c78d7f1c-ffe9-4865-9acc-fe50c08b3331	235
c78d7f1c-ffe9-4865-9acc-fe50c08b3331	147
c78d7f1c-ffe9-4865-9acc-fe50c08b3331	236
c78d7f1c-ffe9-4865-9acc-fe50c08b3331	237
c78d7f1c-ffe9-4865-9acc-fe50c08b3331	153
c78d7f1c-ffe9-4865-9acc-fe50c08b3331	238
8a998274-024b-40a9-b085-b100c2bbb382	232
8a998274-024b-40a9-b085-b100c2bbb382	273
8a998274-024b-40a9-b085-b100c2bbb382	143
dac307d1-d4db-486c-a963-1c6398c2d4b7	231
dac307d1-d4db-486c-a963-1c6398c2d4b7	158
dac307d1-d4db-486c-a963-1c6398c2d4b7	159
dac307d1-d4db-486c-a963-1c6398c2d4b7	161
dac307d1-d4db-486c-a963-1c6398c2d4b7	203
dac307d1-d4db-486c-a963-1c6398c2d4b7	232
dac307d1-d4db-486c-a963-1c6398c2d4b7	273
dac307d1-d4db-486c-a963-1c6398c2d4b7	239
dac307d1-d4db-486c-a963-1c6398c2d4b7	240
dac307d1-d4db-486c-a963-1c6398c2d4b7	241
dac307d1-d4db-486c-a963-1c6398c2d4b7	156
dac307d1-d4db-486c-a963-1c6398c2d4b7	157
dac307d1-d4db-486c-a963-1c6398c2d4b7	242
dac307d1-d4db-486c-a963-1c6398c2d4b7	243
dac307d1-d4db-486c-a963-1c6398c2d4b7	272
dac307d1-d4db-486c-a963-1c6398c2d4b7	244
dac307d1-d4db-486c-a963-1c6398c2d4b7	138
dac307d1-d4db-486c-a963-1c6398c2d4b7	152
dac307d1-d4db-486c-a963-1c6398c2d4b7	150
dac307d1-d4db-486c-a963-1c6398c2d4b7	200
dac307d1-d4db-486c-a963-1c6398c2d4b7	245
dac307d1-d4db-486c-a963-1c6398c2d4b7	137
dac307d1-d4db-486c-a963-1c6398c2d4b7	145
dac307d1-d4db-486c-a963-1c6398c2d4b7	246
dac307d1-d4db-486c-a963-1c6398c2d4b7	247
dac307d1-d4db-486c-a963-1c6398c2d4b7	144
dac307d1-d4db-486c-a963-1c6398c2d4b7	135
3e1ec40b-66ee-4810-bc1a-0f2df0a65a2d	250
3e1ec40b-66ee-4810-bc1a-0f2df0a65a2d	251
3e1ec40b-66ee-4810-bc1a-0f2df0a65a2d	252
3e1ec40b-66ee-4810-bc1a-0f2df0a65a2d	253
3e1ec40b-66ee-4810-bc1a-0f2df0a65a2d	213
3e1ec40b-66ee-4810-bc1a-0f2df0a65a2d	214
3e1ec40b-66ee-4810-bc1a-0f2df0a65a2d	215
3e1ec40b-66ee-4810-bc1a-0f2df0a65a2d	216
3e1ec40b-66ee-4810-bc1a-0f2df0a65a2d	217
3e1ec40b-66ee-4810-bc1a-0f2df0a65a2d	218
3e1ec40b-66ee-4810-bc1a-0f2df0a65a2d	219
3e1ec40b-66ee-4810-bc1a-0f2df0a65a2d	220
3e1ec40b-66ee-4810-bc1a-0f2df0a65a2d	221
3e1ec40b-66ee-4810-bc1a-0f2df0a65a2d	222
3e1ec40b-66ee-4810-bc1a-0f2df0a65a2d	223
3e1ec40b-66ee-4810-bc1a-0f2df0a65a2d	224
3e1ec40b-66ee-4810-bc1a-0f2df0a65a2d	225
3e1ec40b-66ee-4810-bc1a-0f2df0a65a2d	226
3e1ec40b-66ee-4810-bc1a-0f2df0a65a2d	271
3e1ec40b-66ee-4810-bc1a-0f2df0a65a2d	132
3e1ec40b-66ee-4810-bc1a-0f2df0a65a2d	140
3e1ec40b-66ee-4810-bc1a-0f2df0a65a2d	139
3e1ec40b-66ee-4810-bc1a-0f2df0a65a2d	136
3e1ec40b-66ee-4810-bc1a-0f2df0a65a2d	160
3e1ec40b-66ee-4810-bc1a-0f2df0a65a2d	227
3e1ec40b-66ee-4810-bc1a-0f2df0a65a2d	149
3e1ec40b-66ee-4810-bc1a-0f2df0a65a2d	130
3e1ec40b-66ee-4810-bc1a-0f2df0a65a2d	151
3e1ec40b-66ee-4810-bc1a-0f2df0a65a2d	162
3e1ec40b-66ee-4810-bc1a-0f2df0a65a2d	154
3e1ec40b-66ee-4810-bc1a-0f2df0a65a2d	131
3e1ec40b-66ee-4810-bc1a-0f2df0a65a2d	228
3e1ec40b-66ee-4810-bc1a-0f2df0a65a2d	229
3e1ec40b-66ee-4810-bc1a-0f2df0a65a2d	230
3e1ec40b-66ee-4810-bc1a-0f2df0a65a2d	231
3e1ec40b-66ee-4810-bc1a-0f2df0a65a2d	158
3e1ec40b-66ee-4810-bc1a-0f2df0a65a2d	159
3e1ec40b-66ee-4810-bc1a-0f2df0a65a2d	161
3e1ec40b-66ee-4810-bc1a-0f2df0a65a2d	203
3e1ec40b-66ee-4810-bc1a-0f2df0a65a2d	232
3e1ec40b-66ee-4810-bc1a-0f2df0a65a2d	273
3e1ec40b-66ee-4810-bc1a-0f2df0a65a2d	143
3e1ec40b-66ee-4810-bc1a-0f2df0a65a2d	141
3e1ec40b-66ee-4810-bc1a-0f2df0a65a2d	142
3e1ec40b-66ee-4810-bc1a-0f2df0a65a2d	233
3e1ec40b-66ee-4810-bc1a-0f2df0a65a2d	234
3e1ec40b-66ee-4810-bc1a-0f2df0a65a2d	134
3e1ec40b-66ee-4810-bc1a-0f2df0a65a2d	146
3e1ec40b-66ee-4810-bc1a-0f2df0a65a2d	133
3e1ec40b-66ee-4810-bc1a-0f2df0a65a2d	235
3e1ec40b-66ee-4810-bc1a-0f2df0a65a2d	147
3e1ec40b-66ee-4810-bc1a-0f2df0a65a2d	236
3e1ec40b-66ee-4810-bc1a-0f2df0a65a2d	237
3e1ec40b-66ee-4810-bc1a-0f2df0a65a2d	153
3e1ec40b-66ee-4810-bc1a-0f2df0a65a2d	238
3e1ec40b-66ee-4810-bc1a-0f2df0a65a2d	239
3e1ec40b-66ee-4810-bc1a-0f2df0a65a2d	240
3e1ec40b-66ee-4810-bc1a-0f2df0a65a2d	241
3e1ec40b-66ee-4810-bc1a-0f2df0a65a2d	156
3e1ec40b-66ee-4810-bc1a-0f2df0a65a2d	157
3e1ec40b-66ee-4810-bc1a-0f2df0a65a2d	242
3e1ec40b-66ee-4810-bc1a-0f2df0a65a2d	243
3e1ec40b-66ee-4810-bc1a-0f2df0a65a2d	272
3e1ec40b-66ee-4810-bc1a-0f2df0a65a2d	244
3e1ec40b-66ee-4810-bc1a-0f2df0a65a2d	138
3e1ec40b-66ee-4810-bc1a-0f2df0a65a2d	152
3e1ec40b-66ee-4810-bc1a-0f2df0a65a2d	150
3e1ec40b-66ee-4810-bc1a-0f2df0a65a2d	200
3e1ec40b-66ee-4810-bc1a-0f2df0a65a2d	245
3e1ec40b-66ee-4810-bc1a-0f2df0a65a2d	137
3e1ec40b-66ee-4810-bc1a-0f2df0a65a2d	145
3e1ec40b-66ee-4810-bc1a-0f2df0a65a2d	246
3e1ec40b-66ee-4810-bc1a-0f2df0a65a2d	247
3e1ec40b-66ee-4810-bc1a-0f2df0a65a2d	144
3e1ec40b-66ee-4810-bc1a-0f2df0a65a2d	135
3e1ec40b-66ee-4810-bc1a-0f2df0a65a2d	155
3e1ec40b-66ee-4810-bc1a-0f2df0a65a2d	148
3e1ec40b-66ee-4810-bc1a-0f2df0a65a2d	254
3e1ec40b-66ee-4810-bc1a-0f2df0a65a2d	255
3e1ec40b-66ee-4810-bc1a-0f2df0a65a2d	256
3e1ec40b-66ee-4810-bc1a-0f2df0a65a2d	257
3e1ec40b-66ee-4810-bc1a-0f2df0a65a2d	258
3e1ec40b-66ee-4810-bc1a-0f2df0a65a2d	259
3e1ec40b-66ee-4810-bc1a-0f2df0a65a2d	260
3e1ec40b-66ee-4810-bc1a-0f2df0a65a2d	274
3e1ec40b-66ee-4810-bc1a-0f2df0a65a2d	261
3e1ec40b-66ee-4810-bc1a-0f2df0a65a2d	262
3e1ec40b-66ee-4810-bc1a-0f2df0a65a2d	263
3e1ec40b-66ee-4810-bc1a-0f2df0a65a2d	264
3e1ec40b-66ee-4810-bc1a-0f2df0a65a2d	265
3e1ec40b-66ee-4810-bc1a-0f2df0a65a2d	266
3e1ec40b-66ee-4810-bc1a-0f2df0a65a2d	267
3e1ec40b-66ee-4810-bc1a-0f2df0a65a2d	268
3e1ec40b-66ee-4810-bc1a-0f2df0a65a2d	269
ec756f44-3425-49e2-8e96-027fbf2507d8	236
ec756f44-3425-49e2-8e96-027fbf2507d8	237
ec756f44-3425-49e2-8e96-027fbf2507d8	153
ec756f44-3425-49e2-8e96-027fbf2507d8	238
ec756f44-3425-49e2-8e96-027fbf2507d8	239
ec756f44-3425-49e2-8e96-027fbf2507d8	240
ec756f44-3425-49e2-8e96-027fbf2507d8	241
ec756f44-3425-49e2-8e96-027fbf2507d8	156
ec756f44-3425-49e2-8e96-027fbf2507d8	157
ec756f44-3425-49e2-8e96-027fbf2507d8	242
ec756f44-3425-49e2-8e96-027fbf2507d8	243
ec756f44-3425-49e2-8e96-027fbf2507d8	272
ec756f44-3425-49e2-8e96-027fbf2507d8	244
ec756f44-3425-49e2-8e96-027fbf2507d8	138
ec756f44-3425-49e2-8e96-027fbf2507d8	152
ec756f44-3425-49e2-8e96-027fbf2507d8	150
ec756f44-3425-49e2-8e96-027fbf2507d8	200
ec756f44-3425-49e2-8e96-027fbf2507d8	245
ec756f44-3425-49e2-8e96-027fbf2507d8	137
ec756f44-3425-49e2-8e96-027fbf2507d8	145
ec756f44-3425-49e2-8e96-027fbf2507d8	246
ec756f44-3425-49e2-8e96-027fbf2507d8	247
ec756f44-3425-49e2-8e96-027fbf2507d8	144
ec756f44-3425-49e2-8e96-027fbf2507d8	135
c051f965-abeb-49be-a300-e348bf44be6c	143
c051f965-abeb-49be-a300-e348bf44be6c	141
c051f965-abeb-49be-a300-e348bf44be6c	142
c051f965-abeb-49be-a300-e348bf44be6c	233
c051f965-abeb-49be-a300-e348bf44be6c	234
c051f965-abeb-49be-a300-e348bf44be6c	134
c051f965-abeb-49be-a300-e348bf44be6c	146
c051f965-abeb-49be-a300-e348bf44be6c	133
c051f965-abeb-49be-a300-e348bf44be6c	235
c78d7f1c-ffe9-4865-9acc-fe50c08b3331	239
c78d7f1c-ffe9-4865-9acc-fe50c08b3331	240
c78d7f1c-ffe9-4865-9acc-fe50c08b3331	241
c78d7f1c-ffe9-4865-9acc-fe50c08b3331	156
c78d7f1c-ffe9-4865-9acc-fe50c08b3331	157
c78d7f1c-ffe9-4865-9acc-fe50c08b3331	242
c78d7f1c-ffe9-4865-9acc-fe50c08b3331	243
c78d7f1c-ffe9-4865-9acc-fe50c08b3331	272
c78d7f1c-ffe9-4865-9acc-fe50c08b3331	244
c78d7f1c-ffe9-4865-9acc-fe50c08b3331	138
c78d7f1c-ffe9-4865-9acc-fe50c08b3331	152
c78d7f1c-ffe9-4865-9acc-fe50c08b3331	150
c78d7f1c-ffe9-4865-9acc-fe50c08b3331	200
c78d7f1c-ffe9-4865-9acc-fe50c08b3331	245
c78d7f1c-ffe9-4865-9acc-fe50c08b3331	137
c78d7f1c-ffe9-4865-9acc-fe50c08b3331	145
c78d7f1c-ffe9-4865-9acc-fe50c08b3331	246
6cb3bcf3-fe17-406c-9dde-cfb169dc45ae	216
6cb3bcf3-fe17-406c-9dde-cfb169dc45ae	217
6cb3bcf3-fe17-406c-9dde-cfb169dc45ae	218
6cb3bcf3-fe17-406c-9dde-cfb169dc45ae	219
6cb3bcf3-fe17-406c-9dde-cfb169dc45ae	220
6cb3bcf3-fe17-406c-9dde-cfb169dc45ae	221
6cb3bcf3-fe17-406c-9dde-cfb169dc45ae	222
6cb3bcf3-fe17-406c-9dde-cfb169dc45ae	223
6cb3bcf3-fe17-406c-9dde-cfb169dc45ae	224
6cb3bcf3-fe17-406c-9dde-cfb169dc45ae	225
6cb3bcf3-fe17-406c-9dde-cfb169dc45ae	226
6cb3bcf3-fe17-406c-9dde-cfb169dc45ae	271
6cb3bcf3-fe17-406c-9dde-cfb169dc45ae	132
6cb3bcf3-fe17-406c-9dde-cfb169dc45ae	140
6cb3bcf3-fe17-406c-9dde-cfb169dc45ae	139
6cb3bcf3-fe17-406c-9dde-cfb169dc45ae	136
6cb3bcf3-fe17-406c-9dde-cfb169dc45ae	160
6cb3bcf3-fe17-406c-9dde-cfb169dc45ae	227
6cb3bcf3-fe17-406c-9dde-cfb169dc45ae	149
6cb3bcf3-fe17-406c-9dde-cfb169dc45ae	130
6cb3bcf3-fe17-406c-9dde-cfb169dc45ae	151
6cb3bcf3-fe17-406c-9dde-cfb169dc45ae	162
6cb3bcf3-fe17-406c-9dde-cfb169dc45ae	154
6cb3bcf3-fe17-406c-9dde-cfb169dc45ae	131
6cb3bcf3-fe17-406c-9dde-cfb169dc45ae	228
6cb3bcf3-fe17-406c-9dde-cfb169dc45ae	229
6cb3bcf3-fe17-406c-9dde-cfb169dc45ae	230
6cb3bcf3-fe17-406c-9dde-cfb169dc45ae	231
6cb3bcf3-fe17-406c-9dde-cfb169dc45ae	158
6cb3bcf3-fe17-406c-9dde-cfb169dc45ae	159
6cb3bcf3-fe17-406c-9dde-cfb169dc45ae	161
6cb3bcf3-fe17-406c-9dde-cfb169dc45ae	203
6cb3bcf3-fe17-406c-9dde-cfb169dc45ae	232
6cb3bcf3-fe17-406c-9dde-cfb169dc45ae	273
6cb3bcf3-fe17-406c-9dde-cfb169dc45ae	143
6cb3bcf3-fe17-406c-9dde-cfb169dc45ae	141
6cb3bcf3-fe17-406c-9dde-cfb169dc45ae	142
6cb3bcf3-fe17-406c-9dde-cfb169dc45ae	233
6cb3bcf3-fe17-406c-9dde-cfb169dc45ae	234
6cb3bcf3-fe17-406c-9dde-cfb169dc45ae	134
6cb3bcf3-fe17-406c-9dde-cfb169dc45ae	146
6cb3bcf3-fe17-406c-9dde-cfb169dc45ae	133
6cb3bcf3-fe17-406c-9dde-cfb169dc45ae	235
6cb3bcf3-fe17-406c-9dde-cfb169dc45ae	147
6cb3bcf3-fe17-406c-9dde-cfb169dc45ae	236
6cb3bcf3-fe17-406c-9dde-cfb169dc45ae	237
6cb3bcf3-fe17-406c-9dde-cfb169dc45ae	153
6cb3bcf3-fe17-406c-9dde-cfb169dc45ae	238
6cb3bcf3-fe17-406c-9dde-cfb169dc45ae	239
6cb3bcf3-fe17-406c-9dde-cfb169dc45ae	240
6cb3bcf3-fe17-406c-9dde-cfb169dc45ae	241
6cb3bcf3-fe17-406c-9dde-cfb169dc45ae	156
6cb3bcf3-fe17-406c-9dde-cfb169dc45ae	157
6cb3bcf3-fe17-406c-9dde-cfb169dc45ae	242
6cb3bcf3-fe17-406c-9dde-cfb169dc45ae	243
6cb3bcf3-fe17-406c-9dde-cfb169dc45ae	272
6cb3bcf3-fe17-406c-9dde-cfb169dc45ae	244
6cb3bcf3-fe17-406c-9dde-cfb169dc45ae	138
6cb3bcf3-fe17-406c-9dde-cfb169dc45ae	152
6cb3bcf3-fe17-406c-9dde-cfb169dc45ae	150
6cb3bcf3-fe17-406c-9dde-cfb169dc45ae	200
6cb3bcf3-fe17-406c-9dde-cfb169dc45ae	245
6cb3bcf3-fe17-406c-9dde-cfb169dc45ae	137
6cb3bcf3-fe17-406c-9dde-cfb169dc45ae	145
6cb3bcf3-fe17-406c-9dde-cfb169dc45ae	246
6cb3bcf3-fe17-406c-9dde-cfb169dc45ae	247
6cb3bcf3-fe17-406c-9dde-cfb169dc45ae	144
6cb3bcf3-fe17-406c-9dde-cfb169dc45ae	135
6cb3bcf3-fe17-406c-9dde-cfb169dc45ae	155
6cb3bcf3-fe17-406c-9dde-cfb169dc45ae	148
6cb3bcf3-fe17-406c-9dde-cfb169dc45ae	254
6cb3bcf3-fe17-406c-9dde-cfb169dc45ae	255
6cb3bcf3-fe17-406c-9dde-cfb169dc45ae	256
6cb3bcf3-fe17-406c-9dde-cfb169dc45ae	257
6cb3bcf3-fe17-406c-9dde-cfb169dc45ae	258
6cb3bcf3-fe17-406c-9dde-cfb169dc45ae	259
6cb3bcf3-fe17-406c-9dde-cfb169dc45ae	260
6cb3bcf3-fe17-406c-9dde-cfb169dc45ae	274
6cb3bcf3-fe17-406c-9dde-cfb169dc45ae	261
6cb3bcf3-fe17-406c-9dde-cfb169dc45ae	262
6cb3bcf3-fe17-406c-9dde-cfb169dc45ae	263
6cb3bcf3-fe17-406c-9dde-cfb169dc45ae	264
e8174c00-a2ed-47ff-ae4e-62b962ee9537	154
e8174c00-a2ed-47ff-ae4e-62b962ee9537	131
e8174c00-a2ed-47ff-ae4e-62b962ee9537	228
e8174c00-a2ed-47ff-ae4e-62b962ee9537	229
e8174c00-a2ed-47ff-ae4e-62b962ee9537	230
e8174c00-a2ed-47ff-ae4e-62b962ee9537	231
e8174c00-a2ed-47ff-ae4e-62b962ee9537	158
e8174c00-a2ed-47ff-ae4e-62b962ee9537	159
e8174c00-a2ed-47ff-ae4e-62b962ee9537	161
e8174c00-a2ed-47ff-ae4e-62b962ee9537	203
e8174c00-a2ed-47ff-ae4e-62b962ee9537	232
e8174c00-a2ed-47ff-ae4e-62b962ee9537	273
e8174c00-a2ed-47ff-ae4e-62b962ee9537	143
e8174c00-a2ed-47ff-ae4e-62b962ee9537	141
e8174c00-a2ed-47ff-ae4e-62b962ee9537	142
e8174c00-a2ed-47ff-ae4e-62b962ee9537	233
e8174c00-a2ed-47ff-ae4e-62b962ee9537	234
e8174c00-a2ed-47ff-ae4e-62b962ee9537	134
e8174c00-a2ed-47ff-ae4e-62b962ee9537	146
e8174c00-a2ed-47ff-ae4e-62b962ee9537	133
e8174c00-a2ed-47ff-ae4e-62b962ee9537	235
e8174c00-a2ed-47ff-ae4e-62b962ee9537	147
e8174c00-a2ed-47ff-ae4e-62b962ee9537	236
e8174c00-a2ed-47ff-ae4e-62b962ee9537	237
e8174c00-a2ed-47ff-ae4e-62b962ee9537	153
e8174c00-a2ed-47ff-ae4e-62b962ee9537	238
e8174c00-a2ed-47ff-ae4e-62b962ee9537	239
e8174c00-a2ed-47ff-ae4e-62b962ee9537	240
e8174c00-a2ed-47ff-ae4e-62b962ee9537	241
e8174c00-a2ed-47ff-ae4e-62b962ee9537	156
e8174c00-a2ed-47ff-ae4e-62b962ee9537	157
e8174c00-a2ed-47ff-ae4e-62b962ee9537	242
e8174c00-a2ed-47ff-ae4e-62b962ee9537	243
e8174c00-a2ed-47ff-ae4e-62b962ee9537	272
e8174c00-a2ed-47ff-ae4e-62b962ee9537	244
e8174c00-a2ed-47ff-ae4e-62b962ee9537	138
e8174c00-a2ed-47ff-ae4e-62b962ee9537	152
e8174c00-a2ed-47ff-ae4e-62b962ee9537	150
e8174c00-a2ed-47ff-ae4e-62b962ee9537	200
e8174c00-a2ed-47ff-ae4e-62b962ee9537	245
e8174c00-a2ed-47ff-ae4e-62b962ee9537	137
e8174c00-a2ed-47ff-ae4e-62b962ee9537	145
e8174c00-a2ed-47ff-ae4e-62b962ee9537	246
e8174c00-a2ed-47ff-ae4e-62b962ee9537	247
e8174c00-a2ed-47ff-ae4e-62b962ee9537	144
e8174c00-a2ed-47ff-ae4e-62b962ee9537	135
d8db24e6-2622-4714-be56-44eed17c786c	154
d8db24e6-2622-4714-be56-44eed17c786c	131
d8db24e6-2622-4714-be56-44eed17c786c	228
d8db24e6-2622-4714-be56-44eed17c786c	229
d8db24e6-2622-4714-be56-44eed17c786c	230
d8db24e6-2622-4714-be56-44eed17c786c	231
d8db24e6-2622-4714-be56-44eed17c786c	158
d8db24e6-2622-4714-be56-44eed17c786c	159
d8db24e6-2622-4714-be56-44eed17c786c	161
d8db24e6-2622-4714-be56-44eed17c786c	203
d8db24e6-2622-4714-be56-44eed17c786c	232
d8db24e6-2622-4714-be56-44eed17c786c	273
c051f965-abeb-49be-a300-e348bf44be6c	147
c051f965-abeb-49be-a300-e348bf44be6c	236
c051f965-abeb-49be-a300-e348bf44be6c	237
c051f965-abeb-49be-a300-e348bf44be6c	153
c051f965-abeb-49be-a300-e348bf44be6c	238
c051f965-abeb-49be-a300-e348bf44be6c	239
c051f965-abeb-49be-a300-e348bf44be6c	240
c051f965-abeb-49be-a300-e348bf44be6c	241
c051f965-abeb-49be-a300-e348bf44be6c	156
c051f965-abeb-49be-a300-e348bf44be6c	157
c051f965-abeb-49be-a300-e348bf44be6c	242
c051f965-abeb-49be-a300-e348bf44be6c	243
c051f965-abeb-49be-a300-e348bf44be6c	272
c051f965-abeb-49be-a300-e348bf44be6c	244
c051f965-abeb-49be-a300-e348bf44be6c	138
c051f965-abeb-49be-a300-e348bf44be6c	152
c051f965-abeb-49be-a300-e348bf44be6c	150
c051f965-abeb-49be-a300-e348bf44be6c	200
c051f965-abeb-49be-a300-e348bf44be6c	245
c051f965-abeb-49be-a300-e348bf44be6c	137
c051f965-abeb-49be-a300-e348bf44be6c	145
c051f965-abeb-49be-a300-e348bf44be6c	246
c051f965-abeb-49be-a300-e348bf44be6c	247
c051f965-abeb-49be-a300-e348bf44be6c	144
c051f965-abeb-49be-a300-e348bf44be6c	135
c051f965-abeb-49be-a300-e348bf44be6c	155
c051f965-abeb-49be-a300-e348bf44be6c	148
c051f965-abeb-49be-a300-e348bf44be6c	254
0082cc92-b417-49d8-8e43-2fdef69ae3f5	131
0082cc92-b417-49d8-8e43-2fdef69ae3f5	228
0082cc92-b417-49d8-8e43-2fdef69ae3f5	229
0082cc92-b417-49d8-8e43-2fdef69ae3f5	230
0082cc92-b417-49d8-8e43-2fdef69ae3f5	231
0082cc92-b417-49d8-8e43-2fdef69ae3f5	158
0082cc92-b417-49d8-8e43-2fdef69ae3f5	237
0082cc92-b417-49d8-8e43-2fdef69ae3f5	153
0082cc92-b417-49d8-8e43-2fdef69ae3f5	238
0082cc92-b417-49d8-8e43-2fdef69ae3f5	239
0082cc92-b417-49d8-8e43-2fdef69ae3f5	240
0082cc92-b417-49d8-8e43-2fdef69ae3f5	241
0082cc92-b417-49d8-8e43-2fdef69ae3f5	244
0082cc92-b417-49d8-8e43-2fdef69ae3f5	138
0082cc92-b417-49d8-8e43-2fdef69ae3f5	152
0082cc92-b417-49d8-8e43-2fdef69ae3f5	150
0082cc92-b417-49d8-8e43-2fdef69ae3f5	200
0082cc92-b417-49d8-8e43-2fdef69ae3f5	245
0082cc92-b417-49d8-8e43-2fdef69ae3f5	137
0082cc92-b417-49d8-8e43-2fdef69ae3f5	145
0082cc92-b417-49d8-8e43-2fdef69ae3f5	246
0082cc92-b417-49d8-8e43-2fdef69ae3f5	247
6d9083cc-c2b5-4687-ba8e-4609c199f192	149
6d9083cc-c2b5-4687-ba8e-4609c199f192	130
6d9083cc-c2b5-4687-ba8e-4609c199f192	151
6d9083cc-c2b5-4687-ba8e-4609c199f192	162
6d9083cc-c2b5-4687-ba8e-4609c199f192	154
6d9083cc-c2b5-4687-ba8e-4609c199f192	131
6d9083cc-c2b5-4687-ba8e-4609c199f192	228
6d9083cc-c2b5-4687-ba8e-4609c199f192	229
6d9083cc-c2b5-4687-ba8e-4609c199f192	230
6d9083cc-c2b5-4687-ba8e-4609c199f192	231
6d9083cc-c2b5-4687-ba8e-4609c199f192	158
6d9083cc-c2b5-4687-ba8e-4609c199f192	159
6d9083cc-c2b5-4687-ba8e-4609c199f192	161
6d9083cc-c2b5-4687-ba8e-4609c199f192	203
6d9083cc-c2b5-4687-ba8e-4609c199f192	232
6d9083cc-c2b5-4687-ba8e-4609c199f192	273
6d9083cc-c2b5-4687-ba8e-4609c199f192	143
6d9083cc-c2b5-4687-ba8e-4609c199f192	141
6d9083cc-c2b5-4687-ba8e-4609c199f192	142
6d9083cc-c2b5-4687-ba8e-4609c199f192	233
6d9083cc-c2b5-4687-ba8e-4609c199f192	234
6d9083cc-c2b5-4687-ba8e-4609c199f192	134
6d9083cc-c2b5-4687-ba8e-4609c199f192	146
6d9083cc-c2b5-4687-ba8e-4609c199f192	133
6d9083cc-c2b5-4687-ba8e-4609c199f192	235
6d9083cc-c2b5-4687-ba8e-4609c199f192	147
6d9083cc-c2b5-4687-ba8e-4609c199f192	236
6d9083cc-c2b5-4687-ba8e-4609c199f192	237
6d9083cc-c2b5-4687-ba8e-4609c199f192	153
6d9083cc-c2b5-4687-ba8e-4609c199f192	238
6d9083cc-c2b5-4687-ba8e-4609c199f192	239
6d9083cc-c2b5-4687-ba8e-4609c199f192	240
6d9083cc-c2b5-4687-ba8e-4609c199f192	241
6d9083cc-c2b5-4687-ba8e-4609c199f192	156
6d9083cc-c2b5-4687-ba8e-4609c199f192	157
6d9083cc-c2b5-4687-ba8e-4609c199f192	242
6d9083cc-c2b5-4687-ba8e-4609c199f192	243
6d9083cc-c2b5-4687-ba8e-4609c199f192	272
6d9083cc-c2b5-4687-ba8e-4609c199f192	244
6d9083cc-c2b5-4687-ba8e-4609c199f192	138
6d9083cc-c2b5-4687-ba8e-4609c199f192	152
6d9083cc-c2b5-4687-ba8e-4609c199f192	150
6d9083cc-c2b5-4687-ba8e-4609c199f192	200
6d9083cc-c2b5-4687-ba8e-4609c199f192	245
6d9083cc-c2b5-4687-ba8e-4609c199f192	137
6d9083cc-c2b5-4687-ba8e-4609c199f192	145
6d9083cc-c2b5-4687-ba8e-4609c199f192	246
6d9083cc-c2b5-4687-ba8e-4609c199f192	247
6d9083cc-c2b5-4687-ba8e-4609c199f192	144
6d9083cc-c2b5-4687-ba8e-4609c199f192	135
6d9083cc-c2b5-4687-ba8e-4609c199f192	155
6d9083cc-c2b5-4687-ba8e-4609c199f192	148
6d9083cc-c2b5-4687-ba8e-4609c199f192	254
6d9083cc-c2b5-4687-ba8e-4609c199f192	255
6d9083cc-c2b5-4687-ba8e-4609c199f192	256
6d9083cc-c2b5-4687-ba8e-4609c199f192	257
6d9083cc-c2b5-4687-ba8e-4609c199f192	258
6d9083cc-c2b5-4687-ba8e-4609c199f192	259
6d9083cc-c2b5-4687-ba8e-4609c199f192	260
6d9083cc-c2b5-4687-ba8e-4609c199f192	274
6d9083cc-c2b5-4687-ba8e-4609c199f192	261
61da6c23-2dfd-4f2e-b97d-4b4af7cae0de	149
61da6c23-2dfd-4f2e-b97d-4b4af7cae0de	130
61da6c23-2dfd-4f2e-b97d-4b4af7cae0de	151
61da6c23-2dfd-4f2e-b97d-4b4af7cae0de	162
61da6c23-2dfd-4f2e-b97d-4b4af7cae0de	154
61da6c23-2dfd-4f2e-b97d-4b4af7cae0de	131
61da6c23-2dfd-4f2e-b97d-4b4af7cae0de	228
61da6c23-2dfd-4f2e-b97d-4b4af7cae0de	229
61da6c23-2dfd-4f2e-b97d-4b4af7cae0de	230
61da6c23-2dfd-4f2e-b97d-4b4af7cae0de	231
61da6c23-2dfd-4f2e-b97d-4b4af7cae0de	158
61da6c23-2dfd-4f2e-b97d-4b4af7cae0de	159
61da6c23-2dfd-4f2e-b97d-4b4af7cae0de	161
61da6c23-2dfd-4f2e-b97d-4b4af7cae0de	203
61da6c23-2dfd-4f2e-b97d-4b4af7cae0de	232
61da6c23-2dfd-4f2e-b97d-4b4af7cae0de	273
61da6c23-2dfd-4f2e-b97d-4b4af7cae0de	143
61da6c23-2dfd-4f2e-b97d-4b4af7cae0de	141
61da6c23-2dfd-4f2e-b97d-4b4af7cae0de	142
61da6c23-2dfd-4f2e-b97d-4b4af7cae0de	233
61da6c23-2dfd-4f2e-b97d-4b4af7cae0de	234
61da6c23-2dfd-4f2e-b97d-4b4af7cae0de	134
61da6c23-2dfd-4f2e-b97d-4b4af7cae0de	146
61da6c23-2dfd-4f2e-b97d-4b4af7cae0de	133
61da6c23-2dfd-4f2e-b97d-4b4af7cae0de	235
61da6c23-2dfd-4f2e-b97d-4b4af7cae0de	147
61da6c23-2dfd-4f2e-b97d-4b4af7cae0de	236
61da6c23-2dfd-4f2e-b97d-4b4af7cae0de	237
61da6c23-2dfd-4f2e-b97d-4b4af7cae0de	153
61da6c23-2dfd-4f2e-b97d-4b4af7cae0de	238
61da6c23-2dfd-4f2e-b97d-4b4af7cae0de	239
61da6c23-2dfd-4f2e-b97d-4b4af7cae0de	240
61da6c23-2dfd-4f2e-b97d-4b4af7cae0de	241
61da6c23-2dfd-4f2e-b97d-4b4af7cae0de	156
61da6c23-2dfd-4f2e-b97d-4b4af7cae0de	157
61da6c23-2dfd-4f2e-b97d-4b4af7cae0de	242
61da6c23-2dfd-4f2e-b97d-4b4af7cae0de	243
61da6c23-2dfd-4f2e-b97d-4b4af7cae0de	272
61da6c23-2dfd-4f2e-b97d-4b4af7cae0de	244
61da6c23-2dfd-4f2e-b97d-4b4af7cae0de	138
61da6c23-2dfd-4f2e-b97d-4b4af7cae0de	152
61da6c23-2dfd-4f2e-b97d-4b4af7cae0de	150
61da6c23-2dfd-4f2e-b97d-4b4af7cae0de	200
61da6c23-2dfd-4f2e-b97d-4b4af7cae0de	245
61da6c23-2dfd-4f2e-b97d-4b4af7cae0de	137
61da6c23-2dfd-4f2e-b97d-4b4af7cae0de	145
d8db24e6-2622-4714-be56-44eed17c786c	143
d8db24e6-2622-4714-be56-44eed17c786c	141
d8db24e6-2622-4714-be56-44eed17c786c	142
d8db24e6-2622-4714-be56-44eed17c786c	233
d8db24e6-2622-4714-be56-44eed17c786c	234
d8db24e6-2622-4714-be56-44eed17c786c	134
d8db24e6-2622-4714-be56-44eed17c786c	146
d8db24e6-2622-4714-be56-44eed17c786c	133
d8db24e6-2622-4714-be56-44eed17c786c	235
d8db24e6-2622-4714-be56-44eed17c786c	147
d8db24e6-2622-4714-be56-44eed17c786c	236
d8db24e6-2622-4714-be56-44eed17c786c	237
d8db24e6-2622-4714-be56-44eed17c786c	153
d8db24e6-2622-4714-be56-44eed17c786c	238
d8db24e6-2622-4714-be56-44eed17c786c	239
d8db24e6-2622-4714-be56-44eed17c786c	240
d8db24e6-2622-4714-be56-44eed17c786c	241
d8db24e6-2622-4714-be56-44eed17c786c	156
d8db24e6-2622-4714-be56-44eed17c786c	157
d8db24e6-2622-4714-be56-44eed17c786c	242
d8db24e6-2622-4714-be56-44eed17c786c	243
d8db24e6-2622-4714-be56-44eed17c786c	272
d8db24e6-2622-4714-be56-44eed17c786c	244
33b5b92c-92dc-4359-94b2-ec5fc07c70ff	154
33b5b92c-92dc-4359-94b2-ec5fc07c70ff	131
33b5b92c-92dc-4359-94b2-ec5fc07c70ff	228
33b5b92c-92dc-4359-94b2-ec5fc07c70ff	229
33b5b92c-92dc-4359-94b2-ec5fc07c70ff	230
33b5b92c-92dc-4359-94b2-ec5fc07c70ff	231
33b5b92c-92dc-4359-94b2-ec5fc07c70ff	158
33b5b92c-92dc-4359-94b2-ec5fc07c70ff	159
33b5b92c-92dc-4359-94b2-ec5fc07c70ff	161
33b5b92c-92dc-4359-94b2-ec5fc07c70ff	203
33b5b92c-92dc-4359-94b2-ec5fc07c70ff	232
33b5b92c-92dc-4359-94b2-ec5fc07c70ff	273
33b5b92c-92dc-4359-94b2-ec5fc07c70ff	143
33b5b92c-92dc-4359-94b2-ec5fc07c70ff	141
33b5b92c-92dc-4359-94b2-ec5fc07c70ff	142
33b5b92c-92dc-4359-94b2-ec5fc07c70ff	233
33b5b92c-92dc-4359-94b2-ec5fc07c70ff	234
33b5b92c-92dc-4359-94b2-ec5fc07c70ff	134
33b5b92c-92dc-4359-94b2-ec5fc07c70ff	146
33b5b92c-92dc-4359-94b2-ec5fc07c70ff	133
33b5b92c-92dc-4359-94b2-ec5fc07c70ff	235
33b5b92c-92dc-4359-94b2-ec5fc07c70ff	147
33b5b92c-92dc-4359-94b2-ec5fc07c70ff	236
33b5b92c-92dc-4359-94b2-ec5fc07c70ff	237
33b5b92c-92dc-4359-94b2-ec5fc07c70ff	153
33b5b92c-92dc-4359-94b2-ec5fc07c70ff	238
33b5b92c-92dc-4359-94b2-ec5fc07c70ff	239
33b5b92c-92dc-4359-94b2-ec5fc07c70ff	240
33b5b92c-92dc-4359-94b2-ec5fc07c70ff	241
33b5b92c-92dc-4359-94b2-ec5fc07c70ff	156
33b5b92c-92dc-4359-94b2-ec5fc07c70ff	157
33b5b92c-92dc-4359-94b2-ec5fc07c70ff	242
33b5b92c-92dc-4359-94b2-ec5fc07c70ff	243
33b5b92c-92dc-4359-94b2-ec5fc07c70ff	272
33b5b92c-92dc-4359-94b2-ec5fc07c70ff	244
f161c6ac-4920-48c5-8402-41f2ccbc6cc6	131
f161c6ac-4920-48c5-8402-41f2ccbc6cc6	228
f161c6ac-4920-48c5-8402-41f2ccbc6cc6	229
f161c6ac-4920-48c5-8402-41f2ccbc6cc6	230
f161c6ac-4920-48c5-8402-41f2ccbc6cc6	231
f161c6ac-4920-48c5-8402-41f2ccbc6cc6	158
f161c6ac-4920-48c5-8402-41f2ccbc6cc6	159
f161c6ac-4920-48c5-8402-41f2ccbc6cc6	161
f161c6ac-4920-48c5-8402-41f2ccbc6cc6	203
f161c6ac-4920-48c5-8402-41f2ccbc6cc6	232
f161c6ac-4920-48c5-8402-41f2ccbc6cc6	273
f161c6ac-4920-48c5-8402-41f2ccbc6cc6	143
f161c6ac-4920-48c5-8402-41f2ccbc6cc6	141
f161c6ac-4920-48c5-8402-41f2ccbc6cc6	142
f161c6ac-4920-48c5-8402-41f2ccbc6cc6	233
f161c6ac-4920-48c5-8402-41f2ccbc6cc6	234
f161c6ac-4920-48c5-8402-41f2ccbc6cc6	134
f161c6ac-4920-48c5-8402-41f2ccbc6cc6	146
f161c6ac-4920-48c5-8402-41f2ccbc6cc6	133
f161c6ac-4920-48c5-8402-41f2ccbc6cc6	235
f161c6ac-4920-48c5-8402-41f2ccbc6cc6	147
f161c6ac-4920-48c5-8402-41f2ccbc6cc6	236
f161c6ac-4920-48c5-8402-41f2ccbc6cc6	237
f161c6ac-4920-48c5-8402-41f2ccbc6cc6	153
f161c6ac-4920-48c5-8402-41f2ccbc6cc6	238
f161c6ac-4920-48c5-8402-41f2ccbc6cc6	239
f161c6ac-4920-48c5-8402-41f2ccbc6cc6	240
f161c6ac-4920-48c5-8402-41f2ccbc6cc6	241
f161c6ac-4920-48c5-8402-41f2ccbc6cc6	156
f161c6ac-4920-48c5-8402-41f2ccbc6cc6	157
f161c6ac-4920-48c5-8402-41f2ccbc6cc6	242
f161c6ac-4920-48c5-8402-41f2ccbc6cc6	243
f161c6ac-4920-48c5-8402-41f2ccbc6cc6	272
f161c6ac-4920-48c5-8402-41f2ccbc6cc6	244
f161c6ac-4920-48c5-8402-41f2ccbc6cc6	138
f161c6ac-4920-48c5-8402-41f2ccbc6cc6	152
f161c6ac-4920-48c5-8402-41f2ccbc6cc6	150
43730a32-df50-4c55-a343-b1b60c8d49cf	130
43730a32-df50-4c55-a343-b1b60c8d49cf	151
43730a32-df50-4c55-a343-b1b60c8d49cf	162
43730a32-df50-4c55-a343-b1b60c8d49cf	154
43730a32-df50-4c55-a343-b1b60c8d49cf	131
43730a32-df50-4c55-a343-b1b60c8d49cf	228
43730a32-df50-4c55-a343-b1b60c8d49cf	229
43730a32-df50-4c55-a343-b1b60c8d49cf	230
43730a32-df50-4c55-a343-b1b60c8d49cf	231
43730a32-df50-4c55-a343-b1b60c8d49cf	158
43730a32-df50-4c55-a343-b1b60c8d49cf	159
43730a32-df50-4c55-a343-b1b60c8d49cf	161
43730a32-df50-4c55-a343-b1b60c8d49cf	203
43730a32-df50-4c55-a343-b1b60c8d49cf	232
43730a32-df50-4c55-a343-b1b60c8d49cf	273
43730a32-df50-4c55-a343-b1b60c8d49cf	143
43730a32-df50-4c55-a343-b1b60c8d49cf	141
43730a32-df50-4c55-a343-b1b60c8d49cf	142
43730a32-df50-4c55-a343-b1b60c8d49cf	233
43730a32-df50-4c55-a343-b1b60c8d49cf	234
43730a32-df50-4c55-a343-b1b60c8d49cf	134
43730a32-df50-4c55-a343-b1b60c8d49cf	146
43730a32-df50-4c55-a343-b1b60c8d49cf	133
43730a32-df50-4c55-a343-b1b60c8d49cf	235
43730a32-df50-4c55-a343-b1b60c8d49cf	147
43730a32-df50-4c55-a343-b1b60c8d49cf	236
43730a32-df50-4c55-a343-b1b60c8d49cf	237
43730a32-df50-4c55-a343-b1b60c8d49cf	153
43730a32-df50-4c55-a343-b1b60c8d49cf	238
43730a32-df50-4c55-a343-b1b60c8d49cf	239
43730a32-df50-4c55-a343-b1b60c8d49cf	240
43730a32-df50-4c55-a343-b1b60c8d49cf	241
43730a32-df50-4c55-a343-b1b60c8d49cf	156
43730a32-df50-4c55-a343-b1b60c8d49cf	157
43730a32-df50-4c55-a343-b1b60c8d49cf	242
43730a32-df50-4c55-a343-b1b60c8d49cf	243
43730a32-df50-4c55-a343-b1b60c8d49cf	272
43730a32-df50-4c55-a343-b1b60c8d49cf	244
43730a32-df50-4c55-a343-b1b60c8d49cf	138
43730a32-df50-4c55-a343-b1b60c8d49cf	152
43730a32-df50-4c55-a343-b1b60c8d49cf	150
0b0b6504-424a-421c-adc0-c5f636f8a3cd	130
0b0b6504-424a-421c-adc0-c5f636f8a3cd	151
0b0b6504-424a-421c-adc0-c5f636f8a3cd	162
0b0b6504-424a-421c-adc0-c5f636f8a3cd	154
0b0b6504-424a-421c-adc0-c5f636f8a3cd	131
0b0b6504-424a-421c-adc0-c5f636f8a3cd	228
0b0b6504-424a-421c-adc0-c5f636f8a3cd	229
0b0b6504-424a-421c-adc0-c5f636f8a3cd	230
0b0b6504-424a-421c-adc0-c5f636f8a3cd	231
0b0b6504-424a-421c-adc0-c5f636f8a3cd	158
0b0b6504-424a-421c-adc0-c5f636f8a3cd	159
0b0b6504-424a-421c-adc0-c5f636f8a3cd	161
0b0b6504-424a-421c-adc0-c5f636f8a3cd	203
0b0b6504-424a-421c-adc0-c5f636f8a3cd	232
0b0b6504-424a-421c-adc0-c5f636f8a3cd	273
0b0b6504-424a-421c-adc0-c5f636f8a3cd	143
0b0b6504-424a-421c-adc0-c5f636f8a3cd	141
0b0b6504-424a-421c-adc0-c5f636f8a3cd	142
0b0b6504-424a-421c-adc0-c5f636f8a3cd	233
0b0b6504-424a-421c-adc0-c5f636f8a3cd	234
0b0b6504-424a-421c-adc0-c5f636f8a3cd	134
61da6c23-2dfd-4f2e-b97d-4b4af7cae0de	246
61da6c23-2dfd-4f2e-b97d-4b4af7cae0de	247
61da6c23-2dfd-4f2e-b97d-4b4af7cae0de	144
61da6c23-2dfd-4f2e-b97d-4b4af7cae0de	135
61da6c23-2dfd-4f2e-b97d-4b4af7cae0de	155
61da6c23-2dfd-4f2e-b97d-4b4af7cae0de	148
61da6c23-2dfd-4f2e-b97d-4b4af7cae0de	254
61da6c23-2dfd-4f2e-b97d-4b4af7cae0de	255
8ab88ab3-6d04-4dc0-8d66-638f395a42c9	162
8ab88ab3-6d04-4dc0-8d66-638f395a42c9	154
8ab88ab3-6d04-4dc0-8d66-638f395a42c9	131
8ab88ab3-6d04-4dc0-8d66-638f395a42c9	228
8ab88ab3-6d04-4dc0-8d66-638f395a42c9	229
8ab88ab3-6d04-4dc0-8d66-638f395a42c9	230
8ab88ab3-6d04-4dc0-8d66-638f395a42c9	231
8ab88ab3-6d04-4dc0-8d66-638f395a42c9	158
8ab88ab3-6d04-4dc0-8d66-638f395a42c9	159
8ab88ab3-6d04-4dc0-8d66-638f395a42c9	161
8ab88ab3-6d04-4dc0-8d66-638f395a42c9	203
8ab88ab3-6d04-4dc0-8d66-638f395a42c9	232
8ab88ab3-6d04-4dc0-8d66-638f395a42c9	273
8ab88ab3-6d04-4dc0-8d66-638f395a42c9	143
8ab88ab3-6d04-4dc0-8d66-638f395a42c9	141
8ab88ab3-6d04-4dc0-8d66-638f395a42c9	142
8ab88ab3-6d04-4dc0-8d66-638f395a42c9	233
8ab88ab3-6d04-4dc0-8d66-638f395a42c9	234
8ab88ab3-6d04-4dc0-8d66-638f395a42c9	134
8ab88ab3-6d04-4dc0-8d66-638f395a42c9	146
8ab88ab3-6d04-4dc0-8d66-638f395a42c9	133
8ab88ab3-6d04-4dc0-8d66-638f395a42c9	235
8ab88ab3-6d04-4dc0-8d66-638f395a42c9	147
8ab88ab3-6d04-4dc0-8d66-638f395a42c9	236
8ab88ab3-6d04-4dc0-8d66-638f395a42c9	237
8ab88ab3-6d04-4dc0-8d66-638f395a42c9	153
8ab88ab3-6d04-4dc0-8d66-638f395a42c9	238
8ab88ab3-6d04-4dc0-8d66-638f395a42c9	239
8ab88ab3-6d04-4dc0-8d66-638f395a42c9	240
8ab88ab3-6d04-4dc0-8d66-638f395a42c9	241
8ab88ab3-6d04-4dc0-8d66-638f395a42c9	156
8ab88ab3-6d04-4dc0-8d66-638f395a42c9	157
8ab88ab3-6d04-4dc0-8d66-638f395a42c9	242
8ab88ab3-6d04-4dc0-8d66-638f395a42c9	243
8ab88ab3-6d04-4dc0-8d66-638f395a42c9	272
8ab88ab3-6d04-4dc0-8d66-638f395a42c9	244
8ab88ab3-6d04-4dc0-8d66-638f395a42c9	138
8ab88ab3-6d04-4dc0-8d66-638f395a42c9	152
8ab88ab3-6d04-4dc0-8d66-638f395a42c9	150
8ab88ab3-6d04-4dc0-8d66-638f395a42c9	200
8ab88ab3-6d04-4dc0-8d66-638f395a42c9	245
88a553e3-f99b-4dd0-bc37-c558a7cde567	162
88a553e3-f99b-4dd0-bc37-c558a7cde567	154
88a553e3-f99b-4dd0-bc37-c558a7cde567	131
88a553e3-f99b-4dd0-bc37-c558a7cde567	228
88a553e3-f99b-4dd0-bc37-c558a7cde567	229
88a553e3-f99b-4dd0-bc37-c558a7cde567	230
88a553e3-f99b-4dd0-bc37-c558a7cde567	231
88a553e3-f99b-4dd0-bc37-c558a7cde567	158
88a553e3-f99b-4dd0-bc37-c558a7cde567	159
88a553e3-f99b-4dd0-bc37-c558a7cde567	161
88a553e3-f99b-4dd0-bc37-c558a7cde567	203
88a553e3-f99b-4dd0-bc37-c558a7cde567	232
88a553e3-f99b-4dd0-bc37-c558a7cde567	273
88a553e3-f99b-4dd0-bc37-c558a7cde567	143
88a553e3-f99b-4dd0-bc37-c558a7cde567	141
88a553e3-f99b-4dd0-bc37-c558a7cde567	142
88a553e3-f99b-4dd0-bc37-c558a7cde567	233
88a553e3-f99b-4dd0-bc37-c558a7cde567	234
88a553e3-f99b-4dd0-bc37-c558a7cde567	134
88a553e3-f99b-4dd0-bc37-c558a7cde567	146
88a553e3-f99b-4dd0-bc37-c558a7cde567	133
88a553e3-f99b-4dd0-bc37-c558a7cde567	235
88a553e3-f99b-4dd0-bc37-c558a7cde567	147
88a553e3-f99b-4dd0-bc37-c558a7cde567	236
88a553e3-f99b-4dd0-bc37-c558a7cde567	237
88a553e3-f99b-4dd0-bc37-c558a7cde567	153
88a553e3-f99b-4dd0-bc37-c558a7cde567	238
88a553e3-f99b-4dd0-bc37-c558a7cde567	239
88a553e3-f99b-4dd0-bc37-c558a7cde567	240
88a553e3-f99b-4dd0-bc37-c558a7cde567	241
88a553e3-f99b-4dd0-bc37-c558a7cde567	156
88a553e3-f99b-4dd0-bc37-c558a7cde567	157
88a553e3-f99b-4dd0-bc37-c558a7cde567	242
88a553e3-f99b-4dd0-bc37-c558a7cde567	243
88a553e3-f99b-4dd0-bc37-c558a7cde567	272
88a553e3-f99b-4dd0-bc37-c558a7cde567	244
88a553e3-f99b-4dd0-bc37-c558a7cde567	138
88a553e3-f99b-4dd0-bc37-c558a7cde567	152
88a553e3-f99b-4dd0-bc37-c558a7cde567	150
88a553e3-f99b-4dd0-bc37-c558a7cde567	200
88a553e3-f99b-4dd0-bc37-c558a7cde567	245
88a553e3-f99b-4dd0-bc37-c558a7cde567	137
88a553e3-f99b-4dd0-bc37-c558a7cde567	145
88a553e3-f99b-4dd0-bc37-c558a7cde567	246
88a553e3-f99b-4dd0-bc37-c558a7cde567	247
88a553e3-f99b-4dd0-bc37-c558a7cde567	144
88a553e3-f99b-4dd0-bc37-c558a7cde567	135
88a553e3-f99b-4dd0-bc37-c558a7cde567	155
88a553e3-f99b-4dd0-bc37-c558a7cde567	148
88a553e3-f99b-4dd0-bc37-c558a7cde567	254
caca5b41-6c1c-4f19-879a-16d4c7a56419	218
caca5b41-6c1c-4f19-879a-16d4c7a56419	219
caca5b41-6c1c-4f19-879a-16d4c7a56419	220
caca5b41-6c1c-4f19-879a-16d4c7a56419	221
caca5b41-6c1c-4f19-879a-16d4c7a56419	222
caca5b41-6c1c-4f19-879a-16d4c7a56419	223
caca5b41-6c1c-4f19-879a-16d4c7a56419	224
caca5b41-6c1c-4f19-879a-16d4c7a56419	225
caca5b41-6c1c-4f19-879a-16d4c7a56419	226
caca5b41-6c1c-4f19-879a-16d4c7a56419	271
caca5b41-6c1c-4f19-879a-16d4c7a56419	132
caca5b41-6c1c-4f19-879a-16d4c7a56419	140
caca5b41-6c1c-4f19-879a-16d4c7a56419	139
caca5b41-6c1c-4f19-879a-16d4c7a56419	136
caca5b41-6c1c-4f19-879a-16d4c7a56419	160
caca5b41-6c1c-4f19-879a-16d4c7a56419	227
caca5b41-6c1c-4f19-879a-16d4c7a56419	149
caca5b41-6c1c-4f19-879a-16d4c7a56419	130
caca5b41-6c1c-4f19-879a-16d4c7a56419	151
caca5b41-6c1c-4f19-879a-16d4c7a56419	162
caca5b41-6c1c-4f19-879a-16d4c7a56419	154
caca5b41-6c1c-4f19-879a-16d4c7a56419	131
caca5b41-6c1c-4f19-879a-16d4c7a56419	228
caca5b41-6c1c-4f19-879a-16d4c7a56419	229
caca5b41-6c1c-4f19-879a-16d4c7a56419	230
caca5b41-6c1c-4f19-879a-16d4c7a56419	231
caca5b41-6c1c-4f19-879a-16d4c7a56419	158
caca5b41-6c1c-4f19-879a-16d4c7a56419	159
caca5b41-6c1c-4f19-879a-16d4c7a56419	161
caca5b41-6c1c-4f19-879a-16d4c7a56419	203
caca5b41-6c1c-4f19-879a-16d4c7a56419	232
caca5b41-6c1c-4f19-879a-16d4c7a56419	273
caca5b41-6c1c-4f19-879a-16d4c7a56419	143
caca5b41-6c1c-4f19-879a-16d4c7a56419	141
caca5b41-6c1c-4f19-879a-16d4c7a56419	142
caca5b41-6c1c-4f19-879a-16d4c7a56419	233
caca5b41-6c1c-4f19-879a-16d4c7a56419	234
caca5b41-6c1c-4f19-879a-16d4c7a56419	134
caca5b41-6c1c-4f19-879a-16d4c7a56419	146
caca5b41-6c1c-4f19-879a-16d4c7a56419	133
caca5b41-6c1c-4f19-879a-16d4c7a56419	235
caca5b41-6c1c-4f19-879a-16d4c7a56419	147
caca5b41-6c1c-4f19-879a-16d4c7a56419	236
caca5b41-6c1c-4f19-879a-16d4c7a56419	237
caca5b41-6c1c-4f19-879a-16d4c7a56419	153
caca5b41-6c1c-4f19-879a-16d4c7a56419	238
caca5b41-6c1c-4f19-879a-16d4c7a56419	239
caca5b41-6c1c-4f19-879a-16d4c7a56419	240
caca5b41-6c1c-4f19-879a-16d4c7a56419	241
caca5b41-6c1c-4f19-879a-16d4c7a56419	156
caca5b41-6c1c-4f19-879a-16d4c7a56419	157
caca5b41-6c1c-4f19-879a-16d4c7a56419	242
caca5b41-6c1c-4f19-879a-16d4c7a56419	243
caca5b41-6c1c-4f19-879a-16d4c7a56419	272
caca5b41-6c1c-4f19-879a-16d4c7a56419	244
caca5b41-6c1c-4f19-879a-16d4c7a56419	138
caca5b41-6c1c-4f19-879a-16d4c7a56419	152
caca5b41-6c1c-4f19-879a-16d4c7a56419	150
caca5b41-6c1c-4f19-879a-16d4c7a56419	200
caca5b41-6c1c-4f19-879a-16d4c7a56419	245
caca5b41-6c1c-4f19-879a-16d4c7a56419	137
caca5b41-6c1c-4f19-879a-16d4c7a56419	145
caca5b41-6c1c-4f19-879a-16d4c7a56419	246
caca5b41-6c1c-4f19-879a-16d4c7a56419	247
caca5b41-6c1c-4f19-879a-16d4c7a56419	144
caca5b41-6c1c-4f19-879a-16d4c7a56419	135
caca5b41-6c1c-4f19-879a-16d4c7a56419	155
caca5b41-6c1c-4f19-879a-16d4c7a56419	148
caca5b41-6c1c-4f19-879a-16d4c7a56419	254
caca5b41-6c1c-4f19-879a-16d4c7a56419	255
caca5b41-6c1c-4f19-879a-16d4c7a56419	256
caca5b41-6c1c-4f19-879a-16d4c7a56419	257
caca5b41-6c1c-4f19-879a-16d4c7a56419	258
caca5b41-6c1c-4f19-879a-16d4c7a56419	259
caca5b41-6c1c-4f19-879a-16d4c7a56419	260
caca5b41-6c1c-4f19-879a-16d4c7a56419	274
caca5b41-6c1c-4f19-879a-16d4c7a56419	261
caca5b41-6c1c-4f19-879a-16d4c7a56419	262
caca5b41-6c1c-4f19-879a-16d4c7a56419	263
caca5b41-6c1c-4f19-879a-16d4c7a56419	264
caca5b41-6c1c-4f19-879a-16d4c7a56419	265
caca5b41-6c1c-4f19-879a-16d4c7a56419	266
1808a0f6-c64d-481e-8428-be945015699d	149
1808a0f6-c64d-481e-8428-be945015699d	130
1808a0f6-c64d-481e-8428-be945015699d	151
1808a0f6-c64d-481e-8428-be945015699d	162
1808a0f6-c64d-481e-8428-be945015699d	154
1808a0f6-c64d-481e-8428-be945015699d	131
1808a0f6-c64d-481e-8428-be945015699d	228
1808a0f6-c64d-481e-8428-be945015699d	229
1808a0f6-c64d-481e-8428-be945015699d	230
1808a0f6-c64d-481e-8428-be945015699d	231
1808a0f6-c64d-481e-8428-be945015699d	158
1808a0f6-c64d-481e-8428-be945015699d	159
1808a0f6-c64d-481e-8428-be945015699d	161
1808a0f6-c64d-481e-8428-be945015699d	203
1808a0f6-c64d-481e-8428-be945015699d	232
1808a0f6-c64d-481e-8428-be945015699d	273
1808a0f6-c64d-481e-8428-be945015699d	143
1808a0f6-c64d-481e-8428-be945015699d	141
1808a0f6-c64d-481e-8428-be945015699d	142
1808a0f6-c64d-481e-8428-be945015699d	233
1808a0f6-c64d-481e-8428-be945015699d	234
1808a0f6-c64d-481e-8428-be945015699d	134
1808a0f6-c64d-481e-8428-be945015699d	146
1808a0f6-c64d-481e-8428-be945015699d	133
1808a0f6-c64d-481e-8428-be945015699d	235
1808a0f6-c64d-481e-8428-be945015699d	147
1808a0f6-c64d-481e-8428-be945015699d	236
1808a0f6-c64d-481e-8428-be945015699d	237
1808a0f6-c64d-481e-8428-be945015699d	153
1808a0f6-c64d-481e-8428-be945015699d	238
1808a0f6-c64d-481e-8428-be945015699d	239
1808a0f6-c64d-481e-8428-be945015699d	240
1808a0f6-c64d-481e-8428-be945015699d	241
1808a0f6-c64d-481e-8428-be945015699d	156
1808a0f6-c64d-481e-8428-be945015699d	157
1808a0f6-c64d-481e-8428-be945015699d	242
1808a0f6-c64d-481e-8428-be945015699d	243
1808a0f6-c64d-481e-8428-be945015699d	272
1808a0f6-c64d-481e-8428-be945015699d	244
1808a0f6-c64d-481e-8428-be945015699d	138
1808a0f6-c64d-481e-8428-be945015699d	152
1808a0f6-c64d-481e-8428-be945015699d	150
1808a0f6-c64d-481e-8428-be945015699d	200
1808a0f6-c64d-481e-8428-be945015699d	245
1808a0f6-c64d-481e-8428-be945015699d	137
1808a0f6-c64d-481e-8428-be945015699d	145
1808a0f6-c64d-481e-8428-be945015699d	246
1808a0f6-c64d-481e-8428-be945015699d	247
1808a0f6-c64d-481e-8428-be945015699d	144
1808a0f6-c64d-481e-8428-be945015699d	135
a0fc41ae-98d8-496d-9bc0-d4ac1f86881a	131
a0fc41ae-98d8-496d-9bc0-d4ac1f86881a	228
a0fc41ae-98d8-496d-9bc0-d4ac1f86881a	229
a0fc41ae-98d8-496d-9bc0-d4ac1f86881a	230
a0fc41ae-98d8-496d-9bc0-d4ac1f86881a	231
a0fc41ae-98d8-496d-9bc0-d4ac1f86881a	158
a0fc41ae-98d8-496d-9bc0-d4ac1f86881a	159
a0fc41ae-98d8-496d-9bc0-d4ac1f86881a	161
a0fc41ae-98d8-496d-9bc0-d4ac1f86881a	203
a0fc41ae-98d8-496d-9bc0-d4ac1f86881a	232
a0fc41ae-98d8-496d-9bc0-d4ac1f86881a	273
a0fc41ae-98d8-496d-9bc0-d4ac1f86881a	143
a0fc41ae-98d8-496d-9bc0-d4ac1f86881a	141
a0fc41ae-98d8-496d-9bc0-d4ac1f86881a	142
a0fc41ae-98d8-496d-9bc0-d4ac1f86881a	233
a0fc41ae-98d8-496d-9bc0-d4ac1f86881a	234
a0fc41ae-98d8-496d-9bc0-d4ac1f86881a	134
a0fc41ae-98d8-496d-9bc0-d4ac1f86881a	146
a0fc41ae-98d8-496d-9bc0-d4ac1f86881a	133
a0fc41ae-98d8-496d-9bc0-d4ac1f86881a	235
a0fc41ae-98d8-496d-9bc0-d4ac1f86881a	147
a0fc41ae-98d8-496d-9bc0-d4ac1f86881a	236
a0fc41ae-98d8-496d-9bc0-d4ac1f86881a	237
a0fc41ae-98d8-496d-9bc0-d4ac1f86881a	153
a0fc41ae-98d8-496d-9bc0-d4ac1f86881a	238
a0fc41ae-98d8-496d-9bc0-d4ac1f86881a	239
a0fc41ae-98d8-496d-9bc0-d4ac1f86881a	240
a0fc41ae-98d8-496d-9bc0-d4ac1f86881a	241
a0fc41ae-98d8-496d-9bc0-d4ac1f86881a	156
a0fc41ae-98d8-496d-9bc0-d4ac1f86881a	157
a0fc41ae-98d8-496d-9bc0-d4ac1f86881a	242
a0fc41ae-98d8-496d-9bc0-d4ac1f86881a	243
a0fc41ae-98d8-496d-9bc0-d4ac1f86881a	272
a0fc41ae-98d8-496d-9bc0-d4ac1f86881a	244
a0fc41ae-98d8-496d-9bc0-d4ac1f86881a	138
a0fc41ae-98d8-496d-9bc0-d4ac1f86881a	152
a0fc41ae-98d8-496d-9bc0-d4ac1f86881a	150
a0fc41ae-98d8-496d-9bc0-d4ac1f86881a	200
a0fc41ae-98d8-496d-9bc0-d4ac1f86881a	245
a0fc41ae-98d8-496d-9bc0-d4ac1f86881a	137
a0fc41ae-98d8-496d-9bc0-d4ac1f86881a	145
a0fc41ae-98d8-496d-9bc0-d4ac1f86881a	246
a0fc41ae-98d8-496d-9bc0-d4ac1f86881a	247
1dc355fb-061b-4481-8041-9a32052b5b63	228
1dc355fb-061b-4481-8041-9a32052b5b63	229
1dc355fb-061b-4481-8041-9a32052b5b63	230
1dc355fb-061b-4481-8041-9a32052b5b63	231
1dc355fb-061b-4481-8041-9a32052b5b63	158
1dc355fb-061b-4481-8041-9a32052b5b63	159
1dc355fb-061b-4481-8041-9a32052b5b63	161
1dc355fb-061b-4481-8041-9a32052b5b63	203
1dc355fb-061b-4481-8041-9a32052b5b63	232
1dc355fb-061b-4481-8041-9a32052b5b63	273
1dc355fb-061b-4481-8041-9a32052b5b63	143
1dc355fb-061b-4481-8041-9a32052b5b63	141
1dc355fb-061b-4481-8041-9a32052b5b63	142
1dc355fb-061b-4481-8041-9a32052b5b63	233
1dc355fb-061b-4481-8041-9a32052b5b63	234
1dc355fb-061b-4481-8041-9a32052b5b63	134
1dc355fb-061b-4481-8041-9a32052b5b63	146
1dc355fb-061b-4481-8041-9a32052b5b63	133
1dc355fb-061b-4481-8041-9a32052b5b63	235
1dc355fb-061b-4481-8041-9a32052b5b63	147
1dc355fb-061b-4481-8041-9a32052b5b63	236
1dc355fb-061b-4481-8041-9a32052b5b63	237
1dc355fb-061b-4481-8041-9a32052b5b63	153
1dc355fb-061b-4481-8041-9a32052b5b63	238
1dc355fb-061b-4481-8041-9a32052b5b63	239
1dc355fb-061b-4481-8041-9a32052b5b63	240
1dc355fb-061b-4481-8041-9a32052b5b63	241
1dc355fb-061b-4481-8041-9a32052b5b63	156
1dc355fb-061b-4481-8041-9a32052b5b63	157
1dc355fb-061b-4481-8041-9a32052b5b63	242
1dc355fb-061b-4481-8041-9a32052b5b63	243
1dc355fb-061b-4481-8041-9a32052b5b63	272
1dc355fb-061b-4481-8041-9a32052b5b63	244
1dc355fb-061b-4481-8041-9a32052b5b63	138
1dc355fb-061b-4481-8041-9a32052b5b63	152
1dc355fb-061b-4481-8041-9a32052b5b63	150
1dc355fb-061b-4481-8041-9a32052b5b63	200
1dc355fb-061b-4481-8041-9a32052b5b63	245
1dc355fb-061b-4481-8041-9a32052b5b63	137
1dc355fb-061b-4481-8041-9a32052b5b63	145
0b0b6504-424a-421c-adc0-c5f636f8a3cd	146
0b0b6504-424a-421c-adc0-c5f636f8a3cd	133
0b0b6504-424a-421c-adc0-c5f636f8a3cd	235
0b0b6504-424a-421c-adc0-c5f636f8a3cd	147
0b0b6504-424a-421c-adc0-c5f636f8a3cd	236
0b0b6504-424a-421c-adc0-c5f636f8a3cd	237
0b0b6504-424a-421c-adc0-c5f636f8a3cd	153
0b0b6504-424a-421c-adc0-c5f636f8a3cd	238
0b0b6504-424a-421c-adc0-c5f636f8a3cd	239
0b0b6504-424a-421c-adc0-c5f636f8a3cd	240
0b0b6504-424a-421c-adc0-c5f636f8a3cd	241
0b0b6504-424a-421c-adc0-c5f636f8a3cd	156
0b0b6504-424a-421c-adc0-c5f636f8a3cd	157
0b0b6504-424a-421c-adc0-c5f636f8a3cd	242
0b0b6504-424a-421c-adc0-c5f636f8a3cd	243
0b0b6504-424a-421c-adc0-c5f636f8a3cd	272
0b0b6504-424a-421c-adc0-c5f636f8a3cd	244
0b0b6504-424a-421c-adc0-c5f636f8a3cd	138
0b0b6504-424a-421c-adc0-c5f636f8a3cd	152
0b0b6504-424a-421c-adc0-c5f636f8a3cd	150
0b0b6504-424a-421c-adc0-c5f636f8a3cd	200
0b0b6504-424a-421c-adc0-c5f636f8a3cd	245
0b0b6504-424a-421c-adc0-c5f636f8a3cd	137
0b0b6504-424a-421c-adc0-c5f636f8a3cd	145
0b0b6504-424a-421c-adc0-c5f636f8a3cd	246
0b0b6504-424a-421c-adc0-c5f636f8a3cd	247
0b0b6504-424a-421c-adc0-c5f636f8a3cd	144
0b0b6504-424a-421c-adc0-c5f636f8a3cd	135
0b0b6504-424a-421c-adc0-c5f636f8a3cd	155
0b0b6504-424a-421c-adc0-c5f636f8a3cd	148
0b0b6504-424a-421c-adc0-c5f636f8a3cd	254
0b0b6504-424a-421c-adc0-c5f636f8a3cd	255
283f04fa-116f-44f9-8c81-ed650fa68509	141
283f04fa-116f-44f9-8c81-ed650fa68509	142
283f04fa-116f-44f9-8c81-ed650fa68509	233
283f04fa-116f-44f9-8c81-ed650fa68509	234
283f04fa-116f-44f9-8c81-ed650fa68509	134
283f04fa-116f-44f9-8c81-ed650fa68509	146
283f04fa-116f-44f9-8c81-ed650fa68509	133
283f04fa-116f-44f9-8c81-ed650fa68509	235
283f04fa-116f-44f9-8c81-ed650fa68509	147
283f04fa-116f-44f9-8c81-ed650fa68509	236
283f04fa-116f-44f9-8c81-ed650fa68509	237
283f04fa-116f-44f9-8c81-ed650fa68509	153
283f04fa-116f-44f9-8c81-ed650fa68509	238
283f04fa-116f-44f9-8c81-ed650fa68509	239
283f04fa-116f-44f9-8c81-ed650fa68509	240
283f04fa-116f-44f9-8c81-ed650fa68509	241
283f04fa-116f-44f9-8c81-ed650fa68509	156
283f04fa-116f-44f9-8c81-ed650fa68509	157
283f04fa-116f-44f9-8c81-ed650fa68509	242
283f04fa-116f-44f9-8c81-ed650fa68509	243
283f04fa-116f-44f9-8c81-ed650fa68509	272
283f04fa-116f-44f9-8c81-ed650fa68509	244
283f04fa-116f-44f9-8c81-ed650fa68509	138
283f04fa-116f-44f9-8c81-ed650fa68509	152
283f04fa-116f-44f9-8c81-ed650fa68509	150
283f04fa-116f-44f9-8c81-ed650fa68509	200
283f04fa-116f-44f9-8c81-ed650fa68509	245
283f04fa-116f-44f9-8c81-ed650fa68509	137
283f04fa-116f-44f9-8c81-ed650fa68509	145
283f04fa-116f-44f9-8c81-ed650fa68509	246
283f04fa-116f-44f9-8c81-ed650fa68509	247
4a6bc7d4-89ef-4e72-87c2-5a3146263275	248
4a6bc7d4-89ef-4e72-87c2-5a3146263275	249
4a6bc7d4-89ef-4e72-87c2-5a3146263275	250
4a6bc7d4-89ef-4e72-87c2-5a3146263275	251
4a6bc7d4-89ef-4e72-87c2-5a3146263275	252
4a6bc7d4-89ef-4e72-87c2-5a3146263275	253
4a6bc7d4-89ef-4e72-87c2-5a3146263275	213
4a6bc7d4-89ef-4e72-87c2-5a3146263275	214
4a6bc7d4-89ef-4e72-87c2-5a3146263275	215
4a6bc7d4-89ef-4e72-87c2-5a3146263275	216
4a6bc7d4-89ef-4e72-87c2-5a3146263275	217
4a6bc7d4-89ef-4e72-87c2-5a3146263275	218
4a6bc7d4-89ef-4e72-87c2-5a3146263275	219
4a6bc7d4-89ef-4e72-87c2-5a3146263275	220
4a6bc7d4-89ef-4e72-87c2-5a3146263275	221
4a6bc7d4-89ef-4e72-87c2-5a3146263275	222
4a6bc7d4-89ef-4e72-87c2-5a3146263275	223
4a6bc7d4-89ef-4e72-87c2-5a3146263275	224
4a6bc7d4-89ef-4e72-87c2-5a3146263275	225
4a6bc7d4-89ef-4e72-87c2-5a3146263275	226
4a6bc7d4-89ef-4e72-87c2-5a3146263275	271
4a6bc7d4-89ef-4e72-87c2-5a3146263275	132
4a6bc7d4-89ef-4e72-87c2-5a3146263275	140
4a6bc7d4-89ef-4e72-87c2-5a3146263275	139
4a6bc7d4-89ef-4e72-87c2-5a3146263275	136
4a6bc7d4-89ef-4e72-87c2-5a3146263275	160
4a6bc7d4-89ef-4e72-87c2-5a3146263275	227
4a6bc7d4-89ef-4e72-87c2-5a3146263275	149
4a6bc7d4-89ef-4e72-87c2-5a3146263275	130
4a6bc7d4-89ef-4e72-87c2-5a3146263275	151
4a6bc7d4-89ef-4e72-87c2-5a3146263275	162
4a6bc7d4-89ef-4e72-87c2-5a3146263275	154
4a6bc7d4-89ef-4e72-87c2-5a3146263275	131
4a6bc7d4-89ef-4e72-87c2-5a3146263275	228
4a6bc7d4-89ef-4e72-87c2-5a3146263275	229
4a6bc7d4-89ef-4e72-87c2-5a3146263275	230
4a6bc7d4-89ef-4e72-87c2-5a3146263275	231
4a6bc7d4-89ef-4e72-87c2-5a3146263275	158
4a6bc7d4-89ef-4e72-87c2-5a3146263275	159
4a6bc7d4-89ef-4e72-87c2-5a3146263275	161
4a6bc7d4-89ef-4e72-87c2-5a3146263275	203
4a6bc7d4-89ef-4e72-87c2-5a3146263275	232
4a6bc7d4-89ef-4e72-87c2-5a3146263275	273
4a6bc7d4-89ef-4e72-87c2-5a3146263275	143
4a6bc7d4-89ef-4e72-87c2-5a3146263275	141
4a6bc7d4-89ef-4e72-87c2-5a3146263275	142
4a6bc7d4-89ef-4e72-87c2-5a3146263275	233
4a6bc7d4-89ef-4e72-87c2-5a3146263275	234
4a6bc7d4-89ef-4e72-87c2-5a3146263275	134
4a6bc7d4-89ef-4e72-87c2-5a3146263275	146
4a6bc7d4-89ef-4e72-87c2-5a3146263275	133
4a6bc7d4-89ef-4e72-87c2-5a3146263275	235
4a6bc7d4-89ef-4e72-87c2-5a3146263275	147
4a6bc7d4-89ef-4e72-87c2-5a3146263275	236
4a6bc7d4-89ef-4e72-87c2-5a3146263275	237
4a6bc7d4-89ef-4e72-87c2-5a3146263275	153
4a6bc7d4-89ef-4e72-87c2-5a3146263275	238
4a6bc7d4-89ef-4e72-87c2-5a3146263275	239
4a6bc7d4-89ef-4e72-87c2-5a3146263275	240
4a6bc7d4-89ef-4e72-87c2-5a3146263275	241
4a6bc7d4-89ef-4e72-87c2-5a3146263275	156
4a6bc7d4-89ef-4e72-87c2-5a3146263275	157
4a6bc7d4-89ef-4e72-87c2-5a3146263275	242
4a6bc7d4-89ef-4e72-87c2-5a3146263275	243
4a6bc7d4-89ef-4e72-87c2-5a3146263275	272
a4261639-35c4-4db4-92e4-2647cda746fb	151
a4261639-35c4-4db4-92e4-2647cda746fb	162
a4261639-35c4-4db4-92e4-2647cda746fb	154
a4261639-35c4-4db4-92e4-2647cda746fb	131
a4261639-35c4-4db4-92e4-2647cda746fb	228
a4261639-35c4-4db4-92e4-2647cda746fb	229
a4261639-35c4-4db4-92e4-2647cda746fb	230
a4261639-35c4-4db4-92e4-2647cda746fb	231
a4261639-35c4-4db4-92e4-2647cda746fb	158
a4261639-35c4-4db4-92e4-2647cda746fb	159
a4261639-35c4-4db4-92e4-2647cda746fb	161
a4261639-35c4-4db4-92e4-2647cda746fb	203
a4261639-35c4-4db4-92e4-2647cda746fb	232
a4261639-35c4-4db4-92e4-2647cda746fb	273
a4261639-35c4-4db4-92e4-2647cda746fb	143
a4261639-35c4-4db4-92e4-2647cda746fb	141
a4261639-35c4-4db4-92e4-2647cda746fb	142
a4261639-35c4-4db4-92e4-2647cda746fb	233
a4261639-35c4-4db4-92e4-2647cda746fb	234
a4261639-35c4-4db4-92e4-2647cda746fb	134
a4261639-35c4-4db4-92e4-2647cda746fb	146
a4261639-35c4-4db4-92e4-2647cda746fb	133
a4261639-35c4-4db4-92e4-2647cda746fb	235
a4261639-35c4-4db4-92e4-2647cda746fb	147
a4261639-35c4-4db4-92e4-2647cda746fb	236
a4261639-35c4-4db4-92e4-2647cda746fb	237
a4261639-35c4-4db4-92e4-2647cda746fb	153
a4261639-35c4-4db4-92e4-2647cda746fb	238
a4261639-35c4-4db4-92e4-2647cda746fb	239
1dc355fb-061b-4481-8041-9a32052b5b63	246
7b8e6116-d50a-426c-91eb-fa4b8604e367	162
7b8e6116-d50a-426c-91eb-fa4b8604e367	154
7b8e6116-d50a-426c-91eb-fa4b8604e367	131
7b8e6116-d50a-426c-91eb-fa4b8604e367	228
7b8e6116-d50a-426c-91eb-fa4b8604e367	229
7b8e6116-d50a-426c-91eb-fa4b8604e367	230
7b8e6116-d50a-426c-91eb-fa4b8604e367	231
7b8e6116-d50a-426c-91eb-fa4b8604e367	158
7b8e6116-d50a-426c-91eb-fa4b8604e367	159
7b8e6116-d50a-426c-91eb-fa4b8604e367	161
7b8e6116-d50a-426c-91eb-fa4b8604e367	203
7b8e6116-d50a-426c-91eb-fa4b8604e367	232
7b8e6116-d50a-426c-91eb-fa4b8604e367	273
7b8e6116-d50a-426c-91eb-fa4b8604e367	234
7b8e6116-d50a-426c-91eb-fa4b8604e367	134
7b8e6116-d50a-426c-91eb-fa4b8604e367	146
7b8e6116-d50a-426c-91eb-fa4b8604e367	133
7b8e6116-d50a-426c-91eb-fa4b8604e367	235
7b8e6116-d50a-426c-91eb-fa4b8604e367	147
7b8e6116-d50a-426c-91eb-fa4b8604e367	236
7b8e6116-d50a-426c-91eb-fa4b8604e367	237
7b8e6116-d50a-426c-91eb-fa4b8604e367	153
7b8e6116-d50a-426c-91eb-fa4b8604e367	238
7b8e6116-d50a-426c-91eb-fa4b8604e367	239
7b8e6116-d50a-426c-91eb-fa4b8604e367	240
7b8e6116-d50a-426c-91eb-fa4b8604e367	241
7b8e6116-d50a-426c-91eb-fa4b8604e367	156
7b8e6116-d50a-426c-91eb-fa4b8604e367	157
7b8e6116-d50a-426c-91eb-fa4b8604e367	242
7b8e6116-d50a-426c-91eb-fa4b8604e367	243
7b8e6116-d50a-426c-91eb-fa4b8604e367	272
7b8e6116-d50a-426c-91eb-fa4b8604e367	200
7b8e6116-d50a-426c-91eb-fa4b8604e367	245
7b8e6116-d50a-426c-91eb-fa4b8604e367	137
7b8e6116-d50a-426c-91eb-fa4b8604e367	145
7b8e6116-d50a-426c-91eb-fa4b8604e367	246
7b8e6116-d50a-426c-91eb-fa4b8604e367	247
7b8e6116-d50a-426c-91eb-fa4b8604e367	144
7b8e6116-d50a-426c-91eb-fa4b8604e367	135
7b8e6116-d50a-426c-91eb-fa4b8604e367	155
7b8e6116-d50a-426c-91eb-fa4b8604e367	148
7b8e6116-d50a-426c-91eb-fa4b8604e367	254
7b8e6116-d50a-426c-91eb-fa4b8604e367	255
d8d1916e-a10e-4920-9ad7-f42eac2ae5cd	149
d8d1916e-a10e-4920-9ad7-f42eac2ae5cd	130
d8d1916e-a10e-4920-9ad7-f42eac2ae5cd	151
d8d1916e-a10e-4920-9ad7-f42eac2ae5cd	162
d8d1916e-a10e-4920-9ad7-f42eac2ae5cd	154
d8d1916e-a10e-4920-9ad7-f42eac2ae5cd	131
d8d1916e-a10e-4920-9ad7-f42eac2ae5cd	228
d8d1916e-a10e-4920-9ad7-f42eac2ae5cd	229
d8d1916e-a10e-4920-9ad7-f42eac2ae5cd	230
d8d1916e-a10e-4920-9ad7-f42eac2ae5cd	231
d8d1916e-a10e-4920-9ad7-f42eac2ae5cd	158
d8d1916e-a10e-4920-9ad7-f42eac2ae5cd	159
d8d1916e-a10e-4920-9ad7-f42eac2ae5cd	161
d8d1916e-a10e-4920-9ad7-f42eac2ae5cd	203
d8d1916e-a10e-4920-9ad7-f42eac2ae5cd	232
d8d1916e-a10e-4920-9ad7-f42eac2ae5cd	273
d8d1916e-a10e-4920-9ad7-f42eac2ae5cd	143
d8d1916e-a10e-4920-9ad7-f42eac2ae5cd	141
d8d1916e-a10e-4920-9ad7-f42eac2ae5cd	142
d8d1916e-a10e-4920-9ad7-f42eac2ae5cd	233
d8d1916e-a10e-4920-9ad7-f42eac2ae5cd	234
d8d1916e-a10e-4920-9ad7-f42eac2ae5cd	134
d8d1916e-a10e-4920-9ad7-f42eac2ae5cd	146
d8d1916e-a10e-4920-9ad7-f42eac2ae5cd	133
d8d1916e-a10e-4920-9ad7-f42eac2ae5cd	235
d8d1916e-a10e-4920-9ad7-f42eac2ae5cd	147
d8d1916e-a10e-4920-9ad7-f42eac2ae5cd	236
d8d1916e-a10e-4920-9ad7-f42eac2ae5cd	237
d8d1916e-a10e-4920-9ad7-f42eac2ae5cd	153
d8d1916e-a10e-4920-9ad7-f42eac2ae5cd	238
d8d1916e-a10e-4920-9ad7-f42eac2ae5cd	239
d8d1916e-a10e-4920-9ad7-f42eac2ae5cd	240
d8d1916e-a10e-4920-9ad7-f42eac2ae5cd	241
d8d1916e-a10e-4920-9ad7-f42eac2ae5cd	156
d8d1916e-a10e-4920-9ad7-f42eac2ae5cd	157
d8d1916e-a10e-4920-9ad7-f42eac2ae5cd	242
d8d1916e-a10e-4920-9ad7-f42eac2ae5cd	243
d8d1916e-a10e-4920-9ad7-f42eac2ae5cd	272
d8d1916e-a10e-4920-9ad7-f42eac2ae5cd	244
d8d1916e-a10e-4920-9ad7-f42eac2ae5cd	138
d8d1916e-a10e-4920-9ad7-f42eac2ae5cd	152
d8d1916e-a10e-4920-9ad7-f42eac2ae5cd	150
d8d1916e-a10e-4920-9ad7-f42eac2ae5cd	200
d8d1916e-a10e-4920-9ad7-f42eac2ae5cd	245
d8d1916e-a10e-4920-9ad7-f42eac2ae5cd	137
48ab26e5-624d-4023-a9d0-8216a92decb7	162
48ab26e5-624d-4023-a9d0-8216a92decb7	154
48ab26e5-624d-4023-a9d0-8216a92decb7	131
48ab26e5-624d-4023-a9d0-8216a92decb7	228
48ab26e5-624d-4023-a9d0-8216a92decb7	229
48ab26e5-624d-4023-a9d0-8216a92decb7	230
48ab26e5-624d-4023-a9d0-8216a92decb7	231
48ab26e5-624d-4023-a9d0-8216a92decb7	158
48ab26e5-624d-4023-a9d0-8216a92decb7	159
48ab26e5-624d-4023-a9d0-8216a92decb7	161
48ab26e5-624d-4023-a9d0-8216a92decb7	203
48ab26e5-624d-4023-a9d0-8216a92decb7	232
48ab26e5-624d-4023-a9d0-8216a92decb7	273
48ab26e5-624d-4023-a9d0-8216a92decb7	143
48ab26e5-624d-4023-a9d0-8216a92decb7	141
48ab26e5-624d-4023-a9d0-8216a92decb7	142
48ab26e5-624d-4023-a9d0-8216a92decb7	233
48ab26e5-624d-4023-a9d0-8216a92decb7	234
48ab26e5-624d-4023-a9d0-8216a92decb7	134
48ab26e5-624d-4023-a9d0-8216a92decb7	146
48ab26e5-624d-4023-a9d0-8216a92decb7	133
48ab26e5-624d-4023-a9d0-8216a92decb7	235
48ab26e5-624d-4023-a9d0-8216a92decb7	147
48ab26e5-624d-4023-a9d0-8216a92decb7	236
48ab26e5-624d-4023-a9d0-8216a92decb7	237
48ab26e5-624d-4023-a9d0-8216a92decb7	153
48ab26e5-624d-4023-a9d0-8216a92decb7	238
48ab26e5-624d-4023-a9d0-8216a92decb7	239
48ab26e5-624d-4023-a9d0-8216a92decb7	240
48ab26e5-624d-4023-a9d0-8216a92decb7	241
48ab26e5-624d-4023-a9d0-8216a92decb7	156
48ab26e5-624d-4023-a9d0-8216a92decb7	157
48ab26e5-624d-4023-a9d0-8216a92decb7	242
48ab26e5-624d-4023-a9d0-8216a92decb7	243
48ab26e5-624d-4023-a9d0-8216a92decb7	272
48ab26e5-624d-4023-a9d0-8216a92decb7	244
48ab26e5-624d-4023-a9d0-8216a92decb7	138
48ab26e5-624d-4023-a9d0-8216a92decb7	152
a223b7de-10b8-4041-a720-673719707d0f	229
a223b7de-10b8-4041-a720-673719707d0f	230
a223b7de-10b8-4041-a720-673719707d0f	231
a223b7de-10b8-4041-a720-673719707d0f	158
a223b7de-10b8-4041-a720-673719707d0f	159
a223b7de-10b8-4041-a720-673719707d0f	161
a223b7de-10b8-4041-a720-673719707d0f	203
a223b7de-10b8-4041-a720-673719707d0f	232
a223b7de-10b8-4041-a720-673719707d0f	273
a223b7de-10b8-4041-a720-673719707d0f	143
a223b7de-10b8-4041-a720-673719707d0f	141
a223b7de-10b8-4041-a720-673719707d0f	142
a223b7de-10b8-4041-a720-673719707d0f	233
a223b7de-10b8-4041-a720-673719707d0f	234
a223b7de-10b8-4041-a720-673719707d0f	134
a223b7de-10b8-4041-a720-673719707d0f	146
a223b7de-10b8-4041-a720-673719707d0f	133
a223b7de-10b8-4041-a720-673719707d0f	235
a223b7de-10b8-4041-a720-673719707d0f	147
a223b7de-10b8-4041-a720-673719707d0f	236
a223b7de-10b8-4041-a720-673719707d0f	237
a223b7de-10b8-4041-a720-673719707d0f	153
a223b7de-10b8-4041-a720-673719707d0f	238
a223b7de-10b8-4041-a720-673719707d0f	239
a223b7de-10b8-4041-a720-673719707d0f	240
a223b7de-10b8-4041-a720-673719707d0f	241
a223b7de-10b8-4041-a720-673719707d0f	156
a223b7de-10b8-4041-a720-673719707d0f	157
a223b7de-10b8-4041-a720-673719707d0f	242
a223b7de-10b8-4041-a720-673719707d0f	243
a4261639-35c4-4db4-92e4-2647cda746fb	240
a4261639-35c4-4db4-92e4-2647cda746fb	241
a4261639-35c4-4db4-92e4-2647cda746fb	156
a4261639-35c4-4db4-92e4-2647cda746fb	157
a4261639-35c4-4db4-92e4-2647cda746fb	242
a4261639-35c4-4db4-92e4-2647cda746fb	243
a4261639-35c4-4db4-92e4-2647cda746fb	272
a4261639-35c4-4db4-92e4-2647cda746fb	244
a4261639-35c4-4db4-92e4-2647cda746fb	138
a4261639-35c4-4db4-92e4-2647cda746fb	152
a4261639-35c4-4db4-92e4-2647cda746fb	150
a4261639-35c4-4db4-92e4-2647cda746fb	200
a4261639-35c4-4db4-92e4-2647cda746fb	245
a4261639-35c4-4db4-92e4-2647cda746fb	137
a4261639-35c4-4db4-92e4-2647cda746fb	145
a4261639-35c4-4db4-92e4-2647cda746fb	246
a4261639-35c4-4db4-92e4-2647cda746fb	247
6f81c8be-aedb-4c63-89e9-786154e903e2	162
6f81c8be-aedb-4c63-89e9-786154e903e2	154
6f81c8be-aedb-4c63-89e9-786154e903e2	131
6f81c8be-aedb-4c63-89e9-786154e903e2	228
6f81c8be-aedb-4c63-89e9-786154e903e2	229
6f81c8be-aedb-4c63-89e9-786154e903e2	230
6f81c8be-aedb-4c63-89e9-786154e903e2	231
6f81c8be-aedb-4c63-89e9-786154e903e2	158
6f81c8be-aedb-4c63-89e9-786154e903e2	159
6f81c8be-aedb-4c63-89e9-786154e903e2	161
6f81c8be-aedb-4c63-89e9-786154e903e2	203
6f81c8be-aedb-4c63-89e9-786154e903e2	232
6f81c8be-aedb-4c63-89e9-786154e903e2	273
6f81c8be-aedb-4c63-89e9-786154e903e2	143
6f81c8be-aedb-4c63-89e9-786154e903e2	141
6f81c8be-aedb-4c63-89e9-786154e903e2	142
6f81c8be-aedb-4c63-89e9-786154e903e2	233
6f81c8be-aedb-4c63-89e9-786154e903e2	234
6f81c8be-aedb-4c63-89e9-786154e903e2	134
6f81c8be-aedb-4c63-89e9-786154e903e2	146
6f81c8be-aedb-4c63-89e9-786154e903e2	133
6f81c8be-aedb-4c63-89e9-786154e903e2	235
6f81c8be-aedb-4c63-89e9-786154e903e2	147
6f81c8be-aedb-4c63-89e9-786154e903e2	236
6f81c8be-aedb-4c63-89e9-786154e903e2	237
6f81c8be-aedb-4c63-89e9-786154e903e2	153
6f81c8be-aedb-4c63-89e9-786154e903e2	238
6f81c8be-aedb-4c63-89e9-786154e903e2	239
6f81c8be-aedb-4c63-89e9-786154e903e2	240
6f81c8be-aedb-4c63-89e9-786154e903e2	241
6f81c8be-aedb-4c63-89e9-786154e903e2	156
6f81c8be-aedb-4c63-89e9-786154e903e2	157
6f81c8be-aedb-4c63-89e9-786154e903e2	242
6f81c8be-aedb-4c63-89e9-786154e903e2	243
6f81c8be-aedb-4c63-89e9-786154e903e2	272
6f81c8be-aedb-4c63-89e9-786154e903e2	244
6f81c8be-aedb-4c63-89e9-786154e903e2	138
6f81c8be-aedb-4c63-89e9-786154e903e2	152
6f81c8be-aedb-4c63-89e9-786154e903e2	150
6f81c8be-aedb-4c63-89e9-786154e903e2	200
6f81c8be-aedb-4c63-89e9-786154e903e2	245
6f81c8be-aedb-4c63-89e9-786154e903e2	137
6f81c8be-aedb-4c63-89e9-786154e903e2	145
6f81c8be-aedb-4c63-89e9-786154e903e2	246
6f81c8be-aedb-4c63-89e9-786154e903e2	247
6f81c8be-aedb-4c63-89e9-786154e903e2	144
6f81c8be-aedb-4c63-89e9-786154e903e2	135
6f81c8be-aedb-4c63-89e9-786154e903e2	155
36adf1af-132c-4f0f-865f-0f344b3ecdc8	154
36adf1af-132c-4f0f-865f-0f344b3ecdc8	131
36adf1af-132c-4f0f-865f-0f344b3ecdc8	228
36adf1af-132c-4f0f-865f-0f344b3ecdc8	229
36adf1af-132c-4f0f-865f-0f344b3ecdc8	230
36adf1af-132c-4f0f-865f-0f344b3ecdc8	231
36adf1af-132c-4f0f-865f-0f344b3ecdc8	158
36adf1af-132c-4f0f-865f-0f344b3ecdc8	159
36adf1af-132c-4f0f-865f-0f344b3ecdc8	161
36adf1af-132c-4f0f-865f-0f344b3ecdc8	203
36adf1af-132c-4f0f-865f-0f344b3ecdc8	232
36adf1af-132c-4f0f-865f-0f344b3ecdc8	273
36adf1af-132c-4f0f-865f-0f344b3ecdc8	143
36adf1af-132c-4f0f-865f-0f344b3ecdc8	141
36adf1af-132c-4f0f-865f-0f344b3ecdc8	142
36adf1af-132c-4f0f-865f-0f344b3ecdc8	233
36adf1af-132c-4f0f-865f-0f344b3ecdc8	234
36adf1af-132c-4f0f-865f-0f344b3ecdc8	134
36adf1af-132c-4f0f-865f-0f344b3ecdc8	146
36adf1af-132c-4f0f-865f-0f344b3ecdc8	133
36adf1af-132c-4f0f-865f-0f344b3ecdc8	235
36adf1af-132c-4f0f-865f-0f344b3ecdc8	147
36adf1af-132c-4f0f-865f-0f344b3ecdc8	236
36adf1af-132c-4f0f-865f-0f344b3ecdc8	237
36adf1af-132c-4f0f-865f-0f344b3ecdc8	153
36adf1af-132c-4f0f-865f-0f344b3ecdc8	238
36adf1af-132c-4f0f-865f-0f344b3ecdc8	239
36adf1af-132c-4f0f-865f-0f344b3ecdc8	240
36adf1af-132c-4f0f-865f-0f344b3ecdc8	241
36adf1af-132c-4f0f-865f-0f344b3ecdc8	156
36adf1af-132c-4f0f-865f-0f344b3ecdc8	157
36adf1af-132c-4f0f-865f-0f344b3ecdc8	242
36adf1af-132c-4f0f-865f-0f344b3ecdc8	243
36adf1af-132c-4f0f-865f-0f344b3ecdc8	272
36adf1af-132c-4f0f-865f-0f344b3ecdc8	244
36adf1af-132c-4f0f-865f-0f344b3ecdc8	138
36adf1af-132c-4f0f-865f-0f344b3ecdc8	152
36adf1af-132c-4f0f-865f-0f344b3ecdc8	150
36adf1af-132c-4f0f-865f-0f344b3ecdc8	200
36adf1af-132c-4f0f-865f-0f344b3ecdc8	245
36adf1af-132c-4f0f-865f-0f344b3ecdc8	137
36adf1af-132c-4f0f-865f-0f344b3ecdc8	145
36adf1af-132c-4f0f-865f-0f344b3ecdc8	246
36adf1af-132c-4f0f-865f-0f344b3ecdc8	247
36adf1af-132c-4f0f-865f-0f344b3ecdc8	144
36adf1af-132c-4f0f-865f-0f344b3ecdc8	135
36adf1af-132c-4f0f-865f-0f344b3ecdc8	155
36adf1af-132c-4f0f-865f-0f344b3ecdc8	148
36adf1af-132c-4f0f-865f-0f344b3ecdc8	254
36adf1af-132c-4f0f-865f-0f344b3ecdc8	255
36adf1af-132c-4f0f-865f-0f344b3ecdc8	256
36adf1af-132c-4f0f-865f-0f344b3ecdc8	257
03df9e07-d23f-4170-8c94-605fcacfbccb	142
03df9e07-d23f-4170-8c94-605fcacfbccb	233
03df9e07-d23f-4170-8c94-605fcacfbccb	234
03df9e07-d23f-4170-8c94-605fcacfbccb	134
03df9e07-d23f-4170-8c94-605fcacfbccb	146
03df9e07-d23f-4170-8c94-605fcacfbccb	133
03df9e07-d23f-4170-8c94-605fcacfbccb	235
03df9e07-d23f-4170-8c94-605fcacfbccb	147
03df9e07-d23f-4170-8c94-605fcacfbccb	236
03df9e07-d23f-4170-8c94-605fcacfbccb	237
03df9e07-d23f-4170-8c94-605fcacfbccb	153
03df9e07-d23f-4170-8c94-605fcacfbccb	238
03df9e07-d23f-4170-8c94-605fcacfbccb	239
03df9e07-d23f-4170-8c94-605fcacfbccb	240
03df9e07-d23f-4170-8c94-605fcacfbccb	241
03df9e07-d23f-4170-8c94-605fcacfbccb	156
03df9e07-d23f-4170-8c94-605fcacfbccb	157
03df9e07-d23f-4170-8c94-605fcacfbccb	242
03df9e07-d23f-4170-8c94-605fcacfbccb	243
03df9e07-d23f-4170-8c94-605fcacfbccb	272
03df9e07-d23f-4170-8c94-605fcacfbccb	244
03df9e07-d23f-4170-8c94-605fcacfbccb	138
03df9e07-d23f-4170-8c94-605fcacfbccb	152
03df9e07-d23f-4170-8c94-605fcacfbccb	150
03df9e07-d23f-4170-8c94-605fcacfbccb	200
03df9e07-d23f-4170-8c94-605fcacfbccb	245
03df9e07-d23f-4170-8c94-605fcacfbccb	137
f5d015e6-eb62-45be-8b94-eaa4e5eae5cc	154
f5d015e6-eb62-45be-8b94-eaa4e5eae5cc	131
f5d015e6-eb62-45be-8b94-eaa4e5eae5cc	228
f5d015e6-eb62-45be-8b94-eaa4e5eae5cc	229
f5d015e6-eb62-45be-8b94-eaa4e5eae5cc	230
f5d015e6-eb62-45be-8b94-eaa4e5eae5cc	231
f5d015e6-eb62-45be-8b94-eaa4e5eae5cc	158
f5d015e6-eb62-45be-8b94-eaa4e5eae5cc	159
f5d015e6-eb62-45be-8b94-eaa4e5eae5cc	161
f5d015e6-eb62-45be-8b94-eaa4e5eae5cc	203
f5d015e6-eb62-45be-8b94-eaa4e5eae5cc	232
f5d015e6-eb62-45be-8b94-eaa4e5eae5cc	273
f5d015e6-eb62-45be-8b94-eaa4e5eae5cc	143
a223b7de-10b8-4041-a720-673719707d0f	272
a223b7de-10b8-4041-a720-673719707d0f	244
a223b7de-10b8-4041-a720-673719707d0f	138
a223b7de-10b8-4041-a720-673719707d0f	152
a223b7de-10b8-4041-a720-673719707d0f	150
a223b7de-10b8-4041-a720-673719707d0f	200
a223b7de-10b8-4041-a720-673719707d0f	245
a223b7de-10b8-4041-a720-673719707d0f	137
a223b7de-10b8-4041-a720-673719707d0f	145
a223b7de-10b8-4041-a720-673719707d0f	246
a223b7de-10b8-4041-a720-673719707d0f	247
a223b7de-10b8-4041-a720-673719707d0f	144
a223b7de-10b8-4041-a720-673719707d0f	135
ab651062-15e8-43b8-828d-43c302f8143a	228
ab651062-15e8-43b8-828d-43c302f8143a	229
ab651062-15e8-43b8-828d-43c302f8143a	230
ab651062-15e8-43b8-828d-43c302f8143a	231
ab651062-15e8-43b8-828d-43c302f8143a	158
ab651062-15e8-43b8-828d-43c302f8143a	159
ab651062-15e8-43b8-828d-43c302f8143a	161
ab651062-15e8-43b8-828d-43c302f8143a	203
ab651062-15e8-43b8-828d-43c302f8143a	232
ab651062-15e8-43b8-828d-43c302f8143a	273
ab651062-15e8-43b8-828d-43c302f8143a	143
ab651062-15e8-43b8-828d-43c302f8143a	141
ab651062-15e8-43b8-828d-43c302f8143a	142
ab651062-15e8-43b8-828d-43c302f8143a	233
ab651062-15e8-43b8-828d-43c302f8143a	234
ab651062-15e8-43b8-828d-43c302f8143a	134
ab651062-15e8-43b8-828d-43c302f8143a	146
ab651062-15e8-43b8-828d-43c302f8143a	133
ab651062-15e8-43b8-828d-43c302f8143a	235
ab651062-15e8-43b8-828d-43c302f8143a	147
ab651062-15e8-43b8-828d-43c302f8143a	236
ab651062-15e8-43b8-828d-43c302f8143a	237
ab651062-15e8-43b8-828d-43c302f8143a	153
ab651062-15e8-43b8-828d-43c302f8143a	238
ab651062-15e8-43b8-828d-43c302f8143a	239
ab651062-15e8-43b8-828d-43c302f8143a	240
ab651062-15e8-43b8-828d-43c302f8143a	241
ab651062-15e8-43b8-828d-43c302f8143a	156
ab651062-15e8-43b8-828d-43c302f8143a	157
ab651062-15e8-43b8-828d-43c302f8143a	242
ab651062-15e8-43b8-828d-43c302f8143a	243
ab651062-15e8-43b8-828d-43c302f8143a	272
ab651062-15e8-43b8-828d-43c302f8143a	244
ab651062-15e8-43b8-828d-43c302f8143a	138
ab651062-15e8-43b8-828d-43c302f8143a	152
ab651062-15e8-43b8-828d-43c302f8143a	150
ab651062-15e8-43b8-828d-43c302f8143a	200
ab651062-15e8-43b8-828d-43c302f8143a	245
ab651062-15e8-43b8-828d-43c302f8143a	137
ab651062-15e8-43b8-828d-43c302f8143a	145
ab651062-15e8-43b8-828d-43c302f8143a	246
ab651062-15e8-43b8-828d-43c302f8143a	247
ab651062-15e8-43b8-828d-43c302f8143a	144
ab651062-15e8-43b8-828d-43c302f8143a	135
ab651062-15e8-43b8-828d-43c302f8143a	155
ab651062-15e8-43b8-828d-43c302f8143a	148
ab651062-15e8-43b8-828d-43c302f8143a	254
ab651062-15e8-43b8-828d-43c302f8143a	255
ab651062-15e8-43b8-828d-43c302f8143a	256
ab651062-15e8-43b8-828d-43c302f8143a	257
ab651062-15e8-43b8-828d-43c302f8143a	258
ab651062-15e8-43b8-828d-43c302f8143a	259
ab651062-15e8-43b8-828d-43c302f8143a	260
ab651062-15e8-43b8-828d-43c302f8143a	274
81ae2994-a2b7-4e85-8a6d-2c1afc2c2b88	154
81ae2994-a2b7-4e85-8a6d-2c1afc2c2b88	131
81ae2994-a2b7-4e85-8a6d-2c1afc2c2b88	228
81ae2994-a2b7-4e85-8a6d-2c1afc2c2b88	229
81ae2994-a2b7-4e85-8a6d-2c1afc2c2b88	230
81ae2994-a2b7-4e85-8a6d-2c1afc2c2b88	231
81ae2994-a2b7-4e85-8a6d-2c1afc2c2b88	158
81ae2994-a2b7-4e85-8a6d-2c1afc2c2b88	159
81ae2994-a2b7-4e85-8a6d-2c1afc2c2b88	161
81ae2994-a2b7-4e85-8a6d-2c1afc2c2b88	203
81ae2994-a2b7-4e85-8a6d-2c1afc2c2b88	232
81ae2994-a2b7-4e85-8a6d-2c1afc2c2b88	273
81ae2994-a2b7-4e85-8a6d-2c1afc2c2b88	143
81ae2994-a2b7-4e85-8a6d-2c1afc2c2b88	141
81ae2994-a2b7-4e85-8a6d-2c1afc2c2b88	142
81ae2994-a2b7-4e85-8a6d-2c1afc2c2b88	233
81ae2994-a2b7-4e85-8a6d-2c1afc2c2b88	234
81ae2994-a2b7-4e85-8a6d-2c1afc2c2b88	134
81ae2994-a2b7-4e85-8a6d-2c1afc2c2b88	146
81ae2994-a2b7-4e85-8a6d-2c1afc2c2b88	133
81ae2994-a2b7-4e85-8a6d-2c1afc2c2b88	235
81ae2994-a2b7-4e85-8a6d-2c1afc2c2b88	147
81ae2994-a2b7-4e85-8a6d-2c1afc2c2b88	236
81ae2994-a2b7-4e85-8a6d-2c1afc2c2b88	237
81ae2994-a2b7-4e85-8a6d-2c1afc2c2b88	153
81ae2994-a2b7-4e85-8a6d-2c1afc2c2b88	238
81ae2994-a2b7-4e85-8a6d-2c1afc2c2b88	239
bacab641-1d61-4af5-b745-88551e77db4f	154
bacab641-1d61-4af5-b745-88551e77db4f	131
bacab641-1d61-4af5-b745-88551e77db4f	228
bacab641-1d61-4af5-b745-88551e77db4f	229
bacab641-1d61-4af5-b745-88551e77db4f	230
bacab641-1d61-4af5-b745-88551e77db4f	231
bacab641-1d61-4af5-b745-88551e77db4f	158
bacab641-1d61-4af5-b745-88551e77db4f	159
bacab641-1d61-4af5-b745-88551e77db4f	161
bacab641-1d61-4af5-b745-88551e77db4f	203
bacab641-1d61-4af5-b745-88551e77db4f	232
bacab641-1d61-4af5-b745-88551e77db4f	273
bacab641-1d61-4af5-b745-88551e77db4f	143
bacab641-1d61-4af5-b745-88551e77db4f	141
bacab641-1d61-4af5-b745-88551e77db4f	142
bacab641-1d61-4af5-b745-88551e77db4f	233
bacab641-1d61-4af5-b745-88551e77db4f	234
bacab641-1d61-4af5-b745-88551e77db4f	134
bacab641-1d61-4af5-b745-88551e77db4f	146
bacab641-1d61-4af5-b745-88551e77db4f	133
bacab641-1d61-4af5-b745-88551e77db4f	235
bacab641-1d61-4af5-b745-88551e77db4f	147
bacab641-1d61-4af5-b745-88551e77db4f	236
bacab641-1d61-4af5-b745-88551e77db4f	237
bacab641-1d61-4af5-b745-88551e77db4f	153
bacab641-1d61-4af5-b745-88551e77db4f	238
bacab641-1d61-4af5-b745-88551e77db4f	239
bacab641-1d61-4af5-b745-88551e77db4f	240
bacab641-1d61-4af5-b745-88551e77db4f	241
bacab641-1d61-4af5-b745-88551e77db4f	156
bacab641-1d61-4af5-b745-88551e77db4f	157
bacab641-1d61-4af5-b745-88551e77db4f	242
bacab641-1d61-4af5-b745-88551e77db4f	243
bacab641-1d61-4af5-b745-88551e77db4f	272
bacab641-1d61-4af5-b745-88551e77db4f	244
bacab641-1d61-4af5-b745-88551e77db4f	138
bacab641-1d61-4af5-b745-88551e77db4f	152
bacab641-1d61-4af5-b745-88551e77db4f	150
bacab641-1d61-4af5-b745-88551e77db4f	200
bacab641-1d61-4af5-b745-88551e77db4f	245
bacab641-1d61-4af5-b745-88551e77db4f	137
bacab641-1d61-4af5-b745-88551e77db4f	145
bacab641-1d61-4af5-b745-88551e77db4f	246
bacab641-1d61-4af5-b745-88551e77db4f	247
bacab641-1d61-4af5-b745-88551e77db4f	144
bacab641-1d61-4af5-b745-88551e77db4f	135
335901ca-4d38-4843-b47a-882561375587	154
335901ca-4d38-4843-b47a-882561375587	131
335901ca-4d38-4843-b47a-882561375587	228
335901ca-4d38-4843-b47a-882561375587	229
335901ca-4d38-4843-b47a-882561375587	230
335901ca-4d38-4843-b47a-882561375587	231
335901ca-4d38-4843-b47a-882561375587	158
335901ca-4d38-4843-b47a-882561375587	159
335901ca-4d38-4843-b47a-882561375587	161
335901ca-4d38-4843-b47a-882561375587	203
335901ca-4d38-4843-b47a-882561375587	232
335901ca-4d38-4843-b47a-882561375587	273
335901ca-4d38-4843-b47a-882561375587	143
335901ca-4d38-4843-b47a-882561375587	141
335901ca-4d38-4843-b47a-882561375587	142
335901ca-4d38-4843-b47a-882561375587	233
335901ca-4d38-4843-b47a-882561375587	234
f5d015e6-eb62-45be-8b94-eaa4e5eae5cc	141
f5d015e6-eb62-45be-8b94-eaa4e5eae5cc	142
f5d015e6-eb62-45be-8b94-eaa4e5eae5cc	233
f5d015e6-eb62-45be-8b94-eaa4e5eae5cc	234
f5d015e6-eb62-45be-8b94-eaa4e5eae5cc	134
f5d015e6-eb62-45be-8b94-eaa4e5eae5cc	146
f5d015e6-eb62-45be-8b94-eaa4e5eae5cc	133
f5d015e6-eb62-45be-8b94-eaa4e5eae5cc	235
f5d015e6-eb62-45be-8b94-eaa4e5eae5cc	147
f5d015e6-eb62-45be-8b94-eaa4e5eae5cc	236
f5d015e6-eb62-45be-8b94-eaa4e5eae5cc	237
f5d015e6-eb62-45be-8b94-eaa4e5eae5cc	153
f5d015e6-eb62-45be-8b94-eaa4e5eae5cc	238
f5d015e6-eb62-45be-8b94-eaa4e5eae5cc	239
f5d015e6-eb62-45be-8b94-eaa4e5eae5cc	240
f5d015e6-eb62-45be-8b94-eaa4e5eae5cc	241
f5d015e6-eb62-45be-8b94-eaa4e5eae5cc	156
f5d015e6-eb62-45be-8b94-eaa4e5eae5cc	157
f5d015e6-eb62-45be-8b94-eaa4e5eae5cc	242
f5d015e6-eb62-45be-8b94-eaa4e5eae5cc	243
f5d015e6-eb62-45be-8b94-eaa4e5eae5cc	272
f5d015e6-eb62-45be-8b94-eaa4e5eae5cc	244
f5d015e6-eb62-45be-8b94-eaa4e5eae5cc	138
f5d015e6-eb62-45be-8b94-eaa4e5eae5cc	152
f5d015e6-eb62-45be-8b94-eaa4e5eae5cc	150
b5a864a9-d7c0-4ff8-b2a8-867f57de3c88	160
b5a864a9-d7c0-4ff8-b2a8-867f57de3c88	227
b5a864a9-d7c0-4ff8-b2a8-867f57de3c88	149
b5a864a9-d7c0-4ff8-b2a8-867f57de3c88	130
b5a864a9-d7c0-4ff8-b2a8-867f57de3c88	151
b5a864a9-d7c0-4ff8-b2a8-867f57de3c88	162
b5a864a9-d7c0-4ff8-b2a8-867f57de3c88	154
b5a864a9-d7c0-4ff8-b2a8-867f57de3c88	131
b5a864a9-d7c0-4ff8-b2a8-867f57de3c88	228
b5a864a9-d7c0-4ff8-b2a8-867f57de3c88	229
b5a864a9-d7c0-4ff8-b2a8-867f57de3c88	230
b5a864a9-d7c0-4ff8-b2a8-867f57de3c88	231
b5a864a9-d7c0-4ff8-b2a8-867f57de3c88	158
b5a864a9-d7c0-4ff8-b2a8-867f57de3c88	159
b5a864a9-d7c0-4ff8-b2a8-867f57de3c88	161
b5a864a9-d7c0-4ff8-b2a8-867f57de3c88	203
b5a864a9-d7c0-4ff8-b2a8-867f57de3c88	232
b5a864a9-d7c0-4ff8-b2a8-867f57de3c88	273
b5a864a9-d7c0-4ff8-b2a8-867f57de3c88	143
b5a864a9-d7c0-4ff8-b2a8-867f57de3c88	141
b5a864a9-d7c0-4ff8-b2a8-867f57de3c88	142
b5a864a9-d7c0-4ff8-b2a8-867f57de3c88	233
b5a864a9-d7c0-4ff8-b2a8-867f57de3c88	234
b5a864a9-d7c0-4ff8-b2a8-867f57de3c88	134
b5a864a9-d7c0-4ff8-b2a8-867f57de3c88	146
b5a864a9-d7c0-4ff8-b2a8-867f57de3c88	133
b5a864a9-d7c0-4ff8-b2a8-867f57de3c88	235
b5a864a9-d7c0-4ff8-b2a8-867f57de3c88	147
b5a864a9-d7c0-4ff8-b2a8-867f57de3c88	236
b5a864a9-d7c0-4ff8-b2a8-867f57de3c88	237
b5a864a9-d7c0-4ff8-b2a8-867f57de3c88	153
b5a864a9-d7c0-4ff8-b2a8-867f57de3c88	238
b5a864a9-d7c0-4ff8-b2a8-867f57de3c88	239
b5a864a9-d7c0-4ff8-b2a8-867f57de3c88	240
b5a864a9-d7c0-4ff8-b2a8-867f57de3c88	241
b5a864a9-d7c0-4ff8-b2a8-867f57de3c88	156
b5a864a9-d7c0-4ff8-b2a8-867f57de3c88	157
b5a864a9-d7c0-4ff8-b2a8-867f57de3c88	242
b5a864a9-d7c0-4ff8-b2a8-867f57de3c88	243
b5a864a9-d7c0-4ff8-b2a8-867f57de3c88	272
b5a864a9-d7c0-4ff8-b2a8-867f57de3c88	244
b5a864a9-d7c0-4ff8-b2a8-867f57de3c88	138
b5a864a9-d7c0-4ff8-b2a8-867f57de3c88	152
b5a864a9-d7c0-4ff8-b2a8-867f57de3c88	150
b5a864a9-d7c0-4ff8-b2a8-867f57de3c88	200
b5a864a9-d7c0-4ff8-b2a8-867f57de3c88	245
b5a864a9-d7c0-4ff8-b2a8-867f57de3c88	137
b5a864a9-d7c0-4ff8-b2a8-867f57de3c88	145
b5a864a9-d7c0-4ff8-b2a8-867f57de3c88	246
b5a864a9-d7c0-4ff8-b2a8-867f57de3c88	247
b5a864a9-d7c0-4ff8-b2a8-867f57de3c88	144
b5a864a9-d7c0-4ff8-b2a8-867f57de3c88	135
b5a864a9-d7c0-4ff8-b2a8-867f57de3c88	155
b5a864a9-d7c0-4ff8-b2a8-867f57de3c88	148
b5a864a9-d7c0-4ff8-b2a8-867f57de3c88	254
b5a864a9-d7c0-4ff8-b2a8-867f57de3c88	255
b5a864a9-d7c0-4ff8-b2a8-867f57de3c88	256
b5a864a9-d7c0-4ff8-b2a8-867f57de3c88	257
b5a864a9-d7c0-4ff8-b2a8-867f57de3c88	258
b5a864a9-d7c0-4ff8-b2a8-867f57de3c88	259
b5a864a9-d7c0-4ff8-b2a8-867f57de3c88	260
b5a864a9-d7c0-4ff8-b2a8-867f57de3c88	274
b5a864a9-d7c0-4ff8-b2a8-867f57de3c88	261
b5a864a9-d7c0-4ff8-b2a8-867f57de3c88	262
b5a864a9-d7c0-4ff8-b2a8-867f57de3c88	263
b5a864a9-d7c0-4ff8-b2a8-867f57de3c88	264
2621af74-f790-4a1a-b911-92a9ebb32ebd	131
2621af74-f790-4a1a-b911-92a9ebb32ebd	228
2621af74-f790-4a1a-b911-92a9ebb32ebd	229
2621af74-f790-4a1a-b911-92a9ebb32ebd	230
2621af74-f790-4a1a-b911-92a9ebb32ebd	231
2621af74-f790-4a1a-b911-92a9ebb32ebd	158
2621af74-f790-4a1a-b911-92a9ebb32ebd	159
2621af74-f790-4a1a-b911-92a9ebb32ebd	161
2621af74-f790-4a1a-b911-92a9ebb32ebd	203
2621af74-f790-4a1a-b911-92a9ebb32ebd	232
2621af74-f790-4a1a-b911-92a9ebb32ebd	273
2621af74-f790-4a1a-b911-92a9ebb32ebd	143
2621af74-f790-4a1a-b911-92a9ebb32ebd	141
2621af74-f790-4a1a-b911-92a9ebb32ebd	142
2621af74-f790-4a1a-b911-92a9ebb32ebd	233
2621af74-f790-4a1a-b911-92a9ebb32ebd	234
2621af74-f790-4a1a-b911-92a9ebb32ebd	134
2621af74-f790-4a1a-b911-92a9ebb32ebd	146
2621af74-f790-4a1a-b911-92a9ebb32ebd	133
2621af74-f790-4a1a-b911-92a9ebb32ebd	235
2621af74-f790-4a1a-b911-92a9ebb32ebd	147
2621af74-f790-4a1a-b911-92a9ebb32ebd	236
2621af74-f790-4a1a-b911-92a9ebb32ebd	237
2621af74-f790-4a1a-b911-92a9ebb32ebd	153
2621af74-f790-4a1a-b911-92a9ebb32ebd	238
2621af74-f790-4a1a-b911-92a9ebb32ebd	239
2621af74-f790-4a1a-b911-92a9ebb32ebd	240
2621af74-f790-4a1a-b911-92a9ebb32ebd	241
2621af74-f790-4a1a-b911-92a9ebb32ebd	156
2621af74-f790-4a1a-b911-92a9ebb32ebd	157
2621af74-f790-4a1a-b911-92a9ebb32ebd	242
2621af74-f790-4a1a-b911-92a9ebb32ebd	243
2621af74-f790-4a1a-b911-92a9ebb32ebd	272
2621af74-f790-4a1a-b911-92a9ebb32ebd	244
2621af74-f790-4a1a-b911-92a9ebb32ebd	138
2621af74-f790-4a1a-b911-92a9ebb32ebd	152
2621af74-f790-4a1a-b911-92a9ebb32ebd	150
2621af74-f790-4a1a-b911-92a9ebb32ebd	200
2621af74-f790-4a1a-b911-92a9ebb32ebd	245
2621af74-f790-4a1a-b911-92a9ebb32ebd	137
2621af74-f790-4a1a-b911-92a9ebb32ebd	145
2621af74-f790-4a1a-b911-92a9ebb32ebd	246
2621af74-f790-4a1a-b911-92a9ebb32ebd	247
2621af74-f790-4a1a-b911-92a9ebb32ebd	144
2621af74-f790-4a1a-b911-92a9ebb32ebd	135
29032f25-a0ca-4920-8b46-b5e022507b75	149
29032f25-a0ca-4920-8b46-b5e022507b75	130
29032f25-a0ca-4920-8b46-b5e022507b75	151
29032f25-a0ca-4920-8b46-b5e022507b75	162
29032f25-a0ca-4920-8b46-b5e022507b75	154
29032f25-a0ca-4920-8b46-b5e022507b75	131
29032f25-a0ca-4920-8b46-b5e022507b75	228
29032f25-a0ca-4920-8b46-b5e022507b75	229
29032f25-a0ca-4920-8b46-b5e022507b75	230
29032f25-a0ca-4920-8b46-b5e022507b75	231
29032f25-a0ca-4920-8b46-b5e022507b75	158
29032f25-a0ca-4920-8b46-b5e022507b75	159
29032f25-a0ca-4920-8b46-b5e022507b75	161
29032f25-a0ca-4920-8b46-b5e022507b75	203
29032f25-a0ca-4920-8b46-b5e022507b75	232
29032f25-a0ca-4920-8b46-b5e022507b75	273
29032f25-a0ca-4920-8b46-b5e022507b75	143
29032f25-a0ca-4920-8b46-b5e022507b75	141
29032f25-a0ca-4920-8b46-b5e022507b75	142
29032f25-a0ca-4920-8b46-b5e022507b75	233
29032f25-a0ca-4920-8b46-b5e022507b75	234
29032f25-a0ca-4920-8b46-b5e022507b75	134
29032f25-a0ca-4920-8b46-b5e022507b75	146
29032f25-a0ca-4920-8b46-b5e022507b75	133
29032f25-a0ca-4920-8b46-b5e022507b75	235
29032f25-a0ca-4920-8b46-b5e022507b75	147
29032f25-a0ca-4920-8b46-b5e022507b75	236
29032f25-a0ca-4920-8b46-b5e022507b75	237
29032f25-a0ca-4920-8b46-b5e022507b75	153
29032f25-a0ca-4920-8b46-b5e022507b75	238
29032f25-a0ca-4920-8b46-b5e022507b75	239
29032f25-a0ca-4920-8b46-b5e022507b75	240
29032f25-a0ca-4920-8b46-b5e022507b75	241
29032f25-a0ca-4920-8b46-b5e022507b75	156
29032f25-a0ca-4920-8b46-b5e022507b75	157
29032f25-a0ca-4920-8b46-b5e022507b75	242
29032f25-a0ca-4920-8b46-b5e022507b75	243
29032f25-a0ca-4920-8b46-b5e022507b75	272
29032f25-a0ca-4920-8b46-b5e022507b75	244
29032f25-a0ca-4920-8b46-b5e022507b75	138
29032f25-a0ca-4920-8b46-b5e022507b75	152
29032f25-a0ca-4920-8b46-b5e022507b75	150
329569ec-9da1-4fd9-bdf1-813c4bef8c92	154
329569ec-9da1-4fd9-bdf1-813c4bef8c92	131
329569ec-9da1-4fd9-bdf1-813c4bef8c92	228
329569ec-9da1-4fd9-bdf1-813c4bef8c92	229
329569ec-9da1-4fd9-bdf1-813c4bef8c92	230
329569ec-9da1-4fd9-bdf1-813c4bef8c92	231
329569ec-9da1-4fd9-bdf1-813c4bef8c92	158
329569ec-9da1-4fd9-bdf1-813c4bef8c92	159
329569ec-9da1-4fd9-bdf1-813c4bef8c92	161
329569ec-9da1-4fd9-bdf1-813c4bef8c92	203
329569ec-9da1-4fd9-bdf1-813c4bef8c92	232
329569ec-9da1-4fd9-bdf1-813c4bef8c92	273
329569ec-9da1-4fd9-bdf1-813c4bef8c92	143
329569ec-9da1-4fd9-bdf1-813c4bef8c92	141
329569ec-9da1-4fd9-bdf1-813c4bef8c92	142
329569ec-9da1-4fd9-bdf1-813c4bef8c92	233
329569ec-9da1-4fd9-bdf1-813c4bef8c92	234
329569ec-9da1-4fd9-bdf1-813c4bef8c92	134
329569ec-9da1-4fd9-bdf1-813c4bef8c92	146
329569ec-9da1-4fd9-bdf1-813c4bef8c92	133
329569ec-9da1-4fd9-bdf1-813c4bef8c92	235
329569ec-9da1-4fd9-bdf1-813c4bef8c92	147
329569ec-9da1-4fd9-bdf1-813c4bef8c92	236
329569ec-9da1-4fd9-bdf1-813c4bef8c92	237
329569ec-9da1-4fd9-bdf1-813c4bef8c92	153
329569ec-9da1-4fd9-bdf1-813c4bef8c92	238
329569ec-9da1-4fd9-bdf1-813c4bef8c92	239
329569ec-9da1-4fd9-bdf1-813c4bef8c92	240
329569ec-9da1-4fd9-bdf1-813c4bef8c92	241
329569ec-9da1-4fd9-bdf1-813c4bef8c92	156
329569ec-9da1-4fd9-bdf1-813c4bef8c92	157
329569ec-9da1-4fd9-bdf1-813c4bef8c92	242
329569ec-9da1-4fd9-bdf1-813c4bef8c92	243
329569ec-9da1-4fd9-bdf1-813c4bef8c92	272
329569ec-9da1-4fd9-bdf1-813c4bef8c92	244
329569ec-9da1-4fd9-bdf1-813c4bef8c92	138
329569ec-9da1-4fd9-bdf1-813c4bef8c92	152
329569ec-9da1-4fd9-bdf1-813c4bef8c92	150
377453f6-85a4-4591-8918-d8c3d9ae9ec6	227
377453f6-85a4-4591-8918-d8c3d9ae9ec6	149
377453f6-85a4-4591-8918-d8c3d9ae9ec6	130
377453f6-85a4-4591-8918-d8c3d9ae9ec6	151
377453f6-85a4-4591-8918-d8c3d9ae9ec6	162
377453f6-85a4-4591-8918-d8c3d9ae9ec6	154
377453f6-85a4-4591-8918-d8c3d9ae9ec6	131
377453f6-85a4-4591-8918-d8c3d9ae9ec6	228
377453f6-85a4-4591-8918-d8c3d9ae9ec6	229
377453f6-85a4-4591-8918-d8c3d9ae9ec6	230
377453f6-85a4-4591-8918-d8c3d9ae9ec6	231
377453f6-85a4-4591-8918-d8c3d9ae9ec6	158
377453f6-85a4-4591-8918-d8c3d9ae9ec6	159
377453f6-85a4-4591-8918-d8c3d9ae9ec6	161
377453f6-85a4-4591-8918-d8c3d9ae9ec6	203
377453f6-85a4-4591-8918-d8c3d9ae9ec6	232
377453f6-85a4-4591-8918-d8c3d9ae9ec6	273
377453f6-85a4-4591-8918-d8c3d9ae9ec6	143
377453f6-85a4-4591-8918-d8c3d9ae9ec6	141
377453f6-85a4-4591-8918-d8c3d9ae9ec6	142
377453f6-85a4-4591-8918-d8c3d9ae9ec6	233
377453f6-85a4-4591-8918-d8c3d9ae9ec6	234
377453f6-85a4-4591-8918-d8c3d9ae9ec6	134
377453f6-85a4-4591-8918-d8c3d9ae9ec6	146
377453f6-85a4-4591-8918-d8c3d9ae9ec6	133
377453f6-85a4-4591-8918-d8c3d9ae9ec6	235
377453f6-85a4-4591-8918-d8c3d9ae9ec6	147
377453f6-85a4-4591-8918-d8c3d9ae9ec6	236
377453f6-85a4-4591-8918-d8c3d9ae9ec6	237
377453f6-85a4-4591-8918-d8c3d9ae9ec6	153
377453f6-85a4-4591-8918-d8c3d9ae9ec6	238
377453f6-85a4-4591-8918-d8c3d9ae9ec6	239
377453f6-85a4-4591-8918-d8c3d9ae9ec6	240
377453f6-85a4-4591-8918-d8c3d9ae9ec6	241
377453f6-85a4-4591-8918-d8c3d9ae9ec6	156
377453f6-85a4-4591-8918-d8c3d9ae9ec6	157
377453f6-85a4-4591-8918-d8c3d9ae9ec6	242
377453f6-85a4-4591-8918-d8c3d9ae9ec6	243
377453f6-85a4-4591-8918-d8c3d9ae9ec6	272
377453f6-85a4-4591-8918-d8c3d9ae9ec6	244
377453f6-85a4-4591-8918-d8c3d9ae9ec6	138
377453f6-85a4-4591-8918-d8c3d9ae9ec6	152
377453f6-85a4-4591-8918-d8c3d9ae9ec6	150
377453f6-85a4-4591-8918-d8c3d9ae9ec6	200
377453f6-85a4-4591-8918-d8c3d9ae9ec6	245
377453f6-85a4-4591-8918-d8c3d9ae9ec6	137
377453f6-85a4-4591-8918-d8c3d9ae9ec6	145
377453f6-85a4-4591-8918-d8c3d9ae9ec6	246
377453f6-85a4-4591-8918-d8c3d9ae9ec6	247
377453f6-85a4-4591-8918-d8c3d9ae9ec6	144
377453f6-85a4-4591-8918-d8c3d9ae9ec6	135
377453f6-85a4-4591-8918-d8c3d9ae9ec6	155
629043b5-2d8b-4d2c-9e51-39baa41cc3de	149
629043b5-2d8b-4d2c-9e51-39baa41cc3de	130
629043b5-2d8b-4d2c-9e51-39baa41cc3de	151
629043b5-2d8b-4d2c-9e51-39baa41cc3de	162
629043b5-2d8b-4d2c-9e51-39baa41cc3de	154
629043b5-2d8b-4d2c-9e51-39baa41cc3de	131
629043b5-2d8b-4d2c-9e51-39baa41cc3de	228
629043b5-2d8b-4d2c-9e51-39baa41cc3de	229
629043b5-2d8b-4d2c-9e51-39baa41cc3de	230
629043b5-2d8b-4d2c-9e51-39baa41cc3de	231
629043b5-2d8b-4d2c-9e51-39baa41cc3de	158
629043b5-2d8b-4d2c-9e51-39baa41cc3de	159
629043b5-2d8b-4d2c-9e51-39baa41cc3de	161
629043b5-2d8b-4d2c-9e51-39baa41cc3de	203
629043b5-2d8b-4d2c-9e51-39baa41cc3de	232
629043b5-2d8b-4d2c-9e51-39baa41cc3de	273
629043b5-2d8b-4d2c-9e51-39baa41cc3de	143
629043b5-2d8b-4d2c-9e51-39baa41cc3de	141
629043b5-2d8b-4d2c-9e51-39baa41cc3de	142
629043b5-2d8b-4d2c-9e51-39baa41cc3de	233
629043b5-2d8b-4d2c-9e51-39baa41cc3de	234
629043b5-2d8b-4d2c-9e51-39baa41cc3de	134
629043b5-2d8b-4d2c-9e51-39baa41cc3de	146
629043b5-2d8b-4d2c-9e51-39baa41cc3de	133
629043b5-2d8b-4d2c-9e51-39baa41cc3de	235
629043b5-2d8b-4d2c-9e51-39baa41cc3de	147
629043b5-2d8b-4d2c-9e51-39baa41cc3de	236
629043b5-2d8b-4d2c-9e51-39baa41cc3de	237
629043b5-2d8b-4d2c-9e51-39baa41cc3de	153
629043b5-2d8b-4d2c-9e51-39baa41cc3de	238
629043b5-2d8b-4d2c-9e51-39baa41cc3de	239
629043b5-2d8b-4d2c-9e51-39baa41cc3de	240
629043b5-2d8b-4d2c-9e51-39baa41cc3de	241
629043b5-2d8b-4d2c-9e51-39baa41cc3de	156
629043b5-2d8b-4d2c-9e51-39baa41cc3de	157
629043b5-2d8b-4d2c-9e51-39baa41cc3de	242
629043b5-2d8b-4d2c-9e51-39baa41cc3de	243
629043b5-2d8b-4d2c-9e51-39baa41cc3de	272
629043b5-2d8b-4d2c-9e51-39baa41cc3de	244
629043b5-2d8b-4d2c-9e51-39baa41cc3de	138
629043b5-2d8b-4d2c-9e51-39baa41cc3de	152
629043b5-2d8b-4d2c-9e51-39baa41cc3de	150
629043b5-2d8b-4d2c-9e51-39baa41cc3de	200
629043b5-2d8b-4d2c-9e51-39baa41cc3de	245
629043b5-2d8b-4d2c-9e51-39baa41cc3de	137
629043b5-2d8b-4d2c-9e51-39baa41cc3de	145
335901ca-4d38-4843-b47a-882561375587	134
335901ca-4d38-4843-b47a-882561375587	146
335901ca-4d38-4843-b47a-882561375587	133
335901ca-4d38-4843-b47a-882561375587	235
335901ca-4d38-4843-b47a-882561375587	147
335901ca-4d38-4843-b47a-882561375587	236
335901ca-4d38-4843-b47a-882561375587	237
335901ca-4d38-4843-b47a-882561375587	153
335901ca-4d38-4843-b47a-882561375587	238
335901ca-4d38-4843-b47a-882561375587	239
335901ca-4d38-4843-b47a-882561375587	240
335901ca-4d38-4843-b47a-882561375587	241
335901ca-4d38-4843-b47a-882561375587	156
335901ca-4d38-4843-b47a-882561375587	157
335901ca-4d38-4843-b47a-882561375587	242
335901ca-4d38-4843-b47a-882561375587	243
335901ca-4d38-4843-b47a-882561375587	272
335901ca-4d38-4843-b47a-882561375587	244
482eaa00-c3a3-4495-8986-201a91b06d97	151
482eaa00-c3a3-4495-8986-201a91b06d97	162
482eaa00-c3a3-4495-8986-201a91b06d97	154
482eaa00-c3a3-4495-8986-201a91b06d97	131
482eaa00-c3a3-4495-8986-201a91b06d97	228
482eaa00-c3a3-4495-8986-201a91b06d97	229
482eaa00-c3a3-4495-8986-201a91b06d97	230
482eaa00-c3a3-4495-8986-201a91b06d97	231
482eaa00-c3a3-4495-8986-201a91b06d97	158
482eaa00-c3a3-4495-8986-201a91b06d97	159
482eaa00-c3a3-4495-8986-201a91b06d97	161
482eaa00-c3a3-4495-8986-201a91b06d97	203
482eaa00-c3a3-4495-8986-201a91b06d97	232
482eaa00-c3a3-4495-8986-201a91b06d97	273
482eaa00-c3a3-4495-8986-201a91b06d97	143
482eaa00-c3a3-4495-8986-201a91b06d97	141
482eaa00-c3a3-4495-8986-201a91b06d97	142
482eaa00-c3a3-4495-8986-201a91b06d97	233
482eaa00-c3a3-4495-8986-201a91b06d97	234
482eaa00-c3a3-4495-8986-201a91b06d97	134
482eaa00-c3a3-4495-8986-201a91b06d97	146
482eaa00-c3a3-4495-8986-201a91b06d97	133
482eaa00-c3a3-4495-8986-201a91b06d97	235
482eaa00-c3a3-4495-8986-201a91b06d97	147
482eaa00-c3a3-4495-8986-201a91b06d97	236
482eaa00-c3a3-4495-8986-201a91b06d97	237
482eaa00-c3a3-4495-8986-201a91b06d97	153
482eaa00-c3a3-4495-8986-201a91b06d97	238
482eaa00-c3a3-4495-8986-201a91b06d97	239
482eaa00-c3a3-4495-8986-201a91b06d97	240
482eaa00-c3a3-4495-8986-201a91b06d97	241
482eaa00-c3a3-4495-8986-201a91b06d97	156
482eaa00-c3a3-4495-8986-201a91b06d97	157
482eaa00-c3a3-4495-8986-201a91b06d97	242
482eaa00-c3a3-4495-8986-201a91b06d97	243
482eaa00-c3a3-4495-8986-201a91b06d97	272
482eaa00-c3a3-4495-8986-201a91b06d97	244
482eaa00-c3a3-4495-8986-201a91b06d97	138
482eaa00-c3a3-4495-8986-201a91b06d97	152
482eaa00-c3a3-4495-8986-201a91b06d97	150
482eaa00-c3a3-4495-8986-201a91b06d97	200
482eaa00-c3a3-4495-8986-201a91b06d97	245
482eaa00-c3a3-4495-8986-201a91b06d97	137
482eaa00-c3a3-4495-8986-201a91b06d97	145
482eaa00-c3a3-4495-8986-201a91b06d97	246
482eaa00-c3a3-4495-8986-201a91b06d97	247
482eaa00-c3a3-4495-8986-201a91b06d97	144
482eaa00-c3a3-4495-8986-201a91b06d97	135
482eaa00-c3a3-4495-8986-201a91b06d97	155
ababac3e-c916-42dc-abe5-cc77d32e7e8b	139
ababac3e-c916-42dc-abe5-cc77d32e7e8b	136
ababac3e-c916-42dc-abe5-cc77d32e7e8b	160
ababac3e-c916-42dc-abe5-cc77d32e7e8b	227
ababac3e-c916-42dc-abe5-cc77d32e7e8b	149
ababac3e-c916-42dc-abe5-cc77d32e7e8b	130
ababac3e-c916-42dc-abe5-cc77d32e7e8b	151
ababac3e-c916-42dc-abe5-cc77d32e7e8b	162
ababac3e-c916-42dc-abe5-cc77d32e7e8b	154
ababac3e-c916-42dc-abe5-cc77d32e7e8b	131
ababac3e-c916-42dc-abe5-cc77d32e7e8b	228
ababac3e-c916-42dc-abe5-cc77d32e7e8b	229
ababac3e-c916-42dc-abe5-cc77d32e7e8b	230
ababac3e-c916-42dc-abe5-cc77d32e7e8b	231
ababac3e-c916-42dc-abe5-cc77d32e7e8b	158
ababac3e-c916-42dc-abe5-cc77d32e7e8b	159
ababac3e-c916-42dc-abe5-cc77d32e7e8b	161
ababac3e-c916-42dc-abe5-cc77d32e7e8b	203
ababac3e-c916-42dc-abe5-cc77d32e7e8b	232
ababac3e-c916-42dc-abe5-cc77d32e7e8b	273
ababac3e-c916-42dc-abe5-cc77d32e7e8b	143
ababac3e-c916-42dc-abe5-cc77d32e7e8b	141
ababac3e-c916-42dc-abe5-cc77d32e7e8b	142
ababac3e-c916-42dc-abe5-cc77d32e7e8b	233
ababac3e-c916-42dc-abe5-cc77d32e7e8b	234
ababac3e-c916-42dc-abe5-cc77d32e7e8b	134
ababac3e-c916-42dc-abe5-cc77d32e7e8b	146
ababac3e-c916-42dc-abe5-cc77d32e7e8b	133
ababac3e-c916-42dc-abe5-cc77d32e7e8b	235
ababac3e-c916-42dc-abe5-cc77d32e7e8b	147
ababac3e-c916-42dc-abe5-cc77d32e7e8b	236
ababac3e-c916-42dc-abe5-cc77d32e7e8b	237
ababac3e-c916-42dc-abe5-cc77d32e7e8b	153
ababac3e-c916-42dc-abe5-cc77d32e7e8b	238
ababac3e-c916-42dc-abe5-cc77d32e7e8b	239
ababac3e-c916-42dc-abe5-cc77d32e7e8b	240
ababac3e-c916-42dc-abe5-cc77d32e7e8b	241
ababac3e-c916-42dc-abe5-cc77d32e7e8b	156
ababac3e-c916-42dc-abe5-cc77d32e7e8b	157
ababac3e-c916-42dc-abe5-cc77d32e7e8b	242
ababac3e-c916-42dc-abe5-cc77d32e7e8b	243
ababac3e-c916-42dc-abe5-cc77d32e7e8b	272
ababac3e-c916-42dc-abe5-cc77d32e7e8b	244
ababac3e-c916-42dc-abe5-cc77d32e7e8b	138
ababac3e-c916-42dc-abe5-cc77d32e7e8b	152
ababac3e-c916-42dc-abe5-cc77d32e7e8b	150
ababac3e-c916-42dc-abe5-cc77d32e7e8b	200
ababac3e-c916-42dc-abe5-cc77d32e7e8b	245
ababac3e-c916-42dc-abe5-cc77d32e7e8b	137
ababac3e-c916-42dc-abe5-cc77d32e7e8b	145
ababac3e-c916-42dc-abe5-cc77d32e7e8b	246
ababac3e-c916-42dc-abe5-cc77d32e7e8b	247
599ca2ab-3b3b-4987-9fff-acf2524c6ef5	160
599ca2ab-3b3b-4987-9fff-acf2524c6ef5	227
599ca2ab-3b3b-4987-9fff-acf2524c6ef5	149
599ca2ab-3b3b-4987-9fff-acf2524c6ef5	130
599ca2ab-3b3b-4987-9fff-acf2524c6ef5	151
599ca2ab-3b3b-4987-9fff-acf2524c6ef5	162
599ca2ab-3b3b-4987-9fff-acf2524c6ef5	154
599ca2ab-3b3b-4987-9fff-acf2524c6ef5	131
599ca2ab-3b3b-4987-9fff-acf2524c6ef5	228
599ca2ab-3b3b-4987-9fff-acf2524c6ef5	229
599ca2ab-3b3b-4987-9fff-acf2524c6ef5	230
599ca2ab-3b3b-4987-9fff-acf2524c6ef5	231
599ca2ab-3b3b-4987-9fff-acf2524c6ef5	158
599ca2ab-3b3b-4987-9fff-acf2524c6ef5	159
599ca2ab-3b3b-4987-9fff-acf2524c6ef5	161
599ca2ab-3b3b-4987-9fff-acf2524c6ef5	203
599ca2ab-3b3b-4987-9fff-acf2524c6ef5	232
599ca2ab-3b3b-4987-9fff-acf2524c6ef5	273
599ca2ab-3b3b-4987-9fff-acf2524c6ef5	143
599ca2ab-3b3b-4987-9fff-acf2524c6ef5	141
599ca2ab-3b3b-4987-9fff-acf2524c6ef5	142
599ca2ab-3b3b-4987-9fff-acf2524c6ef5	233
599ca2ab-3b3b-4987-9fff-acf2524c6ef5	234
599ca2ab-3b3b-4987-9fff-acf2524c6ef5	134
599ca2ab-3b3b-4987-9fff-acf2524c6ef5	146
599ca2ab-3b3b-4987-9fff-acf2524c6ef5	133
599ca2ab-3b3b-4987-9fff-acf2524c6ef5	235
599ca2ab-3b3b-4987-9fff-acf2524c6ef5	147
599ca2ab-3b3b-4987-9fff-acf2524c6ef5	236
599ca2ab-3b3b-4987-9fff-acf2524c6ef5	237
599ca2ab-3b3b-4987-9fff-acf2524c6ef5	153
599ca2ab-3b3b-4987-9fff-acf2524c6ef5	238
599ca2ab-3b3b-4987-9fff-acf2524c6ef5	241
599ca2ab-3b3b-4987-9fff-acf2524c6ef5	156
599ca2ab-3b3b-4987-9fff-acf2524c6ef5	157
599ca2ab-3b3b-4987-9fff-acf2524c6ef5	242
599ca2ab-3b3b-4987-9fff-acf2524c6ef5	243
599ca2ab-3b3b-4987-9fff-acf2524c6ef5	272
629043b5-2d8b-4d2c-9e51-39baa41cc3de	246
629043b5-2d8b-4d2c-9e51-39baa41cc3de	247
629043b5-2d8b-4d2c-9e51-39baa41cc3de	144
629043b5-2d8b-4d2c-9e51-39baa41cc3de	135
629043b5-2d8b-4d2c-9e51-39baa41cc3de	155
629043b5-2d8b-4d2c-9e51-39baa41cc3de	148
629043b5-2d8b-4d2c-9e51-39baa41cc3de	254
629043b5-2d8b-4d2c-9e51-39baa41cc3de	255
629043b5-2d8b-4d2c-9e51-39baa41cc3de	256
629043b5-2d8b-4d2c-9e51-39baa41cc3de	257
629043b5-2d8b-4d2c-9e51-39baa41cc3de	258
629043b5-2d8b-4d2c-9e51-39baa41cc3de	259
629043b5-2d8b-4d2c-9e51-39baa41cc3de	260
629043b5-2d8b-4d2c-9e51-39baa41cc3de	274
629043b5-2d8b-4d2c-9e51-39baa41cc3de	261
629043b5-2d8b-4d2c-9e51-39baa41cc3de	262
629043b5-2d8b-4d2c-9e51-39baa41cc3de	263
629043b5-2d8b-4d2c-9e51-39baa41cc3de	264
629043b5-2d8b-4d2c-9e51-39baa41cc3de	265
629043b5-2d8b-4d2c-9e51-39baa41cc3de	266
629043b5-2d8b-4d2c-9e51-39baa41cc3de	267
629043b5-2d8b-4d2c-9e51-39baa41cc3de	268
629043b5-2d8b-4d2c-9e51-39baa41cc3de	269
629043b5-2d8b-4d2c-9e51-39baa41cc3de	270
629043b5-2d8b-4d2c-9e51-39baa41cc3de	275
629043b5-2d8b-4d2c-9e51-39baa41cc3de	276
629043b5-2d8b-4d2c-9e51-39baa41cc3de	277
629043b5-2d8b-4d2c-9e51-39baa41cc3de	278
629043b5-2d8b-4d2c-9e51-39baa41cc3de	279
629043b5-2d8b-4d2c-9e51-39baa41cc3de	280
ef367da7-9093-408a-9081-efb13483b8e7	249
ef367da7-9093-408a-9081-efb13483b8e7	250
ef367da7-9093-408a-9081-efb13483b8e7	251
ef367da7-9093-408a-9081-efb13483b8e7	252
ef367da7-9093-408a-9081-efb13483b8e7	253
ef367da7-9093-408a-9081-efb13483b8e7	213
ef367da7-9093-408a-9081-efb13483b8e7	214
ef367da7-9093-408a-9081-efb13483b8e7	215
ef367da7-9093-408a-9081-efb13483b8e7	216
ef367da7-9093-408a-9081-efb13483b8e7	217
ef367da7-9093-408a-9081-efb13483b8e7	218
ef367da7-9093-408a-9081-efb13483b8e7	219
ef367da7-9093-408a-9081-efb13483b8e7	220
ef367da7-9093-408a-9081-efb13483b8e7	221
ef367da7-9093-408a-9081-efb13483b8e7	222
ef367da7-9093-408a-9081-efb13483b8e7	223
ef367da7-9093-408a-9081-efb13483b8e7	224
ef367da7-9093-408a-9081-efb13483b8e7	225
ef367da7-9093-408a-9081-efb13483b8e7	226
ef367da7-9093-408a-9081-efb13483b8e7	271
ef367da7-9093-408a-9081-efb13483b8e7	132
ef367da7-9093-408a-9081-efb13483b8e7	140
ef367da7-9093-408a-9081-efb13483b8e7	139
ef367da7-9093-408a-9081-efb13483b8e7	136
ef367da7-9093-408a-9081-efb13483b8e7	160
ef367da7-9093-408a-9081-efb13483b8e7	227
ef367da7-9093-408a-9081-efb13483b8e7	149
ef367da7-9093-408a-9081-efb13483b8e7	130
ef367da7-9093-408a-9081-efb13483b8e7	151
ef367da7-9093-408a-9081-efb13483b8e7	162
ef367da7-9093-408a-9081-efb13483b8e7	154
ef367da7-9093-408a-9081-efb13483b8e7	131
ef367da7-9093-408a-9081-efb13483b8e7	228
ef367da7-9093-408a-9081-efb13483b8e7	229
ef367da7-9093-408a-9081-efb13483b8e7	230
ef367da7-9093-408a-9081-efb13483b8e7	231
ef367da7-9093-408a-9081-efb13483b8e7	158
ef367da7-9093-408a-9081-efb13483b8e7	159
ef367da7-9093-408a-9081-efb13483b8e7	161
ef367da7-9093-408a-9081-efb13483b8e7	203
ef367da7-9093-408a-9081-efb13483b8e7	232
ef367da7-9093-408a-9081-efb13483b8e7	273
ef367da7-9093-408a-9081-efb13483b8e7	143
ef367da7-9093-408a-9081-efb13483b8e7	141
ef367da7-9093-408a-9081-efb13483b8e7	142
ef367da7-9093-408a-9081-efb13483b8e7	233
ef367da7-9093-408a-9081-efb13483b8e7	234
ef367da7-9093-408a-9081-efb13483b8e7	134
ef367da7-9093-408a-9081-efb13483b8e7	146
ef367da7-9093-408a-9081-efb13483b8e7	133
ef367da7-9093-408a-9081-efb13483b8e7	235
ef367da7-9093-408a-9081-efb13483b8e7	147
ef367da7-9093-408a-9081-efb13483b8e7	236
ef367da7-9093-408a-9081-efb13483b8e7	237
ef367da7-9093-408a-9081-efb13483b8e7	153
ef367da7-9093-408a-9081-efb13483b8e7	238
ef367da7-9093-408a-9081-efb13483b8e7	239
ef367da7-9093-408a-9081-efb13483b8e7	240
ef367da7-9093-408a-9081-efb13483b8e7	241
ef367da7-9093-408a-9081-efb13483b8e7	156
ef367da7-9093-408a-9081-efb13483b8e7	157
ef367da7-9093-408a-9081-efb13483b8e7	242
ef367da7-9093-408a-9081-efb13483b8e7	243
ef367da7-9093-408a-9081-efb13483b8e7	272
ef367da7-9093-408a-9081-efb13483b8e7	244
ef367da7-9093-408a-9081-efb13483b8e7	138
ef367da7-9093-408a-9081-efb13483b8e7	152
ef367da7-9093-408a-9081-efb13483b8e7	150
ef367da7-9093-408a-9081-efb13483b8e7	200
ef367da7-9093-408a-9081-efb13483b8e7	245
ef367da7-9093-408a-9081-efb13483b8e7	137
ef367da7-9093-408a-9081-efb13483b8e7	145
ef367da7-9093-408a-9081-efb13483b8e7	246
ef367da7-9093-408a-9081-efb13483b8e7	247
1c440923-5a07-411b-9e19-00d4e590de67	131
1c440923-5a07-411b-9e19-00d4e590de67	228
1c440923-5a07-411b-9e19-00d4e590de67	229
1c440923-5a07-411b-9e19-00d4e590de67	230
1c440923-5a07-411b-9e19-00d4e590de67	231
1c440923-5a07-411b-9e19-00d4e590de67	158
1c440923-5a07-411b-9e19-00d4e590de67	159
1c440923-5a07-411b-9e19-00d4e590de67	161
1c440923-5a07-411b-9e19-00d4e590de67	203
1c440923-5a07-411b-9e19-00d4e590de67	232
1c440923-5a07-411b-9e19-00d4e590de67	273
1c440923-5a07-411b-9e19-00d4e590de67	143
1c440923-5a07-411b-9e19-00d4e590de67	141
1c440923-5a07-411b-9e19-00d4e590de67	142
1c440923-5a07-411b-9e19-00d4e590de67	233
1c440923-5a07-411b-9e19-00d4e590de67	234
1c440923-5a07-411b-9e19-00d4e590de67	134
1c440923-5a07-411b-9e19-00d4e590de67	146
1c440923-5a07-411b-9e19-00d4e590de67	133
1c440923-5a07-411b-9e19-00d4e590de67	235
1c440923-5a07-411b-9e19-00d4e590de67	147
1c440923-5a07-411b-9e19-00d4e590de67	236
1c440923-5a07-411b-9e19-00d4e590de67	237
1c440923-5a07-411b-9e19-00d4e590de67	153
1c440923-5a07-411b-9e19-00d4e590de67	238
1c440923-5a07-411b-9e19-00d4e590de67	239
1c440923-5a07-411b-9e19-00d4e590de67	240
1c440923-5a07-411b-9e19-00d4e590de67	241
1c440923-5a07-411b-9e19-00d4e590de67	156
1c440923-5a07-411b-9e19-00d4e590de67	157
1c440923-5a07-411b-9e19-00d4e590de67	242
1c440923-5a07-411b-9e19-00d4e590de67	243
1c440923-5a07-411b-9e19-00d4e590de67	272
1c440923-5a07-411b-9e19-00d4e590de67	244
1c440923-5a07-411b-9e19-00d4e590de67	138
1c440923-5a07-411b-9e19-00d4e590de67	152
1c440923-5a07-411b-9e19-00d4e590de67	150
1c440923-5a07-411b-9e19-00d4e590de67	200
1c440923-5a07-411b-9e19-00d4e590de67	245
1c440923-5a07-411b-9e19-00d4e590de67	137
1c440923-5a07-411b-9e19-00d4e590de67	145
1c440923-5a07-411b-9e19-00d4e590de67	246
1829a8ca-fdfe-409e-99e2-e7dfcb5b909b	154
1829a8ca-fdfe-409e-99e2-e7dfcb5b909b	131
1829a8ca-fdfe-409e-99e2-e7dfcb5b909b	228
1829a8ca-fdfe-409e-99e2-e7dfcb5b909b	229
1829a8ca-fdfe-409e-99e2-e7dfcb5b909b	230
1829a8ca-fdfe-409e-99e2-e7dfcb5b909b	231
1829a8ca-fdfe-409e-99e2-e7dfcb5b909b	158
1829a8ca-fdfe-409e-99e2-e7dfcb5b909b	159
1829a8ca-fdfe-409e-99e2-e7dfcb5b909b	161
1829a8ca-fdfe-409e-99e2-e7dfcb5b909b	203
1829a8ca-fdfe-409e-99e2-e7dfcb5b909b	232
599ca2ab-3b3b-4987-9fff-acf2524c6ef5	244
599ca2ab-3b3b-4987-9fff-acf2524c6ef5	138
599ca2ab-3b3b-4987-9fff-acf2524c6ef5	152
599ca2ab-3b3b-4987-9fff-acf2524c6ef5	150
599ca2ab-3b3b-4987-9fff-acf2524c6ef5	200
599ca2ab-3b3b-4987-9fff-acf2524c6ef5	245
599ca2ab-3b3b-4987-9fff-acf2524c6ef5	137
6333cd81-bb4b-4614-a95a-25835350ae92	154
6333cd81-bb4b-4614-a95a-25835350ae92	131
6333cd81-bb4b-4614-a95a-25835350ae92	228
6333cd81-bb4b-4614-a95a-25835350ae92	229
6333cd81-bb4b-4614-a95a-25835350ae92	230
6333cd81-bb4b-4614-a95a-25835350ae92	231
6333cd81-bb4b-4614-a95a-25835350ae92	158
6333cd81-bb4b-4614-a95a-25835350ae92	159
6333cd81-bb4b-4614-a95a-25835350ae92	161
6333cd81-bb4b-4614-a95a-25835350ae92	203
6333cd81-bb4b-4614-a95a-25835350ae92	232
6333cd81-bb4b-4614-a95a-25835350ae92	273
6333cd81-bb4b-4614-a95a-25835350ae92	143
6333cd81-bb4b-4614-a95a-25835350ae92	141
6333cd81-bb4b-4614-a95a-25835350ae92	142
6333cd81-bb4b-4614-a95a-25835350ae92	233
6333cd81-bb4b-4614-a95a-25835350ae92	234
6333cd81-bb4b-4614-a95a-25835350ae92	134
6333cd81-bb4b-4614-a95a-25835350ae92	146
6333cd81-bb4b-4614-a95a-25835350ae92	133
6333cd81-bb4b-4614-a95a-25835350ae92	235
6333cd81-bb4b-4614-a95a-25835350ae92	147
6333cd81-bb4b-4614-a95a-25835350ae92	236
6333cd81-bb4b-4614-a95a-25835350ae92	237
6333cd81-bb4b-4614-a95a-25835350ae92	153
6333cd81-bb4b-4614-a95a-25835350ae92	238
6333cd81-bb4b-4614-a95a-25835350ae92	239
6333cd81-bb4b-4614-a95a-25835350ae92	240
6333cd81-bb4b-4614-a95a-25835350ae92	241
6333cd81-bb4b-4614-a95a-25835350ae92	156
6333cd81-bb4b-4614-a95a-25835350ae92	157
6333cd81-bb4b-4614-a95a-25835350ae92	242
6333cd81-bb4b-4614-a95a-25835350ae92	243
6333cd81-bb4b-4614-a95a-25835350ae92	272
6333cd81-bb4b-4614-a95a-25835350ae92	244
6333cd81-bb4b-4614-a95a-25835350ae92	138
6333cd81-bb4b-4614-a95a-25835350ae92	152
6333cd81-bb4b-4614-a95a-25835350ae92	150
94ffee7a-e0c2-45df-b994-3c5bdd4735fa	162
94ffee7a-e0c2-45df-b994-3c5bdd4735fa	154
94ffee7a-e0c2-45df-b994-3c5bdd4735fa	131
94ffee7a-e0c2-45df-b994-3c5bdd4735fa	228
94ffee7a-e0c2-45df-b994-3c5bdd4735fa	229
94ffee7a-e0c2-45df-b994-3c5bdd4735fa	230
94ffee7a-e0c2-45df-b994-3c5bdd4735fa	231
94ffee7a-e0c2-45df-b994-3c5bdd4735fa	158
94ffee7a-e0c2-45df-b994-3c5bdd4735fa	159
94ffee7a-e0c2-45df-b994-3c5bdd4735fa	161
94ffee7a-e0c2-45df-b994-3c5bdd4735fa	203
94ffee7a-e0c2-45df-b994-3c5bdd4735fa	232
94ffee7a-e0c2-45df-b994-3c5bdd4735fa	273
94ffee7a-e0c2-45df-b994-3c5bdd4735fa	143
94ffee7a-e0c2-45df-b994-3c5bdd4735fa	141
94ffee7a-e0c2-45df-b994-3c5bdd4735fa	142
94ffee7a-e0c2-45df-b994-3c5bdd4735fa	233
94ffee7a-e0c2-45df-b994-3c5bdd4735fa	234
94ffee7a-e0c2-45df-b994-3c5bdd4735fa	134
94ffee7a-e0c2-45df-b994-3c5bdd4735fa	146
94ffee7a-e0c2-45df-b994-3c5bdd4735fa	133
94ffee7a-e0c2-45df-b994-3c5bdd4735fa	235
94ffee7a-e0c2-45df-b994-3c5bdd4735fa	147
94ffee7a-e0c2-45df-b994-3c5bdd4735fa	236
94ffee7a-e0c2-45df-b994-3c5bdd4735fa	237
94ffee7a-e0c2-45df-b994-3c5bdd4735fa	153
94ffee7a-e0c2-45df-b994-3c5bdd4735fa	238
94ffee7a-e0c2-45df-b994-3c5bdd4735fa	239
94ffee7a-e0c2-45df-b994-3c5bdd4735fa	240
94ffee7a-e0c2-45df-b994-3c5bdd4735fa	241
94ffee7a-e0c2-45df-b994-3c5bdd4735fa	156
94ffee7a-e0c2-45df-b994-3c5bdd4735fa	157
eedc3edf-d92e-426b-81a8-6cd7a9f75684	154
eedc3edf-d92e-426b-81a8-6cd7a9f75684	131
eedc3edf-d92e-426b-81a8-6cd7a9f75684	228
eedc3edf-d92e-426b-81a8-6cd7a9f75684	229
eedc3edf-d92e-426b-81a8-6cd7a9f75684	230
eedc3edf-d92e-426b-81a8-6cd7a9f75684	231
eedc3edf-d92e-426b-81a8-6cd7a9f75684	158
eedc3edf-d92e-426b-81a8-6cd7a9f75684	159
eedc3edf-d92e-426b-81a8-6cd7a9f75684	161
eedc3edf-d92e-426b-81a8-6cd7a9f75684	203
eedc3edf-d92e-426b-81a8-6cd7a9f75684	232
eedc3edf-d92e-426b-81a8-6cd7a9f75684	273
eedc3edf-d92e-426b-81a8-6cd7a9f75684	143
eedc3edf-d92e-426b-81a8-6cd7a9f75684	141
eedc3edf-d92e-426b-81a8-6cd7a9f75684	142
eedc3edf-d92e-426b-81a8-6cd7a9f75684	233
eedc3edf-d92e-426b-81a8-6cd7a9f75684	234
eedc3edf-d92e-426b-81a8-6cd7a9f75684	134
eedc3edf-d92e-426b-81a8-6cd7a9f75684	146
eedc3edf-d92e-426b-81a8-6cd7a9f75684	133
eedc3edf-d92e-426b-81a8-6cd7a9f75684	235
eedc3edf-d92e-426b-81a8-6cd7a9f75684	147
eedc3edf-d92e-426b-81a8-6cd7a9f75684	236
eedc3edf-d92e-426b-81a8-6cd7a9f75684	237
eedc3edf-d92e-426b-81a8-6cd7a9f75684	153
eedc3edf-d92e-426b-81a8-6cd7a9f75684	238
eedc3edf-d92e-426b-81a8-6cd7a9f75684	239
eedc3edf-d92e-426b-81a8-6cd7a9f75684	240
eedc3edf-d92e-426b-81a8-6cd7a9f75684	241
eedc3edf-d92e-426b-81a8-6cd7a9f75684	156
eedc3edf-d92e-426b-81a8-6cd7a9f75684	157
eedc3edf-d92e-426b-81a8-6cd7a9f75684	242
eedc3edf-d92e-426b-81a8-6cd7a9f75684	243
eedc3edf-d92e-426b-81a8-6cd7a9f75684	272
eedc3edf-d92e-426b-81a8-6cd7a9f75684	244
eedc3edf-d92e-426b-81a8-6cd7a9f75684	138
eedc3edf-d92e-426b-81a8-6cd7a9f75684	152
eedc3edf-d92e-426b-81a8-6cd7a9f75684	150
eedc3edf-d92e-426b-81a8-6cd7a9f75684	200
eedc3edf-d92e-426b-81a8-6cd7a9f75684	245
eedc3edf-d92e-426b-81a8-6cd7a9f75684	137
ed4780bd-158b-4ec9-91be-b6fff5e86476	141
ed4780bd-158b-4ec9-91be-b6fff5e86476	142
ed4780bd-158b-4ec9-91be-b6fff5e86476	233
ed4780bd-158b-4ec9-91be-b6fff5e86476	234
ed4780bd-158b-4ec9-91be-b6fff5e86476	134
ed4780bd-158b-4ec9-91be-b6fff5e86476	146
ed4780bd-158b-4ec9-91be-b6fff5e86476	133
ed4780bd-158b-4ec9-91be-b6fff5e86476	235
ed4780bd-158b-4ec9-91be-b6fff5e86476	147
ed4780bd-158b-4ec9-91be-b6fff5e86476	236
ed4780bd-158b-4ec9-91be-b6fff5e86476	237
ed4780bd-158b-4ec9-91be-b6fff5e86476	153
ed4780bd-158b-4ec9-91be-b6fff5e86476	238
66645e61-0274-4989-bd88-67f2a7a56e9b	228
66645e61-0274-4989-bd88-67f2a7a56e9b	229
66645e61-0274-4989-bd88-67f2a7a56e9b	230
66645e61-0274-4989-bd88-67f2a7a56e9b	231
66645e61-0274-4989-bd88-67f2a7a56e9b	158
66645e61-0274-4989-bd88-67f2a7a56e9b	159
66645e61-0274-4989-bd88-67f2a7a56e9b	161
66645e61-0274-4989-bd88-67f2a7a56e9b	203
66645e61-0274-4989-bd88-67f2a7a56e9b	232
66645e61-0274-4989-bd88-67f2a7a56e9b	273
66645e61-0274-4989-bd88-67f2a7a56e9b	143
66645e61-0274-4989-bd88-67f2a7a56e9b	141
66645e61-0274-4989-bd88-67f2a7a56e9b	142
66645e61-0274-4989-bd88-67f2a7a56e9b	233
66645e61-0274-4989-bd88-67f2a7a56e9b	234
66645e61-0274-4989-bd88-67f2a7a56e9b	134
66645e61-0274-4989-bd88-67f2a7a56e9b	146
66645e61-0274-4989-bd88-67f2a7a56e9b	133
66645e61-0274-4989-bd88-67f2a7a56e9b	235
66645e61-0274-4989-bd88-67f2a7a56e9b	147
66645e61-0274-4989-bd88-67f2a7a56e9b	236
66645e61-0274-4989-bd88-67f2a7a56e9b	237
66645e61-0274-4989-bd88-67f2a7a56e9b	153
66645e61-0274-4989-bd88-67f2a7a56e9b	238
66645e61-0274-4989-bd88-67f2a7a56e9b	239
66645e61-0274-4989-bd88-67f2a7a56e9b	240
1829a8ca-fdfe-409e-99e2-e7dfcb5b909b	273
1829a8ca-fdfe-409e-99e2-e7dfcb5b909b	143
1829a8ca-fdfe-409e-99e2-e7dfcb5b909b	141
1829a8ca-fdfe-409e-99e2-e7dfcb5b909b	142
1829a8ca-fdfe-409e-99e2-e7dfcb5b909b	233
1829a8ca-fdfe-409e-99e2-e7dfcb5b909b	234
1829a8ca-fdfe-409e-99e2-e7dfcb5b909b	134
1829a8ca-fdfe-409e-99e2-e7dfcb5b909b	146
1829a8ca-fdfe-409e-99e2-e7dfcb5b909b	133
1829a8ca-fdfe-409e-99e2-e7dfcb5b909b	235
1829a8ca-fdfe-409e-99e2-e7dfcb5b909b	147
1829a8ca-fdfe-409e-99e2-e7dfcb5b909b	236
1829a8ca-fdfe-409e-99e2-e7dfcb5b909b	237
1829a8ca-fdfe-409e-99e2-e7dfcb5b909b	153
1829a8ca-fdfe-409e-99e2-e7dfcb5b909b	238
1829a8ca-fdfe-409e-99e2-e7dfcb5b909b	239
1829a8ca-fdfe-409e-99e2-e7dfcb5b909b	240
1829a8ca-fdfe-409e-99e2-e7dfcb5b909b	241
1829a8ca-fdfe-409e-99e2-e7dfcb5b909b	156
1829a8ca-fdfe-409e-99e2-e7dfcb5b909b	157
1829a8ca-fdfe-409e-99e2-e7dfcb5b909b	242
1829a8ca-fdfe-409e-99e2-e7dfcb5b909b	243
1829a8ca-fdfe-409e-99e2-e7dfcb5b909b	272
1829a8ca-fdfe-409e-99e2-e7dfcb5b909b	244
1829a8ca-fdfe-409e-99e2-e7dfcb5b909b	138
1829a8ca-fdfe-409e-99e2-e7dfcb5b909b	152
1829a8ca-fdfe-409e-99e2-e7dfcb5b909b	150
c73c8203-8809-4510-9847-9b1c2aa3d82e	162
c73c8203-8809-4510-9847-9b1c2aa3d82e	154
c73c8203-8809-4510-9847-9b1c2aa3d82e	131
c73c8203-8809-4510-9847-9b1c2aa3d82e	228
c73c8203-8809-4510-9847-9b1c2aa3d82e	229
c73c8203-8809-4510-9847-9b1c2aa3d82e	230
c73c8203-8809-4510-9847-9b1c2aa3d82e	231
c73c8203-8809-4510-9847-9b1c2aa3d82e	158
c73c8203-8809-4510-9847-9b1c2aa3d82e	159
c73c8203-8809-4510-9847-9b1c2aa3d82e	161
c73c8203-8809-4510-9847-9b1c2aa3d82e	203
c73c8203-8809-4510-9847-9b1c2aa3d82e	232
c73c8203-8809-4510-9847-9b1c2aa3d82e	273
c73c8203-8809-4510-9847-9b1c2aa3d82e	143
c73c8203-8809-4510-9847-9b1c2aa3d82e	141
c73c8203-8809-4510-9847-9b1c2aa3d82e	142
c73c8203-8809-4510-9847-9b1c2aa3d82e	233
c73c8203-8809-4510-9847-9b1c2aa3d82e	234
c73c8203-8809-4510-9847-9b1c2aa3d82e	134
c73c8203-8809-4510-9847-9b1c2aa3d82e	146
c73c8203-8809-4510-9847-9b1c2aa3d82e	133
c73c8203-8809-4510-9847-9b1c2aa3d82e	235
c73c8203-8809-4510-9847-9b1c2aa3d82e	147
c73c8203-8809-4510-9847-9b1c2aa3d82e	236
c73c8203-8809-4510-9847-9b1c2aa3d82e	237
c73c8203-8809-4510-9847-9b1c2aa3d82e	153
c73c8203-8809-4510-9847-9b1c2aa3d82e	238
c73c8203-8809-4510-9847-9b1c2aa3d82e	239
c73c8203-8809-4510-9847-9b1c2aa3d82e	240
c73c8203-8809-4510-9847-9b1c2aa3d82e	241
c73c8203-8809-4510-9847-9b1c2aa3d82e	156
c73c8203-8809-4510-9847-9b1c2aa3d82e	157
c73c8203-8809-4510-9847-9b1c2aa3d82e	242
c73c8203-8809-4510-9847-9b1c2aa3d82e	243
c73c8203-8809-4510-9847-9b1c2aa3d82e	272
35a068d4-d116-46bb-8399-e43548fcd187	228
35a068d4-d116-46bb-8399-e43548fcd187	229
35a068d4-d116-46bb-8399-e43548fcd187	230
35a068d4-d116-46bb-8399-e43548fcd187	231
35a068d4-d116-46bb-8399-e43548fcd187	158
35a068d4-d116-46bb-8399-e43548fcd187	159
35a068d4-d116-46bb-8399-e43548fcd187	161
35a068d4-d116-46bb-8399-e43548fcd187	203
35a068d4-d116-46bb-8399-e43548fcd187	232
35a068d4-d116-46bb-8399-e43548fcd187	273
35a068d4-d116-46bb-8399-e43548fcd187	143
35a068d4-d116-46bb-8399-e43548fcd187	141
35a068d4-d116-46bb-8399-e43548fcd187	142
35a068d4-d116-46bb-8399-e43548fcd187	233
35a068d4-d116-46bb-8399-e43548fcd187	234
35a068d4-d116-46bb-8399-e43548fcd187	134
35a068d4-d116-46bb-8399-e43548fcd187	146
35a068d4-d116-46bb-8399-e43548fcd187	133
35a068d4-d116-46bb-8399-e43548fcd187	235
35a068d4-d116-46bb-8399-e43548fcd187	147
35a068d4-d116-46bb-8399-e43548fcd187	236
35a068d4-d116-46bb-8399-e43548fcd187	237
35a068d4-d116-46bb-8399-e43548fcd187	153
35a068d4-d116-46bb-8399-e43548fcd187	238
35a068d4-d116-46bb-8399-e43548fcd187	239
35a068d4-d116-46bb-8399-e43548fcd187	240
35a068d4-d116-46bb-8399-e43548fcd187	241
35a068d4-d116-46bb-8399-e43548fcd187	156
35a068d4-d116-46bb-8399-e43548fcd187	157
35a068d4-d116-46bb-8399-e43548fcd187	242
35a068d4-d116-46bb-8399-e43548fcd187	243
35a068d4-d116-46bb-8399-e43548fcd187	272
35a068d4-d116-46bb-8399-e43548fcd187	244
35a068d4-d116-46bb-8399-e43548fcd187	138
35a068d4-d116-46bb-8399-e43548fcd187	152
35a068d4-d116-46bb-8399-e43548fcd187	150
35a068d4-d116-46bb-8399-e43548fcd187	200
35a068d4-d116-46bb-8399-e43548fcd187	245
35a068d4-d116-46bb-8399-e43548fcd187	137
35a068d4-d116-46bb-8399-e43548fcd187	145
35a068d4-d116-46bb-8399-e43548fcd187	246
35a068d4-d116-46bb-8399-e43548fcd187	247
01342d4f-1eac-49ea-8754-37a851acfa2a	249
01342d4f-1eac-49ea-8754-37a851acfa2a	250
01342d4f-1eac-49ea-8754-37a851acfa2a	251
01342d4f-1eac-49ea-8754-37a851acfa2a	252
01342d4f-1eac-49ea-8754-37a851acfa2a	253
01342d4f-1eac-49ea-8754-37a851acfa2a	213
01342d4f-1eac-49ea-8754-37a851acfa2a	214
01342d4f-1eac-49ea-8754-37a851acfa2a	215
01342d4f-1eac-49ea-8754-37a851acfa2a	216
01342d4f-1eac-49ea-8754-37a851acfa2a	217
01342d4f-1eac-49ea-8754-37a851acfa2a	218
01342d4f-1eac-49ea-8754-37a851acfa2a	219
01342d4f-1eac-49ea-8754-37a851acfa2a	220
01342d4f-1eac-49ea-8754-37a851acfa2a	221
01342d4f-1eac-49ea-8754-37a851acfa2a	222
01342d4f-1eac-49ea-8754-37a851acfa2a	223
01342d4f-1eac-49ea-8754-37a851acfa2a	224
01342d4f-1eac-49ea-8754-37a851acfa2a	225
01342d4f-1eac-49ea-8754-37a851acfa2a	226
01342d4f-1eac-49ea-8754-37a851acfa2a	271
01342d4f-1eac-49ea-8754-37a851acfa2a	132
01342d4f-1eac-49ea-8754-37a851acfa2a	140
01342d4f-1eac-49ea-8754-37a851acfa2a	139
01342d4f-1eac-49ea-8754-37a851acfa2a	136
01342d4f-1eac-49ea-8754-37a851acfa2a	160
01342d4f-1eac-49ea-8754-37a851acfa2a	227
01342d4f-1eac-49ea-8754-37a851acfa2a	149
01342d4f-1eac-49ea-8754-37a851acfa2a	130
01342d4f-1eac-49ea-8754-37a851acfa2a	151
01342d4f-1eac-49ea-8754-37a851acfa2a	162
01342d4f-1eac-49ea-8754-37a851acfa2a	154
01342d4f-1eac-49ea-8754-37a851acfa2a	131
01342d4f-1eac-49ea-8754-37a851acfa2a	228
01342d4f-1eac-49ea-8754-37a851acfa2a	229
01342d4f-1eac-49ea-8754-37a851acfa2a	230
01342d4f-1eac-49ea-8754-37a851acfa2a	231
01342d4f-1eac-49ea-8754-37a851acfa2a	158
01342d4f-1eac-49ea-8754-37a851acfa2a	159
01342d4f-1eac-49ea-8754-37a851acfa2a	161
01342d4f-1eac-49ea-8754-37a851acfa2a	203
01342d4f-1eac-49ea-8754-37a851acfa2a	232
01342d4f-1eac-49ea-8754-37a851acfa2a	273
01342d4f-1eac-49ea-8754-37a851acfa2a	143
01342d4f-1eac-49ea-8754-37a851acfa2a	141
01342d4f-1eac-49ea-8754-37a851acfa2a	142
01342d4f-1eac-49ea-8754-37a851acfa2a	233
01342d4f-1eac-49ea-8754-37a851acfa2a	234
01342d4f-1eac-49ea-8754-37a851acfa2a	134
01342d4f-1eac-49ea-8754-37a851acfa2a	146
01342d4f-1eac-49ea-8754-37a851acfa2a	133
01342d4f-1eac-49ea-8754-37a851acfa2a	235
01342d4f-1eac-49ea-8754-37a851acfa2a	147
01342d4f-1eac-49ea-8754-37a851acfa2a	236
66645e61-0274-4989-bd88-67f2a7a56e9b	241
66645e61-0274-4989-bd88-67f2a7a56e9b	156
66645e61-0274-4989-bd88-67f2a7a56e9b	157
66645e61-0274-4989-bd88-67f2a7a56e9b	242
66645e61-0274-4989-bd88-67f2a7a56e9b	243
66645e61-0274-4989-bd88-67f2a7a56e9b	272
66645e61-0274-4989-bd88-67f2a7a56e9b	244
66645e61-0274-4989-bd88-67f2a7a56e9b	138
66645e61-0274-4989-bd88-67f2a7a56e9b	152
66645e61-0274-4989-bd88-67f2a7a56e9b	150
66645e61-0274-4989-bd88-67f2a7a56e9b	200
66645e61-0274-4989-bd88-67f2a7a56e9b	245
66645e61-0274-4989-bd88-67f2a7a56e9b	137
66645e61-0274-4989-bd88-67f2a7a56e9b	145
66645e61-0274-4989-bd88-67f2a7a56e9b	246
66645e61-0274-4989-bd88-67f2a7a56e9b	247
66645e61-0274-4989-bd88-67f2a7a56e9b	144
66645e61-0274-4989-bd88-67f2a7a56e9b	135
66645e61-0274-4989-bd88-67f2a7a56e9b	155
66645e61-0274-4989-bd88-67f2a7a56e9b	148
66645e61-0274-4989-bd88-67f2a7a56e9b	254
66645e61-0274-4989-bd88-67f2a7a56e9b	255
66645e61-0274-4989-bd88-67f2a7a56e9b	256
66645e61-0274-4989-bd88-67f2a7a56e9b	257
66645e61-0274-4989-bd88-67f2a7a56e9b	258
66645e61-0274-4989-bd88-67f2a7a56e9b	259
66645e61-0274-4989-bd88-67f2a7a56e9b	260
66645e61-0274-4989-bd88-67f2a7a56e9b	274
66645e61-0274-4989-bd88-67f2a7a56e9b	261
66645e61-0274-4989-bd88-67f2a7a56e9b	262
66645e61-0274-4989-bd88-67f2a7a56e9b	263
66645e61-0274-4989-bd88-67f2a7a56e9b	264
94a72321-f300-46ce-a9b7-faab6509bbaa	162
94a72321-f300-46ce-a9b7-faab6509bbaa	154
94a72321-f300-46ce-a9b7-faab6509bbaa	131
94a72321-f300-46ce-a9b7-faab6509bbaa	228
94a72321-f300-46ce-a9b7-faab6509bbaa	229
94a72321-f300-46ce-a9b7-faab6509bbaa	230
94a72321-f300-46ce-a9b7-faab6509bbaa	231
94a72321-f300-46ce-a9b7-faab6509bbaa	158
94a72321-f300-46ce-a9b7-faab6509bbaa	159
94a72321-f300-46ce-a9b7-faab6509bbaa	161
94a72321-f300-46ce-a9b7-faab6509bbaa	203
94a72321-f300-46ce-a9b7-faab6509bbaa	232
94a72321-f300-46ce-a9b7-faab6509bbaa	273
94a72321-f300-46ce-a9b7-faab6509bbaa	143
94a72321-f300-46ce-a9b7-faab6509bbaa	141
94a72321-f300-46ce-a9b7-faab6509bbaa	142
94a72321-f300-46ce-a9b7-faab6509bbaa	233
94a72321-f300-46ce-a9b7-faab6509bbaa	234
94a72321-f300-46ce-a9b7-faab6509bbaa	134
94a72321-f300-46ce-a9b7-faab6509bbaa	146
94a72321-f300-46ce-a9b7-faab6509bbaa	133
94a72321-f300-46ce-a9b7-faab6509bbaa	235
94a72321-f300-46ce-a9b7-faab6509bbaa	147
94a72321-f300-46ce-a9b7-faab6509bbaa	236
94a72321-f300-46ce-a9b7-faab6509bbaa	237
94a72321-f300-46ce-a9b7-faab6509bbaa	239
94a72321-f300-46ce-a9b7-faab6509bbaa	240
94a72321-f300-46ce-a9b7-faab6509bbaa	241
94a72321-f300-46ce-a9b7-faab6509bbaa	156
94a72321-f300-46ce-a9b7-faab6509bbaa	157
94a72321-f300-46ce-a9b7-faab6509bbaa	242
94a72321-f300-46ce-a9b7-faab6509bbaa	243
94a72321-f300-46ce-a9b7-faab6509bbaa	272
91ad9822-5df3-4a8c-b91b-04eacad80f2e	217
91ad9822-5df3-4a8c-b91b-04eacad80f2e	218
91ad9822-5df3-4a8c-b91b-04eacad80f2e	219
91ad9822-5df3-4a8c-b91b-04eacad80f2e	220
91ad9822-5df3-4a8c-b91b-04eacad80f2e	221
91ad9822-5df3-4a8c-b91b-04eacad80f2e	222
91ad9822-5df3-4a8c-b91b-04eacad80f2e	223
91ad9822-5df3-4a8c-b91b-04eacad80f2e	224
91ad9822-5df3-4a8c-b91b-04eacad80f2e	225
91ad9822-5df3-4a8c-b91b-04eacad80f2e	226
91ad9822-5df3-4a8c-b91b-04eacad80f2e	271
91ad9822-5df3-4a8c-b91b-04eacad80f2e	132
91ad9822-5df3-4a8c-b91b-04eacad80f2e	140
91ad9822-5df3-4a8c-b91b-04eacad80f2e	139
91ad9822-5df3-4a8c-b91b-04eacad80f2e	136
91ad9822-5df3-4a8c-b91b-04eacad80f2e	160
91ad9822-5df3-4a8c-b91b-04eacad80f2e	227
91ad9822-5df3-4a8c-b91b-04eacad80f2e	149
91ad9822-5df3-4a8c-b91b-04eacad80f2e	130
91ad9822-5df3-4a8c-b91b-04eacad80f2e	151
91ad9822-5df3-4a8c-b91b-04eacad80f2e	162
91ad9822-5df3-4a8c-b91b-04eacad80f2e	154
91ad9822-5df3-4a8c-b91b-04eacad80f2e	131
91ad9822-5df3-4a8c-b91b-04eacad80f2e	228
91ad9822-5df3-4a8c-b91b-04eacad80f2e	229
91ad9822-5df3-4a8c-b91b-04eacad80f2e	230
91ad9822-5df3-4a8c-b91b-04eacad80f2e	231
91ad9822-5df3-4a8c-b91b-04eacad80f2e	158
91ad9822-5df3-4a8c-b91b-04eacad80f2e	159
91ad9822-5df3-4a8c-b91b-04eacad80f2e	161
91ad9822-5df3-4a8c-b91b-04eacad80f2e	203
91ad9822-5df3-4a8c-b91b-04eacad80f2e	232
91ad9822-5df3-4a8c-b91b-04eacad80f2e	273
91ad9822-5df3-4a8c-b91b-04eacad80f2e	143
91ad9822-5df3-4a8c-b91b-04eacad80f2e	141
91ad9822-5df3-4a8c-b91b-04eacad80f2e	142
91ad9822-5df3-4a8c-b91b-04eacad80f2e	233
91ad9822-5df3-4a8c-b91b-04eacad80f2e	234
91ad9822-5df3-4a8c-b91b-04eacad80f2e	134
91ad9822-5df3-4a8c-b91b-04eacad80f2e	146
91ad9822-5df3-4a8c-b91b-04eacad80f2e	133
91ad9822-5df3-4a8c-b91b-04eacad80f2e	235
91ad9822-5df3-4a8c-b91b-04eacad80f2e	147
91ad9822-5df3-4a8c-b91b-04eacad80f2e	236
91ad9822-5df3-4a8c-b91b-04eacad80f2e	237
91ad9822-5df3-4a8c-b91b-04eacad80f2e	153
91ad9822-5df3-4a8c-b91b-04eacad80f2e	238
91ad9822-5df3-4a8c-b91b-04eacad80f2e	239
91ad9822-5df3-4a8c-b91b-04eacad80f2e	240
91ad9822-5df3-4a8c-b91b-04eacad80f2e	241
91ad9822-5df3-4a8c-b91b-04eacad80f2e	156
91ad9822-5df3-4a8c-b91b-04eacad80f2e	157
91ad9822-5df3-4a8c-b91b-04eacad80f2e	242
91ad9822-5df3-4a8c-b91b-04eacad80f2e	243
91ad9822-5df3-4a8c-b91b-04eacad80f2e	272
91ad9822-5df3-4a8c-b91b-04eacad80f2e	244
91ad9822-5df3-4a8c-b91b-04eacad80f2e	138
91ad9822-5df3-4a8c-b91b-04eacad80f2e	152
91ad9822-5df3-4a8c-b91b-04eacad80f2e	150
91ad9822-5df3-4a8c-b91b-04eacad80f2e	200
91ad9822-5df3-4a8c-b91b-04eacad80f2e	245
91ad9822-5df3-4a8c-b91b-04eacad80f2e	137
91ad9822-5df3-4a8c-b91b-04eacad80f2e	145
91ad9822-5df3-4a8c-b91b-04eacad80f2e	246
91ad9822-5df3-4a8c-b91b-04eacad80f2e	247
91ad9822-5df3-4a8c-b91b-04eacad80f2e	144
91ad9822-5df3-4a8c-b91b-04eacad80f2e	135
91ad9822-5df3-4a8c-b91b-04eacad80f2e	155
91ad9822-5df3-4a8c-b91b-04eacad80f2e	148
91ad9822-5df3-4a8c-b91b-04eacad80f2e	254
91ad9822-5df3-4a8c-b91b-04eacad80f2e	255
10907519-66f3-463b-8576-7836c4ed279b	154
10907519-66f3-463b-8576-7836c4ed279b	131
10907519-66f3-463b-8576-7836c4ed279b	228
10907519-66f3-463b-8576-7836c4ed279b	229
10907519-66f3-463b-8576-7836c4ed279b	230
10907519-66f3-463b-8576-7836c4ed279b	231
10907519-66f3-463b-8576-7836c4ed279b	158
10907519-66f3-463b-8576-7836c4ed279b	159
10907519-66f3-463b-8576-7836c4ed279b	161
10907519-66f3-463b-8576-7836c4ed279b	203
10907519-66f3-463b-8576-7836c4ed279b	232
10907519-66f3-463b-8576-7836c4ed279b	273
10907519-66f3-463b-8576-7836c4ed279b	143
10907519-66f3-463b-8576-7836c4ed279b	141
10907519-66f3-463b-8576-7836c4ed279b	142
10907519-66f3-463b-8576-7836c4ed279b	233
f7c43a34-76a9-4ec1-be7b-8ae96fd1e624	151
f7c43a34-76a9-4ec1-be7b-8ae96fd1e624	162
f7c43a34-76a9-4ec1-be7b-8ae96fd1e624	154
f7c43a34-76a9-4ec1-be7b-8ae96fd1e624	131
f7c43a34-76a9-4ec1-be7b-8ae96fd1e624	228
01342d4f-1eac-49ea-8754-37a851acfa2a	237
01342d4f-1eac-49ea-8754-37a851acfa2a	153
01342d4f-1eac-49ea-8754-37a851acfa2a	238
01342d4f-1eac-49ea-8754-37a851acfa2a	239
01342d4f-1eac-49ea-8754-37a851acfa2a	240
01342d4f-1eac-49ea-8754-37a851acfa2a	241
01342d4f-1eac-49ea-8754-37a851acfa2a	156
01342d4f-1eac-49ea-8754-37a851acfa2a	157
01342d4f-1eac-49ea-8754-37a851acfa2a	242
01342d4f-1eac-49ea-8754-37a851acfa2a	243
01342d4f-1eac-49ea-8754-37a851acfa2a	272
01342d4f-1eac-49ea-8754-37a851acfa2a	244
01342d4f-1eac-49ea-8754-37a851acfa2a	138
01342d4f-1eac-49ea-8754-37a851acfa2a	152
01342d4f-1eac-49ea-8754-37a851acfa2a	150
01342d4f-1eac-49ea-8754-37a851acfa2a	200
01342d4f-1eac-49ea-8754-37a851acfa2a	245
0bf45653-ec2a-48b2-a26c-014f7751df5d	162
0bf45653-ec2a-48b2-a26c-014f7751df5d	154
0bf45653-ec2a-48b2-a26c-014f7751df5d	131
0bf45653-ec2a-48b2-a26c-014f7751df5d	228
0bf45653-ec2a-48b2-a26c-014f7751df5d	229
0bf45653-ec2a-48b2-a26c-014f7751df5d	230
0bf45653-ec2a-48b2-a26c-014f7751df5d	231
0bf45653-ec2a-48b2-a26c-014f7751df5d	158
0bf45653-ec2a-48b2-a26c-014f7751df5d	159
0bf45653-ec2a-48b2-a26c-014f7751df5d	161
0bf45653-ec2a-48b2-a26c-014f7751df5d	203
0bf45653-ec2a-48b2-a26c-014f7751df5d	232
0bf45653-ec2a-48b2-a26c-014f7751df5d	273
0bf45653-ec2a-48b2-a26c-014f7751df5d	143
0bf45653-ec2a-48b2-a26c-014f7751df5d	141
0bf45653-ec2a-48b2-a26c-014f7751df5d	142
0bf45653-ec2a-48b2-a26c-014f7751df5d	233
0bf45653-ec2a-48b2-a26c-014f7751df5d	234
0bf45653-ec2a-48b2-a26c-014f7751df5d	134
0bf45653-ec2a-48b2-a26c-014f7751df5d	146
0bf45653-ec2a-48b2-a26c-014f7751df5d	133
0bf45653-ec2a-48b2-a26c-014f7751df5d	235
0bf45653-ec2a-48b2-a26c-014f7751df5d	147
0bf45653-ec2a-48b2-a26c-014f7751df5d	236
0bf45653-ec2a-48b2-a26c-014f7751df5d	237
0bf45653-ec2a-48b2-a26c-014f7751df5d	239
0bf45653-ec2a-48b2-a26c-014f7751df5d	240
0bf45653-ec2a-48b2-a26c-014f7751df5d	241
0bf45653-ec2a-48b2-a26c-014f7751df5d	156
0bf45653-ec2a-48b2-a26c-014f7751df5d	157
0bf45653-ec2a-48b2-a26c-014f7751df5d	242
0bf45653-ec2a-48b2-a26c-014f7751df5d	243
0bf45653-ec2a-48b2-a26c-014f7751df5d	272
0bf45653-ec2a-48b2-a26c-014f7751df5d	244
5911248d-3e1b-4b29-98fd-e32abaf76f8b	140
5911248d-3e1b-4b29-98fd-e32abaf76f8b	139
5911248d-3e1b-4b29-98fd-e32abaf76f8b	136
5911248d-3e1b-4b29-98fd-e32abaf76f8b	160
5911248d-3e1b-4b29-98fd-e32abaf76f8b	227
5911248d-3e1b-4b29-98fd-e32abaf76f8b	149
5911248d-3e1b-4b29-98fd-e32abaf76f8b	130
5911248d-3e1b-4b29-98fd-e32abaf76f8b	151
5911248d-3e1b-4b29-98fd-e32abaf76f8b	162
5911248d-3e1b-4b29-98fd-e32abaf76f8b	154
5911248d-3e1b-4b29-98fd-e32abaf76f8b	131
5911248d-3e1b-4b29-98fd-e32abaf76f8b	228
5911248d-3e1b-4b29-98fd-e32abaf76f8b	229
5911248d-3e1b-4b29-98fd-e32abaf76f8b	230
5911248d-3e1b-4b29-98fd-e32abaf76f8b	231
5911248d-3e1b-4b29-98fd-e32abaf76f8b	158
5911248d-3e1b-4b29-98fd-e32abaf76f8b	159
5911248d-3e1b-4b29-98fd-e32abaf76f8b	161
5911248d-3e1b-4b29-98fd-e32abaf76f8b	203
5911248d-3e1b-4b29-98fd-e32abaf76f8b	232
5911248d-3e1b-4b29-98fd-e32abaf76f8b	273
5911248d-3e1b-4b29-98fd-e32abaf76f8b	143
5911248d-3e1b-4b29-98fd-e32abaf76f8b	141
5911248d-3e1b-4b29-98fd-e32abaf76f8b	142
5911248d-3e1b-4b29-98fd-e32abaf76f8b	233
5911248d-3e1b-4b29-98fd-e32abaf76f8b	234
5911248d-3e1b-4b29-98fd-e32abaf76f8b	134
5911248d-3e1b-4b29-98fd-e32abaf76f8b	146
5911248d-3e1b-4b29-98fd-e32abaf76f8b	133
5911248d-3e1b-4b29-98fd-e32abaf76f8b	235
5911248d-3e1b-4b29-98fd-e32abaf76f8b	147
5911248d-3e1b-4b29-98fd-e32abaf76f8b	236
5911248d-3e1b-4b29-98fd-e32abaf76f8b	237
5911248d-3e1b-4b29-98fd-e32abaf76f8b	153
5911248d-3e1b-4b29-98fd-e32abaf76f8b	238
5911248d-3e1b-4b29-98fd-e32abaf76f8b	239
5911248d-3e1b-4b29-98fd-e32abaf76f8b	240
5911248d-3e1b-4b29-98fd-e32abaf76f8b	156
5911248d-3e1b-4b29-98fd-e32abaf76f8b	157
5911248d-3e1b-4b29-98fd-e32abaf76f8b	242
5911248d-3e1b-4b29-98fd-e32abaf76f8b	243
5911248d-3e1b-4b29-98fd-e32abaf76f8b	272
5911248d-3e1b-4b29-98fd-e32abaf76f8b	244
5911248d-3e1b-4b29-98fd-e32abaf76f8b	138
5911248d-3e1b-4b29-98fd-e32abaf76f8b	152
5911248d-3e1b-4b29-98fd-e32abaf76f8b	150
5911248d-3e1b-4b29-98fd-e32abaf76f8b	200
5911248d-3e1b-4b29-98fd-e32abaf76f8b	245
5911248d-3e1b-4b29-98fd-e32abaf76f8b	137
5911248d-3e1b-4b29-98fd-e32abaf76f8b	145
5911248d-3e1b-4b29-98fd-e32abaf76f8b	246
5911248d-3e1b-4b29-98fd-e32abaf76f8b	247
5911248d-3e1b-4b29-98fd-e32abaf76f8b	144
5911248d-3e1b-4b29-98fd-e32abaf76f8b	135
5911248d-3e1b-4b29-98fd-e32abaf76f8b	155
abeb2fde-9130-485d-a72f-8a64d30cbb66	139
abeb2fde-9130-485d-a72f-8a64d30cbb66	136
abeb2fde-9130-485d-a72f-8a64d30cbb66	160
abeb2fde-9130-485d-a72f-8a64d30cbb66	227
abeb2fde-9130-485d-a72f-8a64d30cbb66	149
abeb2fde-9130-485d-a72f-8a64d30cbb66	130
abeb2fde-9130-485d-a72f-8a64d30cbb66	151
abeb2fde-9130-485d-a72f-8a64d30cbb66	162
abeb2fde-9130-485d-a72f-8a64d30cbb66	154
abeb2fde-9130-485d-a72f-8a64d30cbb66	131
abeb2fde-9130-485d-a72f-8a64d30cbb66	228
abeb2fde-9130-485d-a72f-8a64d30cbb66	229
abeb2fde-9130-485d-a72f-8a64d30cbb66	230
abeb2fde-9130-485d-a72f-8a64d30cbb66	231
abeb2fde-9130-485d-a72f-8a64d30cbb66	158
abeb2fde-9130-485d-a72f-8a64d30cbb66	159
abeb2fde-9130-485d-a72f-8a64d30cbb66	161
abeb2fde-9130-485d-a72f-8a64d30cbb66	203
abeb2fde-9130-485d-a72f-8a64d30cbb66	232
abeb2fde-9130-485d-a72f-8a64d30cbb66	273
abeb2fde-9130-485d-a72f-8a64d30cbb66	143
abeb2fde-9130-485d-a72f-8a64d30cbb66	141
abeb2fde-9130-485d-a72f-8a64d30cbb66	142
abeb2fde-9130-485d-a72f-8a64d30cbb66	233
b8ebf653-6966-433c-9075-aee1a43622eb	281
b8ebf653-6966-433c-9075-aee1a43622eb	248
b8ebf653-6966-433c-9075-aee1a43622eb	249
b8ebf653-6966-433c-9075-aee1a43622eb	250
b8ebf653-6966-433c-9075-aee1a43622eb	251
b8ebf653-6966-433c-9075-aee1a43622eb	252
b8ebf653-6966-433c-9075-aee1a43622eb	253
b8ebf653-6966-433c-9075-aee1a43622eb	213
b8ebf653-6966-433c-9075-aee1a43622eb	214
b8ebf653-6966-433c-9075-aee1a43622eb	215
b8ebf653-6966-433c-9075-aee1a43622eb	216
b8ebf653-6966-433c-9075-aee1a43622eb	217
b8ebf653-6966-433c-9075-aee1a43622eb	218
b8ebf653-6966-433c-9075-aee1a43622eb	219
b8ebf653-6966-433c-9075-aee1a43622eb	220
b8ebf653-6966-433c-9075-aee1a43622eb	221
b8ebf653-6966-433c-9075-aee1a43622eb	222
b8ebf653-6966-433c-9075-aee1a43622eb	223
b8ebf653-6966-433c-9075-aee1a43622eb	224
b8ebf653-6966-433c-9075-aee1a43622eb	225
b8ebf653-6966-433c-9075-aee1a43622eb	226
b8ebf653-6966-433c-9075-aee1a43622eb	271
b8ebf653-6966-433c-9075-aee1a43622eb	132
b8ebf653-6966-433c-9075-aee1a43622eb	140
b8ebf653-6966-433c-9075-aee1a43622eb	139
b8ebf653-6966-433c-9075-aee1a43622eb	136
b8ebf653-6966-433c-9075-aee1a43622eb	160
f7c43a34-76a9-4ec1-be7b-8ae96fd1e624	229
f7c43a34-76a9-4ec1-be7b-8ae96fd1e624	230
f7c43a34-76a9-4ec1-be7b-8ae96fd1e624	231
f7c43a34-76a9-4ec1-be7b-8ae96fd1e624	158
f7c43a34-76a9-4ec1-be7b-8ae96fd1e624	159
f7c43a34-76a9-4ec1-be7b-8ae96fd1e624	161
f7c43a34-76a9-4ec1-be7b-8ae96fd1e624	203
f7c43a34-76a9-4ec1-be7b-8ae96fd1e624	232
f7c43a34-76a9-4ec1-be7b-8ae96fd1e624	273
f7c43a34-76a9-4ec1-be7b-8ae96fd1e624	143
f7c43a34-76a9-4ec1-be7b-8ae96fd1e624	141
f7c43a34-76a9-4ec1-be7b-8ae96fd1e624	142
f7c43a34-76a9-4ec1-be7b-8ae96fd1e624	233
f7c43a34-76a9-4ec1-be7b-8ae96fd1e624	234
f7c43a34-76a9-4ec1-be7b-8ae96fd1e624	134
f7c43a34-76a9-4ec1-be7b-8ae96fd1e624	146
f7c43a34-76a9-4ec1-be7b-8ae96fd1e624	133
f7c43a34-76a9-4ec1-be7b-8ae96fd1e624	235
f7c43a34-76a9-4ec1-be7b-8ae96fd1e624	147
f7c43a34-76a9-4ec1-be7b-8ae96fd1e624	236
f7c43a34-76a9-4ec1-be7b-8ae96fd1e624	237
f7c43a34-76a9-4ec1-be7b-8ae96fd1e624	153
f7c43a34-76a9-4ec1-be7b-8ae96fd1e624	238
f7c43a34-76a9-4ec1-be7b-8ae96fd1e624	239
f7c43a34-76a9-4ec1-be7b-8ae96fd1e624	240
f7c43a34-76a9-4ec1-be7b-8ae96fd1e624	241
f7c43a34-76a9-4ec1-be7b-8ae96fd1e624	156
f7c43a34-76a9-4ec1-be7b-8ae96fd1e624	157
f7c43a34-76a9-4ec1-be7b-8ae96fd1e624	242
f7c43a34-76a9-4ec1-be7b-8ae96fd1e624	243
f7c43a34-76a9-4ec1-be7b-8ae96fd1e624	272
f7c43a34-76a9-4ec1-be7b-8ae96fd1e624	244
f7c43a34-76a9-4ec1-be7b-8ae96fd1e624	138
f7c43a34-76a9-4ec1-be7b-8ae96fd1e624	152
f7c43a34-76a9-4ec1-be7b-8ae96fd1e624	150
2c322bdc-2140-403a-b3bb-dd3e34f233ae	162
2c322bdc-2140-403a-b3bb-dd3e34f233ae	154
2c322bdc-2140-403a-b3bb-dd3e34f233ae	131
2c322bdc-2140-403a-b3bb-dd3e34f233ae	228
2c322bdc-2140-403a-b3bb-dd3e34f233ae	229
2c322bdc-2140-403a-b3bb-dd3e34f233ae	230
2c322bdc-2140-403a-b3bb-dd3e34f233ae	231
2c322bdc-2140-403a-b3bb-dd3e34f233ae	158
2c322bdc-2140-403a-b3bb-dd3e34f233ae	159
2c322bdc-2140-403a-b3bb-dd3e34f233ae	161
2c322bdc-2140-403a-b3bb-dd3e34f233ae	203
2c322bdc-2140-403a-b3bb-dd3e34f233ae	232
2c322bdc-2140-403a-b3bb-dd3e34f233ae	273
2c322bdc-2140-403a-b3bb-dd3e34f233ae	143
2c322bdc-2140-403a-b3bb-dd3e34f233ae	141
2c322bdc-2140-403a-b3bb-dd3e34f233ae	142
2c322bdc-2140-403a-b3bb-dd3e34f233ae	233
2c322bdc-2140-403a-b3bb-dd3e34f233ae	234
2c322bdc-2140-403a-b3bb-dd3e34f233ae	134
2c322bdc-2140-403a-b3bb-dd3e34f233ae	146
2c322bdc-2140-403a-b3bb-dd3e34f233ae	133
2c322bdc-2140-403a-b3bb-dd3e34f233ae	235
2c322bdc-2140-403a-b3bb-dd3e34f233ae	147
2c322bdc-2140-403a-b3bb-dd3e34f233ae	236
2c322bdc-2140-403a-b3bb-dd3e34f233ae	237
2c322bdc-2140-403a-b3bb-dd3e34f233ae	153
2c322bdc-2140-403a-b3bb-dd3e34f233ae	238
2c322bdc-2140-403a-b3bb-dd3e34f233ae	239
2c322bdc-2140-403a-b3bb-dd3e34f233ae	240
2c322bdc-2140-403a-b3bb-dd3e34f233ae	241
2c322bdc-2140-403a-b3bb-dd3e34f233ae	156
2c322bdc-2140-403a-b3bb-dd3e34f233ae	157
2c322bdc-2140-403a-b3bb-dd3e34f233ae	242
2c322bdc-2140-403a-b3bb-dd3e34f233ae	243
2c322bdc-2140-403a-b3bb-dd3e34f233ae	272
2c322bdc-2140-403a-b3bb-dd3e34f233ae	244
2c322bdc-2140-403a-b3bb-dd3e34f233ae	138
2c322bdc-2140-403a-b3bb-dd3e34f233ae	152
2c322bdc-2140-403a-b3bb-dd3e34f233ae	150
c635c2c8-69ce-4f92-a5b9-16a5d9fb2c06	235
c635c2c8-69ce-4f92-a5b9-16a5d9fb2c06	147
c635c2c8-69ce-4f92-a5b9-16a5d9fb2c06	236
c635c2c8-69ce-4f92-a5b9-16a5d9fb2c06	237
c635c2c8-69ce-4f92-a5b9-16a5d9fb2c06	153
c635c2c8-69ce-4f92-a5b9-16a5d9fb2c06	238
c635c2c8-69ce-4f92-a5b9-16a5d9fb2c06	239
c635c2c8-69ce-4f92-a5b9-16a5d9fb2c06	240
c635c2c8-69ce-4f92-a5b9-16a5d9fb2c06	241
c635c2c8-69ce-4f92-a5b9-16a5d9fb2c06	156
c635c2c8-69ce-4f92-a5b9-16a5d9fb2c06	157
c635c2c8-69ce-4f92-a5b9-16a5d9fb2c06	242
c635c2c8-69ce-4f92-a5b9-16a5d9fb2c06	243
c635c2c8-69ce-4f92-a5b9-16a5d9fb2c06	272
c635c2c8-69ce-4f92-a5b9-16a5d9fb2c06	244
c635c2c8-69ce-4f92-a5b9-16a5d9fb2c06	138
c635c2c8-69ce-4f92-a5b9-16a5d9fb2c06	152
c635c2c8-69ce-4f92-a5b9-16a5d9fb2c06	150
c635c2c8-69ce-4f92-a5b9-16a5d9fb2c06	200
c635c2c8-69ce-4f92-a5b9-16a5d9fb2c06	245
c635c2c8-69ce-4f92-a5b9-16a5d9fb2c06	137
c635c2c8-69ce-4f92-a5b9-16a5d9fb2c06	145
c635c2c8-69ce-4f92-a5b9-16a5d9fb2c06	246
c635c2c8-69ce-4f92-a5b9-16a5d9fb2c06	247
c635c2c8-69ce-4f92-a5b9-16a5d9fb2c06	144
c635c2c8-69ce-4f92-a5b9-16a5d9fb2c06	135
c635c2c8-69ce-4f92-a5b9-16a5d9fb2c06	155
c635c2c8-69ce-4f92-a5b9-16a5d9fb2c06	148
c635c2c8-69ce-4f92-a5b9-16a5d9fb2c06	254
c635c2c8-69ce-4f92-a5b9-16a5d9fb2c06	255
c635c2c8-69ce-4f92-a5b9-16a5d9fb2c06	256
c635c2c8-69ce-4f92-a5b9-16a5d9fb2c06	257
c635c2c8-69ce-4f92-a5b9-16a5d9fb2c06	258
c2d180f1-4c82-40d0-834a-51daf89125e6	228
c2d180f1-4c82-40d0-834a-51daf89125e6	229
c2d180f1-4c82-40d0-834a-51daf89125e6	230
c2d180f1-4c82-40d0-834a-51daf89125e6	231
c2d180f1-4c82-40d0-834a-51daf89125e6	158
c2d180f1-4c82-40d0-834a-51daf89125e6	159
c2d180f1-4c82-40d0-834a-51daf89125e6	161
c2d180f1-4c82-40d0-834a-51daf89125e6	203
c2d180f1-4c82-40d0-834a-51daf89125e6	232
c2d180f1-4c82-40d0-834a-51daf89125e6	273
c2d180f1-4c82-40d0-834a-51daf89125e6	143
c2d180f1-4c82-40d0-834a-51daf89125e6	141
c2d180f1-4c82-40d0-834a-51daf89125e6	142
c2d180f1-4c82-40d0-834a-51daf89125e6	233
c2d180f1-4c82-40d0-834a-51daf89125e6	234
c2d180f1-4c82-40d0-834a-51daf89125e6	134
c2d180f1-4c82-40d0-834a-51daf89125e6	146
c2d180f1-4c82-40d0-834a-51daf89125e6	133
c2d180f1-4c82-40d0-834a-51daf89125e6	235
c2d180f1-4c82-40d0-834a-51daf89125e6	147
c2d180f1-4c82-40d0-834a-51daf89125e6	236
c2d180f1-4c82-40d0-834a-51daf89125e6	237
c2d180f1-4c82-40d0-834a-51daf89125e6	153
c2d180f1-4c82-40d0-834a-51daf89125e6	238
c2d180f1-4c82-40d0-834a-51daf89125e6	239
c2d180f1-4c82-40d0-834a-51daf89125e6	240
c2d180f1-4c82-40d0-834a-51daf89125e6	241
c2d180f1-4c82-40d0-834a-51daf89125e6	156
c2d180f1-4c82-40d0-834a-51daf89125e6	157
c2d180f1-4c82-40d0-834a-51daf89125e6	242
c2d180f1-4c82-40d0-834a-51daf89125e6	243
c2d180f1-4c82-40d0-834a-51daf89125e6	272
c2d180f1-4c82-40d0-834a-51daf89125e6	244
c2d180f1-4c82-40d0-834a-51daf89125e6	138
c2d180f1-4c82-40d0-834a-51daf89125e6	152
c2d180f1-4c82-40d0-834a-51daf89125e6	150
c2d180f1-4c82-40d0-834a-51daf89125e6	200
c2d180f1-4c82-40d0-834a-51daf89125e6	245
c2d180f1-4c82-40d0-834a-51daf89125e6	137
c2d180f1-4c82-40d0-834a-51daf89125e6	145
c2d180f1-4c82-40d0-834a-51daf89125e6	246
c2d180f1-4c82-40d0-834a-51daf89125e6	247
049ceaa1-1528-44c8-a93f-80144c65af75	228
049ceaa1-1528-44c8-a93f-80144c65af75	229
049ceaa1-1528-44c8-a93f-80144c65af75	230
049ceaa1-1528-44c8-a93f-80144c65af75	231
049ceaa1-1528-44c8-a93f-80144c65af75	158
049ceaa1-1528-44c8-a93f-80144c65af75	159
049ceaa1-1528-44c8-a93f-80144c65af75	161
049ceaa1-1528-44c8-a93f-80144c65af75	203
b8ebf653-6966-433c-9075-aee1a43622eb	227
b8ebf653-6966-433c-9075-aee1a43622eb	149
b8ebf653-6966-433c-9075-aee1a43622eb	130
b8ebf653-6966-433c-9075-aee1a43622eb	151
b8ebf653-6966-433c-9075-aee1a43622eb	162
b8ebf653-6966-433c-9075-aee1a43622eb	154
b8ebf653-6966-433c-9075-aee1a43622eb	131
b8ebf653-6966-433c-9075-aee1a43622eb	228
b8ebf653-6966-433c-9075-aee1a43622eb	229
b8ebf653-6966-433c-9075-aee1a43622eb	230
b8ebf653-6966-433c-9075-aee1a43622eb	231
b8ebf653-6966-433c-9075-aee1a43622eb	158
b8ebf653-6966-433c-9075-aee1a43622eb	159
b8ebf653-6966-433c-9075-aee1a43622eb	161
b8ebf653-6966-433c-9075-aee1a43622eb	203
b8ebf653-6966-433c-9075-aee1a43622eb	232
b8ebf653-6966-433c-9075-aee1a43622eb	273
b8ebf653-6966-433c-9075-aee1a43622eb	143
b8ebf653-6966-433c-9075-aee1a43622eb	141
b8ebf653-6966-433c-9075-aee1a43622eb	142
b8ebf653-6966-433c-9075-aee1a43622eb	233
b8ebf653-6966-433c-9075-aee1a43622eb	234
b8ebf653-6966-433c-9075-aee1a43622eb	134
b8ebf653-6966-433c-9075-aee1a43622eb	146
b8ebf653-6966-433c-9075-aee1a43622eb	133
b8ebf653-6966-433c-9075-aee1a43622eb	235
b8ebf653-6966-433c-9075-aee1a43622eb	147
b8ebf653-6966-433c-9075-aee1a43622eb	236
b8ebf653-6966-433c-9075-aee1a43622eb	237
b8ebf653-6966-433c-9075-aee1a43622eb	153
b8ebf653-6966-433c-9075-aee1a43622eb	238
b8ebf653-6966-433c-9075-aee1a43622eb	239
b8ebf653-6966-433c-9075-aee1a43622eb	240
b8ebf653-6966-433c-9075-aee1a43622eb	241
b8ebf653-6966-433c-9075-aee1a43622eb	156
b8ebf653-6966-433c-9075-aee1a43622eb	157
b8ebf653-6966-433c-9075-aee1a43622eb	242
b8ebf653-6966-433c-9075-aee1a43622eb	243
b8ebf653-6966-433c-9075-aee1a43622eb	272
b8ebf653-6966-433c-9075-aee1a43622eb	244
b8ebf653-6966-433c-9075-aee1a43622eb	138
b8ebf653-6966-433c-9075-aee1a43622eb	152
b8ebf653-6966-433c-9075-aee1a43622eb	150
b8ebf653-6966-433c-9075-aee1a43622eb	200
b8ebf653-6966-433c-9075-aee1a43622eb	245
b8ebf653-6966-433c-9075-aee1a43622eb	137
b8ebf653-6966-433c-9075-aee1a43622eb	145
b8ebf653-6966-433c-9075-aee1a43622eb	246
b8ebf653-6966-433c-9075-aee1a43622eb	247
50e9f845-c609-426a-aa22-b7144b8915e5	215
50e9f845-c609-426a-aa22-b7144b8915e5	216
50e9f845-c609-426a-aa22-b7144b8915e5	217
50e9f845-c609-426a-aa22-b7144b8915e5	218
50e9f845-c609-426a-aa22-b7144b8915e5	219
50e9f845-c609-426a-aa22-b7144b8915e5	220
50e9f845-c609-426a-aa22-b7144b8915e5	221
50e9f845-c609-426a-aa22-b7144b8915e5	222
50e9f845-c609-426a-aa22-b7144b8915e5	223
50e9f845-c609-426a-aa22-b7144b8915e5	224
50e9f845-c609-426a-aa22-b7144b8915e5	225
50e9f845-c609-426a-aa22-b7144b8915e5	226
50e9f845-c609-426a-aa22-b7144b8915e5	271
50e9f845-c609-426a-aa22-b7144b8915e5	132
50e9f845-c609-426a-aa22-b7144b8915e5	140
50e9f845-c609-426a-aa22-b7144b8915e5	139
50e9f845-c609-426a-aa22-b7144b8915e5	136
50e9f845-c609-426a-aa22-b7144b8915e5	160
50e9f845-c609-426a-aa22-b7144b8915e5	227
50e9f845-c609-426a-aa22-b7144b8915e5	149
50e9f845-c609-426a-aa22-b7144b8915e5	130
50e9f845-c609-426a-aa22-b7144b8915e5	151
50e9f845-c609-426a-aa22-b7144b8915e5	162
50e9f845-c609-426a-aa22-b7144b8915e5	154
50e9f845-c609-426a-aa22-b7144b8915e5	131
50e9f845-c609-426a-aa22-b7144b8915e5	228
50e9f845-c609-426a-aa22-b7144b8915e5	229
50e9f845-c609-426a-aa22-b7144b8915e5	230
50e9f845-c609-426a-aa22-b7144b8915e5	231
50e9f845-c609-426a-aa22-b7144b8915e5	158
50e9f845-c609-426a-aa22-b7144b8915e5	159
50e9f845-c609-426a-aa22-b7144b8915e5	161
50e9f845-c609-426a-aa22-b7144b8915e5	203
50e9f845-c609-426a-aa22-b7144b8915e5	232
50e9f845-c609-426a-aa22-b7144b8915e5	273
50e9f845-c609-426a-aa22-b7144b8915e5	143
50e9f845-c609-426a-aa22-b7144b8915e5	141
50e9f845-c609-426a-aa22-b7144b8915e5	142
50e9f845-c609-426a-aa22-b7144b8915e5	233
50e9f845-c609-426a-aa22-b7144b8915e5	234
50e9f845-c609-426a-aa22-b7144b8915e5	134
50e9f845-c609-426a-aa22-b7144b8915e5	146
50e9f845-c609-426a-aa22-b7144b8915e5	133
50e9f845-c609-426a-aa22-b7144b8915e5	235
50e9f845-c609-426a-aa22-b7144b8915e5	147
50e9f845-c609-426a-aa22-b7144b8915e5	236
50e9f845-c609-426a-aa22-b7144b8915e5	237
50e9f845-c609-426a-aa22-b7144b8915e5	153
50e9f845-c609-426a-aa22-b7144b8915e5	238
50e9f845-c609-426a-aa22-b7144b8915e5	239
d875260f-0bcc-438f-ae99-1dedffe4223e	235
d875260f-0bcc-438f-ae99-1dedffe4223e	147
d875260f-0bcc-438f-ae99-1dedffe4223e	236
d875260f-0bcc-438f-ae99-1dedffe4223e	237
d875260f-0bcc-438f-ae99-1dedffe4223e	153
d875260f-0bcc-438f-ae99-1dedffe4223e	238
d875260f-0bcc-438f-ae99-1dedffe4223e	239
d875260f-0bcc-438f-ae99-1dedffe4223e	240
d875260f-0bcc-438f-ae99-1dedffe4223e	241
d875260f-0bcc-438f-ae99-1dedffe4223e	156
d875260f-0bcc-438f-ae99-1dedffe4223e	157
d875260f-0bcc-438f-ae99-1dedffe4223e	242
d875260f-0bcc-438f-ae99-1dedffe4223e	243
d875260f-0bcc-438f-ae99-1dedffe4223e	272
d875260f-0bcc-438f-ae99-1dedffe4223e	244
d875260f-0bcc-438f-ae99-1dedffe4223e	138
d875260f-0bcc-438f-ae99-1dedffe4223e	152
d875260f-0bcc-438f-ae99-1dedffe4223e	150
d875260f-0bcc-438f-ae99-1dedffe4223e	200
d875260f-0bcc-438f-ae99-1dedffe4223e	245
d875260f-0bcc-438f-ae99-1dedffe4223e	137
d875260f-0bcc-438f-ae99-1dedffe4223e	145
d875260f-0bcc-438f-ae99-1dedffe4223e	246
d875260f-0bcc-438f-ae99-1dedffe4223e	247
d875260f-0bcc-438f-ae99-1dedffe4223e	144
d875260f-0bcc-438f-ae99-1dedffe4223e	135
d875260f-0bcc-438f-ae99-1dedffe4223e	155
d875260f-0bcc-438f-ae99-1dedffe4223e	148
d875260f-0bcc-438f-ae99-1dedffe4223e	254
d875260f-0bcc-438f-ae99-1dedffe4223e	255
d875260f-0bcc-438f-ae99-1dedffe4223e	256
d875260f-0bcc-438f-ae99-1dedffe4223e	257
d875260f-0bcc-438f-ae99-1dedffe4223e	258
add15e47-1996-4b34-b02d-a389304caa7e	228
add15e47-1996-4b34-b02d-a389304caa7e	229
add15e47-1996-4b34-b02d-a389304caa7e	230
add15e47-1996-4b34-b02d-a389304caa7e	231
add15e47-1996-4b34-b02d-a389304caa7e	158
add15e47-1996-4b34-b02d-a389304caa7e	159
add15e47-1996-4b34-b02d-a389304caa7e	161
add15e47-1996-4b34-b02d-a389304caa7e	203
add15e47-1996-4b34-b02d-a389304caa7e	232
add15e47-1996-4b34-b02d-a389304caa7e	273
add15e47-1996-4b34-b02d-a389304caa7e	143
add15e47-1996-4b34-b02d-a389304caa7e	141
add15e47-1996-4b34-b02d-a389304caa7e	142
add15e47-1996-4b34-b02d-a389304caa7e	233
add15e47-1996-4b34-b02d-a389304caa7e	234
add15e47-1996-4b34-b02d-a389304caa7e	134
add15e47-1996-4b34-b02d-a389304caa7e	146
add15e47-1996-4b34-b02d-a389304caa7e	133
add15e47-1996-4b34-b02d-a389304caa7e	235
add15e47-1996-4b34-b02d-a389304caa7e	147
add15e47-1996-4b34-b02d-a389304caa7e	236
add15e47-1996-4b34-b02d-a389304caa7e	237
add15e47-1996-4b34-b02d-a389304caa7e	153
add15e47-1996-4b34-b02d-a389304caa7e	238
add15e47-1996-4b34-b02d-a389304caa7e	239
add15e47-1996-4b34-b02d-a389304caa7e	240
add15e47-1996-4b34-b02d-a389304caa7e	241
add15e47-1996-4b34-b02d-a389304caa7e	156
add15e47-1996-4b34-b02d-a389304caa7e	157
add15e47-1996-4b34-b02d-a389304caa7e	242
add15e47-1996-4b34-b02d-a389304caa7e	243
add15e47-1996-4b34-b02d-a389304caa7e	272
add15e47-1996-4b34-b02d-a389304caa7e	244
add15e47-1996-4b34-b02d-a389304caa7e	138
add15e47-1996-4b34-b02d-a389304caa7e	152
add15e47-1996-4b34-b02d-a389304caa7e	150
add15e47-1996-4b34-b02d-a389304caa7e	200
add15e47-1996-4b34-b02d-a389304caa7e	245
add15e47-1996-4b34-b02d-a389304caa7e	137
add15e47-1996-4b34-b02d-a389304caa7e	145
add15e47-1996-4b34-b02d-a389304caa7e	246
add15e47-1996-4b34-b02d-a389304caa7e	247
f0c35d23-0e28-4425-b14d-b846a70278b6	228
f0c35d23-0e28-4425-b14d-b846a70278b6	229
f0c35d23-0e28-4425-b14d-b846a70278b6	230
f0c35d23-0e28-4425-b14d-b846a70278b6	231
f0c35d23-0e28-4425-b14d-b846a70278b6	158
f0c35d23-0e28-4425-b14d-b846a70278b6	159
f0c35d23-0e28-4425-b14d-b846a70278b6	161
f0c35d23-0e28-4425-b14d-b846a70278b6	203
f0c35d23-0e28-4425-b14d-b846a70278b6	232
f0c35d23-0e28-4425-b14d-b846a70278b6	273
f0c35d23-0e28-4425-b14d-b846a70278b6	143
f0c35d23-0e28-4425-b14d-b846a70278b6	141
f0c35d23-0e28-4425-b14d-b846a70278b6	142
f0c35d23-0e28-4425-b14d-b846a70278b6	233
f0c35d23-0e28-4425-b14d-b846a70278b6	234
f0c35d23-0e28-4425-b14d-b846a70278b6	134
f0c35d23-0e28-4425-b14d-b846a70278b6	146
f0c35d23-0e28-4425-b14d-b846a70278b6	133
f0c35d23-0e28-4425-b14d-b846a70278b6	235
f0c35d23-0e28-4425-b14d-b846a70278b6	147
f0c35d23-0e28-4425-b14d-b846a70278b6	236
f0c35d23-0e28-4425-b14d-b846a70278b6	237
f0c35d23-0e28-4425-b14d-b846a70278b6	153
f0c35d23-0e28-4425-b14d-b846a70278b6	238
f0c35d23-0e28-4425-b14d-b846a70278b6	239
f0c35d23-0e28-4425-b14d-b846a70278b6	240
f0c35d23-0e28-4425-b14d-b846a70278b6	241
f0c35d23-0e28-4425-b14d-b846a70278b6	156
f0c35d23-0e28-4425-b14d-b846a70278b6	157
f0c35d23-0e28-4425-b14d-b846a70278b6	242
f0c35d23-0e28-4425-b14d-b846a70278b6	243
f0c35d23-0e28-4425-b14d-b846a70278b6	272
f0c35d23-0e28-4425-b14d-b846a70278b6	244
f0c35d23-0e28-4425-b14d-b846a70278b6	138
f0c35d23-0e28-4425-b14d-b846a70278b6	152
f0c35d23-0e28-4425-b14d-b846a70278b6	150
f0c35d23-0e28-4425-b14d-b846a70278b6	200
f0c35d23-0e28-4425-b14d-b846a70278b6	245
f0c35d23-0e28-4425-b14d-b846a70278b6	137
f0c35d23-0e28-4425-b14d-b846a70278b6	145
f0c35d23-0e28-4425-b14d-b846a70278b6	246
f0c35d23-0e28-4425-b14d-b846a70278b6	247
80e993c9-710c-4439-b89c-e815f09fd0b8	228
80e993c9-710c-4439-b89c-e815f09fd0b8	229
80e993c9-710c-4439-b89c-e815f09fd0b8	230
80e993c9-710c-4439-b89c-e815f09fd0b8	231
80e993c9-710c-4439-b89c-e815f09fd0b8	158
80e993c9-710c-4439-b89c-e815f09fd0b8	159
80e993c9-710c-4439-b89c-e815f09fd0b8	161
80e993c9-710c-4439-b89c-e815f09fd0b8	203
80e993c9-710c-4439-b89c-e815f09fd0b8	232
80e993c9-710c-4439-b89c-e815f09fd0b8	273
80e993c9-710c-4439-b89c-e815f09fd0b8	143
80e993c9-710c-4439-b89c-e815f09fd0b8	141
80e993c9-710c-4439-b89c-e815f09fd0b8	142
80e993c9-710c-4439-b89c-e815f09fd0b8	233
80e993c9-710c-4439-b89c-e815f09fd0b8	234
80e993c9-710c-4439-b89c-e815f09fd0b8	134
80e993c9-710c-4439-b89c-e815f09fd0b8	146
80e993c9-710c-4439-b89c-e815f09fd0b8	133
80e993c9-710c-4439-b89c-e815f09fd0b8	235
80e993c9-710c-4439-b89c-e815f09fd0b8	147
80e993c9-710c-4439-b89c-e815f09fd0b8	236
80e993c9-710c-4439-b89c-e815f09fd0b8	237
80e993c9-710c-4439-b89c-e815f09fd0b8	153
80e993c9-710c-4439-b89c-e815f09fd0b8	238
80e993c9-710c-4439-b89c-e815f09fd0b8	239
80e993c9-710c-4439-b89c-e815f09fd0b8	240
80e993c9-710c-4439-b89c-e815f09fd0b8	241
80e993c9-710c-4439-b89c-e815f09fd0b8	156
80e993c9-710c-4439-b89c-e815f09fd0b8	157
80e993c9-710c-4439-b89c-e815f09fd0b8	242
80e993c9-710c-4439-b89c-e815f09fd0b8	243
80e993c9-710c-4439-b89c-e815f09fd0b8	272
80e993c9-710c-4439-b89c-e815f09fd0b8	244
80e993c9-710c-4439-b89c-e815f09fd0b8	138
80e993c9-710c-4439-b89c-e815f09fd0b8	152
80e993c9-710c-4439-b89c-e815f09fd0b8	150
80e993c9-710c-4439-b89c-e815f09fd0b8	200
80e993c9-710c-4439-b89c-e815f09fd0b8	245
80e993c9-710c-4439-b89c-e815f09fd0b8	137
80e993c9-710c-4439-b89c-e815f09fd0b8	145
80e993c9-710c-4439-b89c-e815f09fd0b8	246
80e993c9-710c-4439-b89c-e815f09fd0b8	247
1cb75cb8-cf20-408e-8562-34cbfc71f339	228
1cb75cb8-cf20-408e-8562-34cbfc71f339	229
1cb75cb8-cf20-408e-8562-34cbfc71f339	230
1cb75cb8-cf20-408e-8562-34cbfc71f339	231
1cb75cb8-cf20-408e-8562-34cbfc71f339	158
1cb75cb8-cf20-408e-8562-34cbfc71f339	159
1cb75cb8-cf20-408e-8562-34cbfc71f339	161
1cb75cb8-cf20-408e-8562-34cbfc71f339	203
1cb75cb8-cf20-408e-8562-34cbfc71f339	232
1cb75cb8-cf20-408e-8562-34cbfc71f339	273
1cb75cb8-cf20-408e-8562-34cbfc71f339	143
1cb75cb8-cf20-408e-8562-34cbfc71f339	141
1cb75cb8-cf20-408e-8562-34cbfc71f339	142
1cb75cb8-cf20-408e-8562-34cbfc71f339	233
1cb75cb8-cf20-408e-8562-34cbfc71f339	234
1cb75cb8-cf20-408e-8562-34cbfc71f339	134
1cb75cb8-cf20-408e-8562-34cbfc71f339	146
1cb75cb8-cf20-408e-8562-34cbfc71f339	133
1cb75cb8-cf20-408e-8562-34cbfc71f339	235
1cb75cb8-cf20-408e-8562-34cbfc71f339	147
1cb75cb8-cf20-408e-8562-34cbfc71f339	236
1cb75cb8-cf20-408e-8562-34cbfc71f339	237
1cb75cb8-cf20-408e-8562-34cbfc71f339	153
1cb75cb8-cf20-408e-8562-34cbfc71f339	238
1cb75cb8-cf20-408e-8562-34cbfc71f339	239
1cb75cb8-cf20-408e-8562-34cbfc71f339	240
1cb75cb8-cf20-408e-8562-34cbfc71f339	241
1cb75cb8-cf20-408e-8562-34cbfc71f339	156
1cb75cb8-cf20-408e-8562-34cbfc71f339	157
1cb75cb8-cf20-408e-8562-34cbfc71f339	242
1cb75cb8-cf20-408e-8562-34cbfc71f339	243
1cb75cb8-cf20-408e-8562-34cbfc71f339	272
1cb75cb8-cf20-408e-8562-34cbfc71f339	244
1cb75cb8-cf20-408e-8562-34cbfc71f339	138
1cb75cb8-cf20-408e-8562-34cbfc71f339	152
1cb75cb8-cf20-408e-8562-34cbfc71f339	150
1cb75cb8-cf20-408e-8562-34cbfc71f339	200
1cb75cb8-cf20-408e-8562-34cbfc71f339	245
1cb75cb8-cf20-408e-8562-34cbfc71f339	137
1cb75cb8-cf20-408e-8562-34cbfc71f339	145
1cb75cb8-cf20-408e-8562-34cbfc71f339	246
1cb75cb8-cf20-408e-8562-34cbfc71f339	247
ca0ad495-8c2f-4d5a-9ed4-99cfaf801f3f	228
ca0ad495-8c2f-4d5a-9ed4-99cfaf801f3f	229
ca0ad495-8c2f-4d5a-9ed4-99cfaf801f3f	230
ca0ad495-8c2f-4d5a-9ed4-99cfaf801f3f	231
ca0ad495-8c2f-4d5a-9ed4-99cfaf801f3f	158
ca0ad495-8c2f-4d5a-9ed4-99cfaf801f3f	159
ca0ad495-8c2f-4d5a-9ed4-99cfaf801f3f	161
ca0ad495-8c2f-4d5a-9ed4-99cfaf801f3f	203
ca0ad495-8c2f-4d5a-9ed4-99cfaf801f3f	232
ca0ad495-8c2f-4d5a-9ed4-99cfaf801f3f	273
ca0ad495-8c2f-4d5a-9ed4-99cfaf801f3f	143
ca0ad495-8c2f-4d5a-9ed4-99cfaf801f3f	141
ca0ad495-8c2f-4d5a-9ed4-99cfaf801f3f	142
ca0ad495-8c2f-4d5a-9ed4-99cfaf801f3f	233
049ceaa1-1528-44c8-a93f-80144c65af75	232
049ceaa1-1528-44c8-a93f-80144c65af75	273
049ceaa1-1528-44c8-a93f-80144c65af75	143
049ceaa1-1528-44c8-a93f-80144c65af75	141
049ceaa1-1528-44c8-a93f-80144c65af75	142
049ceaa1-1528-44c8-a93f-80144c65af75	233
049ceaa1-1528-44c8-a93f-80144c65af75	234
049ceaa1-1528-44c8-a93f-80144c65af75	134
049ceaa1-1528-44c8-a93f-80144c65af75	146
049ceaa1-1528-44c8-a93f-80144c65af75	133
049ceaa1-1528-44c8-a93f-80144c65af75	235
049ceaa1-1528-44c8-a93f-80144c65af75	147
049ceaa1-1528-44c8-a93f-80144c65af75	236
049ceaa1-1528-44c8-a93f-80144c65af75	237
049ceaa1-1528-44c8-a93f-80144c65af75	153
049ceaa1-1528-44c8-a93f-80144c65af75	238
049ceaa1-1528-44c8-a93f-80144c65af75	239
049ceaa1-1528-44c8-a93f-80144c65af75	240
049ceaa1-1528-44c8-a93f-80144c65af75	241
049ceaa1-1528-44c8-a93f-80144c65af75	156
049ceaa1-1528-44c8-a93f-80144c65af75	157
049ceaa1-1528-44c8-a93f-80144c65af75	242
049ceaa1-1528-44c8-a93f-80144c65af75	243
049ceaa1-1528-44c8-a93f-80144c65af75	272
049ceaa1-1528-44c8-a93f-80144c65af75	244
049ceaa1-1528-44c8-a93f-80144c65af75	138
049ceaa1-1528-44c8-a93f-80144c65af75	152
049ceaa1-1528-44c8-a93f-80144c65af75	150
049ceaa1-1528-44c8-a93f-80144c65af75	200
049ceaa1-1528-44c8-a93f-80144c65af75	245
049ceaa1-1528-44c8-a93f-80144c65af75	137
049ceaa1-1528-44c8-a93f-80144c65af75	145
049ceaa1-1528-44c8-a93f-80144c65af75	246
049ceaa1-1528-44c8-a93f-80144c65af75	247
544f179f-edcd-45ba-a834-d07082af0592	228
544f179f-edcd-45ba-a834-d07082af0592	229
544f179f-edcd-45ba-a834-d07082af0592	230
544f179f-edcd-45ba-a834-d07082af0592	231
544f179f-edcd-45ba-a834-d07082af0592	158
544f179f-edcd-45ba-a834-d07082af0592	159
544f179f-edcd-45ba-a834-d07082af0592	161
544f179f-edcd-45ba-a834-d07082af0592	203
544f179f-edcd-45ba-a834-d07082af0592	232
544f179f-edcd-45ba-a834-d07082af0592	273
544f179f-edcd-45ba-a834-d07082af0592	143
544f179f-edcd-45ba-a834-d07082af0592	141
544f179f-edcd-45ba-a834-d07082af0592	142
544f179f-edcd-45ba-a834-d07082af0592	233
544f179f-edcd-45ba-a834-d07082af0592	234
544f179f-edcd-45ba-a834-d07082af0592	134
544f179f-edcd-45ba-a834-d07082af0592	146
544f179f-edcd-45ba-a834-d07082af0592	133
544f179f-edcd-45ba-a834-d07082af0592	235
544f179f-edcd-45ba-a834-d07082af0592	147
544f179f-edcd-45ba-a834-d07082af0592	236
544f179f-edcd-45ba-a834-d07082af0592	237
544f179f-edcd-45ba-a834-d07082af0592	153
544f179f-edcd-45ba-a834-d07082af0592	238
544f179f-edcd-45ba-a834-d07082af0592	239
544f179f-edcd-45ba-a834-d07082af0592	240
544f179f-edcd-45ba-a834-d07082af0592	241
544f179f-edcd-45ba-a834-d07082af0592	156
544f179f-edcd-45ba-a834-d07082af0592	157
544f179f-edcd-45ba-a834-d07082af0592	242
544f179f-edcd-45ba-a834-d07082af0592	243
544f179f-edcd-45ba-a834-d07082af0592	272
544f179f-edcd-45ba-a834-d07082af0592	244
544f179f-edcd-45ba-a834-d07082af0592	138
544f179f-edcd-45ba-a834-d07082af0592	152
544f179f-edcd-45ba-a834-d07082af0592	150
544f179f-edcd-45ba-a834-d07082af0592	200
544f179f-edcd-45ba-a834-d07082af0592	245
544f179f-edcd-45ba-a834-d07082af0592	137
544f179f-edcd-45ba-a834-d07082af0592	145
544f179f-edcd-45ba-a834-d07082af0592	246
544f179f-edcd-45ba-a834-d07082af0592	247
a5a0e5be-f80b-49f6-8986-7e99dfdbd9bf	228
a5a0e5be-f80b-49f6-8986-7e99dfdbd9bf	229
a5a0e5be-f80b-49f6-8986-7e99dfdbd9bf	230
a5a0e5be-f80b-49f6-8986-7e99dfdbd9bf	231
a5a0e5be-f80b-49f6-8986-7e99dfdbd9bf	158
a5a0e5be-f80b-49f6-8986-7e99dfdbd9bf	159
a5a0e5be-f80b-49f6-8986-7e99dfdbd9bf	161
a5a0e5be-f80b-49f6-8986-7e99dfdbd9bf	203
a5a0e5be-f80b-49f6-8986-7e99dfdbd9bf	232
a5a0e5be-f80b-49f6-8986-7e99dfdbd9bf	273
a5a0e5be-f80b-49f6-8986-7e99dfdbd9bf	143
a5a0e5be-f80b-49f6-8986-7e99dfdbd9bf	141
a5a0e5be-f80b-49f6-8986-7e99dfdbd9bf	142
a5a0e5be-f80b-49f6-8986-7e99dfdbd9bf	233
a5a0e5be-f80b-49f6-8986-7e99dfdbd9bf	234
a5a0e5be-f80b-49f6-8986-7e99dfdbd9bf	134
a5a0e5be-f80b-49f6-8986-7e99dfdbd9bf	146
a5a0e5be-f80b-49f6-8986-7e99dfdbd9bf	133
a5a0e5be-f80b-49f6-8986-7e99dfdbd9bf	235
a5a0e5be-f80b-49f6-8986-7e99dfdbd9bf	147
a5a0e5be-f80b-49f6-8986-7e99dfdbd9bf	236
a5a0e5be-f80b-49f6-8986-7e99dfdbd9bf	237
a5a0e5be-f80b-49f6-8986-7e99dfdbd9bf	153
a5a0e5be-f80b-49f6-8986-7e99dfdbd9bf	238
a5a0e5be-f80b-49f6-8986-7e99dfdbd9bf	239
a5a0e5be-f80b-49f6-8986-7e99dfdbd9bf	240
a5a0e5be-f80b-49f6-8986-7e99dfdbd9bf	241
a5a0e5be-f80b-49f6-8986-7e99dfdbd9bf	156
a5a0e5be-f80b-49f6-8986-7e99dfdbd9bf	157
a5a0e5be-f80b-49f6-8986-7e99dfdbd9bf	242
a5a0e5be-f80b-49f6-8986-7e99dfdbd9bf	243
a5a0e5be-f80b-49f6-8986-7e99dfdbd9bf	272
a5a0e5be-f80b-49f6-8986-7e99dfdbd9bf	244
a5a0e5be-f80b-49f6-8986-7e99dfdbd9bf	138
a5a0e5be-f80b-49f6-8986-7e99dfdbd9bf	152
a5a0e5be-f80b-49f6-8986-7e99dfdbd9bf	150
a5a0e5be-f80b-49f6-8986-7e99dfdbd9bf	200
a5a0e5be-f80b-49f6-8986-7e99dfdbd9bf	245
a5a0e5be-f80b-49f6-8986-7e99dfdbd9bf	137
a5a0e5be-f80b-49f6-8986-7e99dfdbd9bf	145
a5a0e5be-f80b-49f6-8986-7e99dfdbd9bf	246
a5a0e5be-f80b-49f6-8986-7e99dfdbd9bf	247
1687adbe-25df-4004-8f39-8cde4eaedfd5	228
1687adbe-25df-4004-8f39-8cde4eaedfd5	229
1687adbe-25df-4004-8f39-8cde4eaedfd5	230
1687adbe-25df-4004-8f39-8cde4eaedfd5	231
1687adbe-25df-4004-8f39-8cde4eaedfd5	158
1687adbe-25df-4004-8f39-8cde4eaedfd5	159
1687adbe-25df-4004-8f39-8cde4eaedfd5	161
1687adbe-25df-4004-8f39-8cde4eaedfd5	203
1687adbe-25df-4004-8f39-8cde4eaedfd5	232
1687adbe-25df-4004-8f39-8cde4eaedfd5	273
1687adbe-25df-4004-8f39-8cde4eaedfd5	143
1687adbe-25df-4004-8f39-8cde4eaedfd5	141
1687adbe-25df-4004-8f39-8cde4eaedfd5	142
1687adbe-25df-4004-8f39-8cde4eaedfd5	233
1687adbe-25df-4004-8f39-8cde4eaedfd5	234
1687adbe-25df-4004-8f39-8cde4eaedfd5	134
1687adbe-25df-4004-8f39-8cde4eaedfd5	146
1687adbe-25df-4004-8f39-8cde4eaedfd5	133
1687adbe-25df-4004-8f39-8cde4eaedfd5	235
1687adbe-25df-4004-8f39-8cde4eaedfd5	147
1687adbe-25df-4004-8f39-8cde4eaedfd5	236
1687adbe-25df-4004-8f39-8cde4eaedfd5	237
1687adbe-25df-4004-8f39-8cde4eaedfd5	153
1687adbe-25df-4004-8f39-8cde4eaedfd5	238
1687adbe-25df-4004-8f39-8cde4eaedfd5	239
1687adbe-25df-4004-8f39-8cde4eaedfd5	240
1687adbe-25df-4004-8f39-8cde4eaedfd5	241
1687adbe-25df-4004-8f39-8cde4eaedfd5	156
1687adbe-25df-4004-8f39-8cde4eaedfd5	157
1687adbe-25df-4004-8f39-8cde4eaedfd5	242
1687adbe-25df-4004-8f39-8cde4eaedfd5	243
1687adbe-25df-4004-8f39-8cde4eaedfd5	272
1687adbe-25df-4004-8f39-8cde4eaedfd5	244
1687adbe-25df-4004-8f39-8cde4eaedfd5	138
1687adbe-25df-4004-8f39-8cde4eaedfd5	152
1687adbe-25df-4004-8f39-8cde4eaedfd5	150
1687adbe-25df-4004-8f39-8cde4eaedfd5	200
1687adbe-25df-4004-8f39-8cde4eaedfd5	245
1687adbe-25df-4004-8f39-8cde4eaedfd5	137
1687adbe-25df-4004-8f39-8cde4eaedfd5	145
1687adbe-25df-4004-8f39-8cde4eaedfd5	246
1687adbe-25df-4004-8f39-8cde4eaedfd5	247
3bd63f93-ab36-47c9-bead-7daf5e11efa6	228
3bd63f93-ab36-47c9-bead-7daf5e11efa6	229
3bd63f93-ab36-47c9-bead-7daf5e11efa6	230
3bd63f93-ab36-47c9-bead-7daf5e11efa6	231
3bd63f93-ab36-47c9-bead-7daf5e11efa6	158
3bd63f93-ab36-47c9-bead-7daf5e11efa6	159
3bd63f93-ab36-47c9-bead-7daf5e11efa6	161
3bd63f93-ab36-47c9-bead-7daf5e11efa6	203
3bd63f93-ab36-47c9-bead-7daf5e11efa6	232
3bd63f93-ab36-47c9-bead-7daf5e11efa6	273
3bd63f93-ab36-47c9-bead-7daf5e11efa6	143
3bd63f93-ab36-47c9-bead-7daf5e11efa6	141
3bd63f93-ab36-47c9-bead-7daf5e11efa6	142
3bd63f93-ab36-47c9-bead-7daf5e11efa6	233
3bd63f93-ab36-47c9-bead-7daf5e11efa6	234
3bd63f93-ab36-47c9-bead-7daf5e11efa6	134
3bd63f93-ab36-47c9-bead-7daf5e11efa6	146
3bd63f93-ab36-47c9-bead-7daf5e11efa6	133
3bd63f93-ab36-47c9-bead-7daf5e11efa6	235
3bd63f93-ab36-47c9-bead-7daf5e11efa6	147
3bd63f93-ab36-47c9-bead-7daf5e11efa6	236
3bd63f93-ab36-47c9-bead-7daf5e11efa6	237
3bd63f93-ab36-47c9-bead-7daf5e11efa6	153
3bd63f93-ab36-47c9-bead-7daf5e11efa6	238
3bd63f93-ab36-47c9-bead-7daf5e11efa6	239
3bd63f93-ab36-47c9-bead-7daf5e11efa6	240
3bd63f93-ab36-47c9-bead-7daf5e11efa6	241
3bd63f93-ab36-47c9-bead-7daf5e11efa6	156
3bd63f93-ab36-47c9-bead-7daf5e11efa6	157
3bd63f93-ab36-47c9-bead-7daf5e11efa6	242
3bd63f93-ab36-47c9-bead-7daf5e11efa6	243
3bd63f93-ab36-47c9-bead-7daf5e11efa6	272
3bd63f93-ab36-47c9-bead-7daf5e11efa6	244
3bd63f93-ab36-47c9-bead-7daf5e11efa6	138
3bd63f93-ab36-47c9-bead-7daf5e11efa6	152
3bd63f93-ab36-47c9-bead-7daf5e11efa6	150
3bd63f93-ab36-47c9-bead-7daf5e11efa6	200
3bd63f93-ab36-47c9-bead-7daf5e11efa6	245
3bd63f93-ab36-47c9-bead-7daf5e11efa6	137
3bd63f93-ab36-47c9-bead-7daf5e11efa6	145
3bd63f93-ab36-47c9-bead-7daf5e11efa6	246
3bd63f93-ab36-47c9-bead-7daf5e11efa6	247
9973175a-dee8-48f9-8d6f-121fad226119	228
9973175a-dee8-48f9-8d6f-121fad226119	229
9973175a-dee8-48f9-8d6f-121fad226119	230
9973175a-dee8-48f9-8d6f-121fad226119	231
9973175a-dee8-48f9-8d6f-121fad226119	158
9973175a-dee8-48f9-8d6f-121fad226119	159
9973175a-dee8-48f9-8d6f-121fad226119	161
9973175a-dee8-48f9-8d6f-121fad226119	203
9973175a-dee8-48f9-8d6f-121fad226119	232
9973175a-dee8-48f9-8d6f-121fad226119	273
9973175a-dee8-48f9-8d6f-121fad226119	143
9973175a-dee8-48f9-8d6f-121fad226119	141
9973175a-dee8-48f9-8d6f-121fad226119	142
9973175a-dee8-48f9-8d6f-121fad226119	233
9973175a-dee8-48f9-8d6f-121fad226119	234
9973175a-dee8-48f9-8d6f-121fad226119	134
9973175a-dee8-48f9-8d6f-121fad226119	146
9973175a-dee8-48f9-8d6f-121fad226119	133
9973175a-dee8-48f9-8d6f-121fad226119	235
9973175a-dee8-48f9-8d6f-121fad226119	147
9973175a-dee8-48f9-8d6f-121fad226119	236
9973175a-dee8-48f9-8d6f-121fad226119	237
9973175a-dee8-48f9-8d6f-121fad226119	153
9973175a-dee8-48f9-8d6f-121fad226119	238
9973175a-dee8-48f9-8d6f-121fad226119	239
9973175a-dee8-48f9-8d6f-121fad226119	240
9973175a-dee8-48f9-8d6f-121fad226119	241
9973175a-dee8-48f9-8d6f-121fad226119	156
9973175a-dee8-48f9-8d6f-121fad226119	157
9973175a-dee8-48f9-8d6f-121fad226119	242
9973175a-dee8-48f9-8d6f-121fad226119	243
9973175a-dee8-48f9-8d6f-121fad226119	272
9973175a-dee8-48f9-8d6f-121fad226119	244
9973175a-dee8-48f9-8d6f-121fad226119	138
9973175a-dee8-48f9-8d6f-121fad226119	152
9973175a-dee8-48f9-8d6f-121fad226119	150
9973175a-dee8-48f9-8d6f-121fad226119	200
9973175a-dee8-48f9-8d6f-121fad226119	245
9973175a-dee8-48f9-8d6f-121fad226119	137
9973175a-dee8-48f9-8d6f-121fad226119	145
9973175a-dee8-48f9-8d6f-121fad226119	246
9973175a-dee8-48f9-8d6f-121fad226119	247
933b8a8c-a5ed-468b-80bd-a80aa3fa8c63	228
933b8a8c-a5ed-468b-80bd-a80aa3fa8c63	229
933b8a8c-a5ed-468b-80bd-a80aa3fa8c63	230
933b8a8c-a5ed-468b-80bd-a80aa3fa8c63	231
933b8a8c-a5ed-468b-80bd-a80aa3fa8c63	158
933b8a8c-a5ed-468b-80bd-a80aa3fa8c63	159
933b8a8c-a5ed-468b-80bd-a80aa3fa8c63	161
933b8a8c-a5ed-468b-80bd-a80aa3fa8c63	203
933b8a8c-a5ed-468b-80bd-a80aa3fa8c63	232
933b8a8c-a5ed-468b-80bd-a80aa3fa8c63	273
933b8a8c-a5ed-468b-80bd-a80aa3fa8c63	143
933b8a8c-a5ed-468b-80bd-a80aa3fa8c63	141
933b8a8c-a5ed-468b-80bd-a80aa3fa8c63	142
933b8a8c-a5ed-468b-80bd-a80aa3fa8c63	233
933b8a8c-a5ed-468b-80bd-a80aa3fa8c63	234
933b8a8c-a5ed-468b-80bd-a80aa3fa8c63	134
933b8a8c-a5ed-468b-80bd-a80aa3fa8c63	146
933b8a8c-a5ed-468b-80bd-a80aa3fa8c63	133
933b8a8c-a5ed-468b-80bd-a80aa3fa8c63	235
933b8a8c-a5ed-468b-80bd-a80aa3fa8c63	147
933b8a8c-a5ed-468b-80bd-a80aa3fa8c63	236
933b8a8c-a5ed-468b-80bd-a80aa3fa8c63	237
933b8a8c-a5ed-468b-80bd-a80aa3fa8c63	153
933b8a8c-a5ed-468b-80bd-a80aa3fa8c63	238
933b8a8c-a5ed-468b-80bd-a80aa3fa8c63	239
933b8a8c-a5ed-468b-80bd-a80aa3fa8c63	240
933b8a8c-a5ed-468b-80bd-a80aa3fa8c63	241
933b8a8c-a5ed-468b-80bd-a80aa3fa8c63	156
933b8a8c-a5ed-468b-80bd-a80aa3fa8c63	157
933b8a8c-a5ed-468b-80bd-a80aa3fa8c63	242
933b8a8c-a5ed-468b-80bd-a80aa3fa8c63	243
933b8a8c-a5ed-468b-80bd-a80aa3fa8c63	272
933b8a8c-a5ed-468b-80bd-a80aa3fa8c63	244
933b8a8c-a5ed-468b-80bd-a80aa3fa8c63	138
933b8a8c-a5ed-468b-80bd-a80aa3fa8c63	152
933b8a8c-a5ed-468b-80bd-a80aa3fa8c63	150
933b8a8c-a5ed-468b-80bd-a80aa3fa8c63	200
933b8a8c-a5ed-468b-80bd-a80aa3fa8c63	245
933b8a8c-a5ed-468b-80bd-a80aa3fa8c63	137
933b8a8c-a5ed-468b-80bd-a80aa3fa8c63	145
933b8a8c-a5ed-468b-80bd-a80aa3fa8c63	246
933b8a8c-a5ed-468b-80bd-a80aa3fa8c63	247
29c12eed-28c1-47a5-90b5-640ce17b8050	228
29c12eed-28c1-47a5-90b5-640ce17b8050	229
29c12eed-28c1-47a5-90b5-640ce17b8050	230
29c12eed-28c1-47a5-90b5-640ce17b8050	231
29c12eed-28c1-47a5-90b5-640ce17b8050	158
29c12eed-28c1-47a5-90b5-640ce17b8050	159
29c12eed-28c1-47a5-90b5-640ce17b8050	161
29c12eed-28c1-47a5-90b5-640ce17b8050	203
29c12eed-28c1-47a5-90b5-640ce17b8050	232
29c12eed-28c1-47a5-90b5-640ce17b8050	273
29c12eed-28c1-47a5-90b5-640ce17b8050	143
29c12eed-28c1-47a5-90b5-640ce17b8050	141
29c12eed-28c1-47a5-90b5-640ce17b8050	142
29c12eed-28c1-47a5-90b5-640ce17b8050	233
29c12eed-28c1-47a5-90b5-640ce17b8050	234
29c12eed-28c1-47a5-90b5-640ce17b8050	134
29c12eed-28c1-47a5-90b5-640ce17b8050	146
29c12eed-28c1-47a5-90b5-640ce17b8050	133
29c12eed-28c1-47a5-90b5-640ce17b8050	235
29c12eed-28c1-47a5-90b5-640ce17b8050	147
29c12eed-28c1-47a5-90b5-640ce17b8050	236
29c12eed-28c1-47a5-90b5-640ce17b8050	237
29c12eed-28c1-47a5-90b5-640ce17b8050	153
29c12eed-28c1-47a5-90b5-640ce17b8050	238
29c12eed-28c1-47a5-90b5-640ce17b8050	239
29c12eed-28c1-47a5-90b5-640ce17b8050	240
29c12eed-28c1-47a5-90b5-640ce17b8050	241
29c12eed-28c1-47a5-90b5-640ce17b8050	156
ca0ad495-8c2f-4d5a-9ed4-99cfaf801f3f	234
ca0ad495-8c2f-4d5a-9ed4-99cfaf801f3f	134
ca0ad495-8c2f-4d5a-9ed4-99cfaf801f3f	146
ca0ad495-8c2f-4d5a-9ed4-99cfaf801f3f	133
ca0ad495-8c2f-4d5a-9ed4-99cfaf801f3f	235
ca0ad495-8c2f-4d5a-9ed4-99cfaf801f3f	147
ca0ad495-8c2f-4d5a-9ed4-99cfaf801f3f	236
ca0ad495-8c2f-4d5a-9ed4-99cfaf801f3f	237
ca0ad495-8c2f-4d5a-9ed4-99cfaf801f3f	153
ca0ad495-8c2f-4d5a-9ed4-99cfaf801f3f	238
ca0ad495-8c2f-4d5a-9ed4-99cfaf801f3f	239
ca0ad495-8c2f-4d5a-9ed4-99cfaf801f3f	240
ca0ad495-8c2f-4d5a-9ed4-99cfaf801f3f	241
ca0ad495-8c2f-4d5a-9ed4-99cfaf801f3f	156
ca0ad495-8c2f-4d5a-9ed4-99cfaf801f3f	157
ca0ad495-8c2f-4d5a-9ed4-99cfaf801f3f	242
ca0ad495-8c2f-4d5a-9ed4-99cfaf801f3f	243
ca0ad495-8c2f-4d5a-9ed4-99cfaf801f3f	272
ca0ad495-8c2f-4d5a-9ed4-99cfaf801f3f	244
ca0ad495-8c2f-4d5a-9ed4-99cfaf801f3f	138
ca0ad495-8c2f-4d5a-9ed4-99cfaf801f3f	152
ca0ad495-8c2f-4d5a-9ed4-99cfaf801f3f	150
ca0ad495-8c2f-4d5a-9ed4-99cfaf801f3f	200
ca0ad495-8c2f-4d5a-9ed4-99cfaf801f3f	245
ca0ad495-8c2f-4d5a-9ed4-99cfaf801f3f	137
ca0ad495-8c2f-4d5a-9ed4-99cfaf801f3f	145
ca0ad495-8c2f-4d5a-9ed4-99cfaf801f3f	246
ca0ad495-8c2f-4d5a-9ed4-99cfaf801f3f	247
920fda48-7747-4d68-93a6-73d2de9689ec	228
920fda48-7747-4d68-93a6-73d2de9689ec	229
920fda48-7747-4d68-93a6-73d2de9689ec	230
920fda48-7747-4d68-93a6-73d2de9689ec	231
920fda48-7747-4d68-93a6-73d2de9689ec	158
920fda48-7747-4d68-93a6-73d2de9689ec	159
920fda48-7747-4d68-93a6-73d2de9689ec	161
920fda48-7747-4d68-93a6-73d2de9689ec	203
920fda48-7747-4d68-93a6-73d2de9689ec	232
920fda48-7747-4d68-93a6-73d2de9689ec	273
920fda48-7747-4d68-93a6-73d2de9689ec	143
920fda48-7747-4d68-93a6-73d2de9689ec	141
920fda48-7747-4d68-93a6-73d2de9689ec	142
920fda48-7747-4d68-93a6-73d2de9689ec	233
920fda48-7747-4d68-93a6-73d2de9689ec	234
920fda48-7747-4d68-93a6-73d2de9689ec	134
920fda48-7747-4d68-93a6-73d2de9689ec	146
920fda48-7747-4d68-93a6-73d2de9689ec	133
920fda48-7747-4d68-93a6-73d2de9689ec	235
920fda48-7747-4d68-93a6-73d2de9689ec	147
920fda48-7747-4d68-93a6-73d2de9689ec	236
920fda48-7747-4d68-93a6-73d2de9689ec	237
920fda48-7747-4d68-93a6-73d2de9689ec	153
920fda48-7747-4d68-93a6-73d2de9689ec	238
920fda48-7747-4d68-93a6-73d2de9689ec	239
920fda48-7747-4d68-93a6-73d2de9689ec	240
920fda48-7747-4d68-93a6-73d2de9689ec	241
920fda48-7747-4d68-93a6-73d2de9689ec	156
920fda48-7747-4d68-93a6-73d2de9689ec	157
920fda48-7747-4d68-93a6-73d2de9689ec	242
920fda48-7747-4d68-93a6-73d2de9689ec	243
920fda48-7747-4d68-93a6-73d2de9689ec	272
920fda48-7747-4d68-93a6-73d2de9689ec	244
920fda48-7747-4d68-93a6-73d2de9689ec	138
920fda48-7747-4d68-93a6-73d2de9689ec	152
920fda48-7747-4d68-93a6-73d2de9689ec	150
920fda48-7747-4d68-93a6-73d2de9689ec	200
920fda48-7747-4d68-93a6-73d2de9689ec	245
920fda48-7747-4d68-93a6-73d2de9689ec	137
920fda48-7747-4d68-93a6-73d2de9689ec	145
920fda48-7747-4d68-93a6-73d2de9689ec	246
920fda48-7747-4d68-93a6-73d2de9689ec	247
832ec585-ed77-4273-8c27-60a0f55b0c4a	228
832ec585-ed77-4273-8c27-60a0f55b0c4a	229
832ec585-ed77-4273-8c27-60a0f55b0c4a	230
832ec585-ed77-4273-8c27-60a0f55b0c4a	231
832ec585-ed77-4273-8c27-60a0f55b0c4a	158
832ec585-ed77-4273-8c27-60a0f55b0c4a	159
832ec585-ed77-4273-8c27-60a0f55b0c4a	161
832ec585-ed77-4273-8c27-60a0f55b0c4a	203
832ec585-ed77-4273-8c27-60a0f55b0c4a	232
832ec585-ed77-4273-8c27-60a0f55b0c4a	273
832ec585-ed77-4273-8c27-60a0f55b0c4a	143
832ec585-ed77-4273-8c27-60a0f55b0c4a	141
832ec585-ed77-4273-8c27-60a0f55b0c4a	142
832ec585-ed77-4273-8c27-60a0f55b0c4a	233
832ec585-ed77-4273-8c27-60a0f55b0c4a	234
832ec585-ed77-4273-8c27-60a0f55b0c4a	134
832ec585-ed77-4273-8c27-60a0f55b0c4a	146
832ec585-ed77-4273-8c27-60a0f55b0c4a	133
832ec585-ed77-4273-8c27-60a0f55b0c4a	235
832ec585-ed77-4273-8c27-60a0f55b0c4a	147
832ec585-ed77-4273-8c27-60a0f55b0c4a	236
832ec585-ed77-4273-8c27-60a0f55b0c4a	237
832ec585-ed77-4273-8c27-60a0f55b0c4a	153
832ec585-ed77-4273-8c27-60a0f55b0c4a	238
832ec585-ed77-4273-8c27-60a0f55b0c4a	239
832ec585-ed77-4273-8c27-60a0f55b0c4a	240
832ec585-ed77-4273-8c27-60a0f55b0c4a	241
832ec585-ed77-4273-8c27-60a0f55b0c4a	156
832ec585-ed77-4273-8c27-60a0f55b0c4a	157
832ec585-ed77-4273-8c27-60a0f55b0c4a	242
832ec585-ed77-4273-8c27-60a0f55b0c4a	243
832ec585-ed77-4273-8c27-60a0f55b0c4a	272
832ec585-ed77-4273-8c27-60a0f55b0c4a	244
832ec585-ed77-4273-8c27-60a0f55b0c4a	138
832ec585-ed77-4273-8c27-60a0f55b0c4a	152
832ec585-ed77-4273-8c27-60a0f55b0c4a	150
832ec585-ed77-4273-8c27-60a0f55b0c4a	200
832ec585-ed77-4273-8c27-60a0f55b0c4a	245
832ec585-ed77-4273-8c27-60a0f55b0c4a	137
832ec585-ed77-4273-8c27-60a0f55b0c4a	145
832ec585-ed77-4273-8c27-60a0f55b0c4a	246
832ec585-ed77-4273-8c27-60a0f55b0c4a	247
fffa8547-2d66-451f-9ea0-0a9c053d9172	228
fffa8547-2d66-451f-9ea0-0a9c053d9172	229
fffa8547-2d66-451f-9ea0-0a9c053d9172	230
fffa8547-2d66-451f-9ea0-0a9c053d9172	231
fffa8547-2d66-451f-9ea0-0a9c053d9172	158
fffa8547-2d66-451f-9ea0-0a9c053d9172	159
fffa8547-2d66-451f-9ea0-0a9c053d9172	161
fffa8547-2d66-451f-9ea0-0a9c053d9172	203
fffa8547-2d66-451f-9ea0-0a9c053d9172	232
fffa8547-2d66-451f-9ea0-0a9c053d9172	273
fffa8547-2d66-451f-9ea0-0a9c053d9172	143
fffa8547-2d66-451f-9ea0-0a9c053d9172	141
fffa8547-2d66-451f-9ea0-0a9c053d9172	142
fffa8547-2d66-451f-9ea0-0a9c053d9172	233
fffa8547-2d66-451f-9ea0-0a9c053d9172	234
fffa8547-2d66-451f-9ea0-0a9c053d9172	134
fffa8547-2d66-451f-9ea0-0a9c053d9172	146
fffa8547-2d66-451f-9ea0-0a9c053d9172	133
fffa8547-2d66-451f-9ea0-0a9c053d9172	235
fffa8547-2d66-451f-9ea0-0a9c053d9172	147
fffa8547-2d66-451f-9ea0-0a9c053d9172	236
fffa8547-2d66-451f-9ea0-0a9c053d9172	237
fffa8547-2d66-451f-9ea0-0a9c053d9172	153
fffa8547-2d66-451f-9ea0-0a9c053d9172	238
fffa8547-2d66-451f-9ea0-0a9c053d9172	239
fffa8547-2d66-451f-9ea0-0a9c053d9172	240
fffa8547-2d66-451f-9ea0-0a9c053d9172	241
fffa8547-2d66-451f-9ea0-0a9c053d9172	156
fffa8547-2d66-451f-9ea0-0a9c053d9172	157
fffa8547-2d66-451f-9ea0-0a9c053d9172	242
fffa8547-2d66-451f-9ea0-0a9c053d9172	243
fffa8547-2d66-451f-9ea0-0a9c053d9172	272
fffa8547-2d66-451f-9ea0-0a9c053d9172	244
fffa8547-2d66-451f-9ea0-0a9c053d9172	138
fffa8547-2d66-451f-9ea0-0a9c053d9172	152
fffa8547-2d66-451f-9ea0-0a9c053d9172	150
fffa8547-2d66-451f-9ea0-0a9c053d9172	200
fffa8547-2d66-451f-9ea0-0a9c053d9172	245
fffa8547-2d66-451f-9ea0-0a9c053d9172	137
fffa8547-2d66-451f-9ea0-0a9c053d9172	145
fffa8547-2d66-451f-9ea0-0a9c053d9172	246
fffa8547-2d66-451f-9ea0-0a9c053d9172	247
aea3d2d1-7b59-4341-b257-3081616c0ef5	228
aea3d2d1-7b59-4341-b257-3081616c0ef5	229
aea3d2d1-7b59-4341-b257-3081616c0ef5	230
29c12eed-28c1-47a5-90b5-640ce17b8050	157
29c12eed-28c1-47a5-90b5-640ce17b8050	242
29c12eed-28c1-47a5-90b5-640ce17b8050	243
29c12eed-28c1-47a5-90b5-640ce17b8050	272
29c12eed-28c1-47a5-90b5-640ce17b8050	244
29c12eed-28c1-47a5-90b5-640ce17b8050	138
29c12eed-28c1-47a5-90b5-640ce17b8050	152
29c12eed-28c1-47a5-90b5-640ce17b8050	150
29c12eed-28c1-47a5-90b5-640ce17b8050	200
29c12eed-28c1-47a5-90b5-640ce17b8050	245
29c12eed-28c1-47a5-90b5-640ce17b8050	137
29c12eed-28c1-47a5-90b5-640ce17b8050	145
29c12eed-28c1-47a5-90b5-640ce17b8050	246
29c12eed-28c1-47a5-90b5-640ce17b8050	247
4dfb3f1e-e888-48a0-8156-b4e99a0cf414	228
4dfb3f1e-e888-48a0-8156-b4e99a0cf414	229
4dfb3f1e-e888-48a0-8156-b4e99a0cf414	230
4dfb3f1e-e888-48a0-8156-b4e99a0cf414	231
4dfb3f1e-e888-48a0-8156-b4e99a0cf414	158
4dfb3f1e-e888-48a0-8156-b4e99a0cf414	159
4dfb3f1e-e888-48a0-8156-b4e99a0cf414	161
4dfb3f1e-e888-48a0-8156-b4e99a0cf414	203
4dfb3f1e-e888-48a0-8156-b4e99a0cf414	232
4dfb3f1e-e888-48a0-8156-b4e99a0cf414	273
4dfb3f1e-e888-48a0-8156-b4e99a0cf414	143
4dfb3f1e-e888-48a0-8156-b4e99a0cf414	141
4dfb3f1e-e888-48a0-8156-b4e99a0cf414	142
4dfb3f1e-e888-48a0-8156-b4e99a0cf414	233
4dfb3f1e-e888-48a0-8156-b4e99a0cf414	234
4dfb3f1e-e888-48a0-8156-b4e99a0cf414	134
4dfb3f1e-e888-48a0-8156-b4e99a0cf414	146
4dfb3f1e-e888-48a0-8156-b4e99a0cf414	133
4dfb3f1e-e888-48a0-8156-b4e99a0cf414	235
4dfb3f1e-e888-48a0-8156-b4e99a0cf414	147
4dfb3f1e-e888-48a0-8156-b4e99a0cf414	236
4dfb3f1e-e888-48a0-8156-b4e99a0cf414	237
4dfb3f1e-e888-48a0-8156-b4e99a0cf414	153
4dfb3f1e-e888-48a0-8156-b4e99a0cf414	238
4dfb3f1e-e888-48a0-8156-b4e99a0cf414	239
4dfb3f1e-e888-48a0-8156-b4e99a0cf414	240
4dfb3f1e-e888-48a0-8156-b4e99a0cf414	241
4dfb3f1e-e888-48a0-8156-b4e99a0cf414	156
4dfb3f1e-e888-48a0-8156-b4e99a0cf414	157
4dfb3f1e-e888-48a0-8156-b4e99a0cf414	242
4dfb3f1e-e888-48a0-8156-b4e99a0cf414	243
4dfb3f1e-e888-48a0-8156-b4e99a0cf414	272
4dfb3f1e-e888-48a0-8156-b4e99a0cf414	244
4dfb3f1e-e888-48a0-8156-b4e99a0cf414	138
4dfb3f1e-e888-48a0-8156-b4e99a0cf414	152
4dfb3f1e-e888-48a0-8156-b4e99a0cf414	150
4dfb3f1e-e888-48a0-8156-b4e99a0cf414	200
4dfb3f1e-e888-48a0-8156-b4e99a0cf414	245
4dfb3f1e-e888-48a0-8156-b4e99a0cf414	137
4dfb3f1e-e888-48a0-8156-b4e99a0cf414	145
4dfb3f1e-e888-48a0-8156-b4e99a0cf414	246
4dfb3f1e-e888-48a0-8156-b4e99a0cf414	247
1048c4d8-c124-4943-97a0-5a22cda8c73f	228
1048c4d8-c124-4943-97a0-5a22cda8c73f	229
1048c4d8-c124-4943-97a0-5a22cda8c73f	230
1048c4d8-c124-4943-97a0-5a22cda8c73f	231
1048c4d8-c124-4943-97a0-5a22cda8c73f	158
1048c4d8-c124-4943-97a0-5a22cda8c73f	159
1048c4d8-c124-4943-97a0-5a22cda8c73f	161
1048c4d8-c124-4943-97a0-5a22cda8c73f	203
1048c4d8-c124-4943-97a0-5a22cda8c73f	232
1048c4d8-c124-4943-97a0-5a22cda8c73f	273
1048c4d8-c124-4943-97a0-5a22cda8c73f	143
1048c4d8-c124-4943-97a0-5a22cda8c73f	141
1048c4d8-c124-4943-97a0-5a22cda8c73f	142
1048c4d8-c124-4943-97a0-5a22cda8c73f	233
1048c4d8-c124-4943-97a0-5a22cda8c73f	234
1048c4d8-c124-4943-97a0-5a22cda8c73f	134
1048c4d8-c124-4943-97a0-5a22cda8c73f	146
1048c4d8-c124-4943-97a0-5a22cda8c73f	133
1048c4d8-c124-4943-97a0-5a22cda8c73f	235
1048c4d8-c124-4943-97a0-5a22cda8c73f	147
1048c4d8-c124-4943-97a0-5a22cda8c73f	236
1048c4d8-c124-4943-97a0-5a22cda8c73f	237
1048c4d8-c124-4943-97a0-5a22cda8c73f	153
1048c4d8-c124-4943-97a0-5a22cda8c73f	238
1048c4d8-c124-4943-97a0-5a22cda8c73f	239
1048c4d8-c124-4943-97a0-5a22cda8c73f	240
1048c4d8-c124-4943-97a0-5a22cda8c73f	241
1048c4d8-c124-4943-97a0-5a22cda8c73f	156
1048c4d8-c124-4943-97a0-5a22cda8c73f	157
1048c4d8-c124-4943-97a0-5a22cda8c73f	242
1048c4d8-c124-4943-97a0-5a22cda8c73f	243
1048c4d8-c124-4943-97a0-5a22cda8c73f	272
1048c4d8-c124-4943-97a0-5a22cda8c73f	244
1048c4d8-c124-4943-97a0-5a22cda8c73f	138
1048c4d8-c124-4943-97a0-5a22cda8c73f	152
1048c4d8-c124-4943-97a0-5a22cda8c73f	150
1048c4d8-c124-4943-97a0-5a22cda8c73f	200
1048c4d8-c124-4943-97a0-5a22cda8c73f	245
1048c4d8-c124-4943-97a0-5a22cda8c73f	137
1048c4d8-c124-4943-97a0-5a22cda8c73f	145
1048c4d8-c124-4943-97a0-5a22cda8c73f	246
1048c4d8-c124-4943-97a0-5a22cda8c73f	247
1f08da0d-a646-4968-8945-f467ba208c24	228
1f08da0d-a646-4968-8945-f467ba208c24	229
1f08da0d-a646-4968-8945-f467ba208c24	230
1f08da0d-a646-4968-8945-f467ba208c24	231
1f08da0d-a646-4968-8945-f467ba208c24	158
1f08da0d-a646-4968-8945-f467ba208c24	159
1f08da0d-a646-4968-8945-f467ba208c24	161
1f08da0d-a646-4968-8945-f467ba208c24	203
1f08da0d-a646-4968-8945-f467ba208c24	232
1f08da0d-a646-4968-8945-f467ba208c24	273
1f08da0d-a646-4968-8945-f467ba208c24	143
1f08da0d-a646-4968-8945-f467ba208c24	141
1f08da0d-a646-4968-8945-f467ba208c24	142
1f08da0d-a646-4968-8945-f467ba208c24	233
1f08da0d-a646-4968-8945-f467ba208c24	234
1f08da0d-a646-4968-8945-f467ba208c24	134
1f08da0d-a646-4968-8945-f467ba208c24	146
1f08da0d-a646-4968-8945-f467ba208c24	133
1f08da0d-a646-4968-8945-f467ba208c24	235
1f08da0d-a646-4968-8945-f467ba208c24	147
1f08da0d-a646-4968-8945-f467ba208c24	236
1f08da0d-a646-4968-8945-f467ba208c24	237
1f08da0d-a646-4968-8945-f467ba208c24	153
1f08da0d-a646-4968-8945-f467ba208c24	238
1f08da0d-a646-4968-8945-f467ba208c24	239
1f08da0d-a646-4968-8945-f467ba208c24	240
1f08da0d-a646-4968-8945-f467ba208c24	241
1f08da0d-a646-4968-8945-f467ba208c24	156
1f08da0d-a646-4968-8945-f467ba208c24	157
1f08da0d-a646-4968-8945-f467ba208c24	242
1f08da0d-a646-4968-8945-f467ba208c24	243
1f08da0d-a646-4968-8945-f467ba208c24	272
1f08da0d-a646-4968-8945-f467ba208c24	244
1f08da0d-a646-4968-8945-f467ba208c24	138
1f08da0d-a646-4968-8945-f467ba208c24	152
1f08da0d-a646-4968-8945-f467ba208c24	150
1f08da0d-a646-4968-8945-f467ba208c24	200
1f08da0d-a646-4968-8945-f467ba208c24	245
1f08da0d-a646-4968-8945-f467ba208c24	137
1f08da0d-a646-4968-8945-f467ba208c24	145
1f08da0d-a646-4968-8945-f467ba208c24	246
1f08da0d-a646-4968-8945-f467ba208c24	247
af4f0299-45b2-409e-b990-eab1eed6f133	228
af4f0299-45b2-409e-b990-eab1eed6f133	229
af4f0299-45b2-409e-b990-eab1eed6f133	230
af4f0299-45b2-409e-b990-eab1eed6f133	231
af4f0299-45b2-409e-b990-eab1eed6f133	158
af4f0299-45b2-409e-b990-eab1eed6f133	159
af4f0299-45b2-409e-b990-eab1eed6f133	161
af4f0299-45b2-409e-b990-eab1eed6f133	203
af4f0299-45b2-409e-b990-eab1eed6f133	232
af4f0299-45b2-409e-b990-eab1eed6f133	273
af4f0299-45b2-409e-b990-eab1eed6f133	143
af4f0299-45b2-409e-b990-eab1eed6f133	141
af4f0299-45b2-409e-b990-eab1eed6f133	142
af4f0299-45b2-409e-b990-eab1eed6f133	233
af4f0299-45b2-409e-b990-eab1eed6f133	234
af4f0299-45b2-409e-b990-eab1eed6f133	134
af4f0299-45b2-409e-b990-eab1eed6f133	146
aea3d2d1-7b59-4341-b257-3081616c0ef5	231
aea3d2d1-7b59-4341-b257-3081616c0ef5	158
aea3d2d1-7b59-4341-b257-3081616c0ef5	159
aea3d2d1-7b59-4341-b257-3081616c0ef5	161
aea3d2d1-7b59-4341-b257-3081616c0ef5	203
aea3d2d1-7b59-4341-b257-3081616c0ef5	232
aea3d2d1-7b59-4341-b257-3081616c0ef5	273
aea3d2d1-7b59-4341-b257-3081616c0ef5	143
aea3d2d1-7b59-4341-b257-3081616c0ef5	141
aea3d2d1-7b59-4341-b257-3081616c0ef5	142
aea3d2d1-7b59-4341-b257-3081616c0ef5	233
aea3d2d1-7b59-4341-b257-3081616c0ef5	234
aea3d2d1-7b59-4341-b257-3081616c0ef5	134
aea3d2d1-7b59-4341-b257-3081616c0ef5	146
aea3d2d1-7b59-4341-b257-3081616c0ef5	133
aea3d2d1-7b59-4341-b257-3081616c0ef5	235
aea3d2d1-7b59-4341-b257-3081616c0ef5	147
aea3d2d1-7b59-4341-b257-3081616c0ef5	236
aea3d2d1-7b59-4341-b257-3081616c0ef5	237
aea3d2d1-7b59-4341-b257-3081616c0ef5	153
aea3d2d1-7b59-4341-b257-3081616c0ef5	238
aea3d2d1-7b59-4341-b257-3081616c0ef5	239
aea3d2d1-7b59-4341-b257-3081616c0ef5	240
aea3d2d1-7b59-4341-b257-3081616c0ef5	241
aea3d2d1-7b59-4341-b257-3081616c0ef5	156
aea3d2d1-7b59-4341-b257-3081616c0ef5	157
aea3d2d1-7b59-4341-b257-3081616c0ef5	242
aea3d2d1-7b59-4341-b257-3081616c0ef5	243
aea3d2d1-7b59-4341-b257-3081616c0ef5	272
aea3d2d1-7b59-4341-b257-3081616c0ef5	244
aea3d2d1-7b59-4341-b257-3081616c0ef5	138
aea3d2d1-7b59-4341-b257-3081616c0ef5	152
aea3d2d1-7b59-4341-b257-3081616c0ef5	150
aea3d2d1-7b59-4341-b257-3081616c0ef5	200
aea3d2d1-7b59-4341-b257-3081616c0ef5	245
aea3d2d1-7b59-4341-b257-3081616c0ef5	137
aea3d2d1-7b59-4341-b257-3081616c0ef5	145
aea3d2d1-7b59-4341-b257-3081616c0ef5	246
aea3d2d1-7b59-4341-b257-3081616c0ef5	247
fa1985c2-bf81-4a2b-98c7-a11efe89fc57	228
fa1985c2-bf81-4a2b-98c7-a11efe89fc57	229
fa1985c2-bf81-4a2b-98c7-a11efe89fc57	230
fa1985c2-bf81-4a2b-98c7-a11efe89fc57	231
fa1985c2-bf81-4a2b-98c7-a11efe89fc57	158
fa1985c2-bf81-4a2b-98c7-a11efe89fc57	159
fa1985c2-bf81-4a2b-98c7-a11efe89fc57	161
fa1985c2-bf81-4a2b-98c7-a11efe89fc57	203
fa1985c2-bf81-4a2b-98c7-a11efe89fc57	232
fa1985c2-bf81-4a2b-98c7-a11efe89fc57	273
fa1985c2-bf81-4a2b-98c7-a11efe89fc57	143
fa1985c2-bf81-4a2b-98c7-a11efe89fc57	141
fa1985c2-bf81-4a2b-98c7-a11efe89fc57	142
fa1985c2-bf81-4a2b-98c7-a11efe89fc57	233
fa1985c2-bf81-4a2b-98c7-a11efe89fc57	234
fa1985c2-bf81-4a2b-98c7-a11efe89fc57	134
fa1985c2-bf81-4a2b-98c7-a11efe89fc57	146
fa1985c2-bf81-4a2b-98c7-a11efe89fc57	133
fa1985c2-bf81-4a2b-98c7-a11efe89fc57	235
fa1985c2-bf81-4a2b-98c7-a11efe89fc57	147
fa1985c2-bf81-4a2b-98c7-a11efe89fc57	236
fa1985c2-bf81-4a2b-98c7-a11efe89fc57	237
fa1985c2-bf81-4a2b-98c7-a11efe89fc57	153
fa1985c2-bf81-4a2b-98c7-a11efe89fc57	238
fa1985c2-bf81-4a2b-98c7-a11efe89fc57	239
fa1985c2-bf81-4a2b-98c7-a11efe89fc57	240
fa1985c2-bf81-4a2b-98c7-a11efe89fc57	241
fa1985c2-bf81-4a2b-98c7-a11efe89fc57	156
fa1985c2-bf81-4a2b-98c7-a11efe89fc57	157
fa1985c2-bf81-4a2b-98c7-a11efe89fc57	242
fa1985c2-bf81-4a2b-98c7-a11efe89fc57	243
fa1985c2-bf81-4a2b-98c7-a11efe89fc57	272
fa1985c2-bf81-4a2b-98c7-a11efe89fc57	244
fa1985c2-bf81-4a2b-98c7-a11efe89fc57	138
fa1985c2-bf81-4a2b-98c7-a11efe89fc57	152
fa1985c2-bf81-4a2b-98c7-a11efe89fc57	150
fa1985c2-bf81-4a2b-98c7-a11efe89fc57	200
fa1985c2-bf81-4a2b-98c7-a11efe89fc57	245
fa1985c2-bf81-4a2b-98c7-a11efe89fc57	137
fa1985c2-bf81-4a2b-98c7-a11efe89fc57	145
fa1985c2-bf81-4a2b-98c7-a11efe89fc57	246
fa1985c2-bf81-4a2b-98c7-a11efe89fc57	247
a87b453a-7fbc-4bb0-9fa8-687e40277489	228
a87b453a-7fbc-4bb0-9fa8-687e40277489	229
a87b453a-7fbc-4bb0-9fa8-687e40277489	230
a87b453a-7fbc-4bb0-9fa8-687e40277489	231
a87b453a-7fbc-4bb0-9fa8-687e40277489	158
a87b453a-7fbc-4bb0-9fa8-687e40277489	159
a87b453a-7fbc-4bb0-9fa8-687e40277489	161
a87b453a-7fbc-4bb0-9fa8-687e40277489	203
a87b453a-7fbc-4bb0-9fa8-687e40277489	232
a87b453a-7fbc-4bb0-9fa8-687e40277489	273
a87b453a-7fbc-4bb0-9fa8-687e40277489	143
a87b453a-7fbc-4bb0-9fa8-687e40277489	141
a87b453a-7fbc-4bb0-9fa8-687e40277489	142
a87b453a-7fbc-4bb0-9fa8-687e40277489	233
a87b453a-7fbc-4bb0-9fa8-687e40277489	234
a87b453a-7fbc-4bb0-9fa8-687e40277489	134
a87b453a-7fbc-4bb0-9fa8-687e40277489	146
a87b453a-7fbc-4bb0-9fa8-687e40277489	133
a87b453a-7fbc-4bb0-9fa8-687e40277489	235
a87b453a-7fbc-4bb0-9fa8-687e40277489	147
a87b453a-7fbc-4bb0-9fa8-687e40277489	236
a87b453a-7fbc-4bb0-9fa8-687e40277489	237
a87b453a-7fbc-4bb0-9fa8-687e40277489	153
a87b453a-7fbc-4bb0-9fa8-687e40277489	238
a87b453a-7fbc-4bb0-9fa8-687e40277489	239
a87b453a-7fbc-4bb0-9fa8-687e40277489	240
a87b453a-7fbc-4bb0-9fa8-687e40277489	241
a87b453a-7fbc-4bb0-9fa8-687e40277489	156
a87b453a-7fbc-4bb0-9fa8-687e40277489	157
a87b453a-7fbc-4bb0-9fa8-687e40277489	242
a87b453a-7fbc-4bb0-9fa8-687e40277489	243
a87b453a-7fbc-4bb0-9fa8-687e40277489	272
a87b453a-7fbc-4bb0-9fa8-687e40277489	244
a87b453a-7fbc-4bb0-9fa8-687e40277489	138
a87b453a-7fbc-4bb0-9fa8-687e40277489	152
a87b453a-7fbc-4bb0-9fa8-687e40277489	150
a87b453a-7fbc-4bb0-9fa8-687e40277489	200
a87b453a-7fbc-4bb0-9fa8-687e40277489	245
a87b453a-7fbc-4bb0-9fa8-687e40277489	137
a87b453a-7fbc-4bb0-9fa8-687e40277489	145
a87b453a-7fbc-4bb0-9fa8-687e40277489	246
a87b453a-7fbc-4bb0-9fa8-687e40277489	247
ee4ae2bc-4208-42ba-b90c-9ad0569b0740	228
ee4ae2bc-4208-42ba-b90c-9ad0569b0740	229
ee4ae2bc-4208-42ba-b90c-9ad0569b0740	230
ee4ae2bc-4208-42ba-b90c-9ad0569b0740	231
ee4ae2bc-4208-42ba-b90c-9ad0569b0740	158
ee4ae2bc-4208-42ba-b90c-9ad0569b0740	159
ee4ae2bc-4208-42ba-b90c-9ad0569b0740	161
ee4ae2bc-4208-42ba-b90c-9ad0569b0740	203
ee4ae2bc-4208-42ba-b90c-9ad0569b0740	232
ee4ae2bc-4208-42ba-b90c-9ad0569b0740	273
ee4ae2bc-4208-42ba-b90c-9ad0569b0740	143
ee4ae2bc-4208-42ba-b90c-9ad0569b0740	141
ee4ae2bc-4208-42ba-b90c-9ad0569b0740	142
ee4ae2bc-4208-42ba-b90c-9ad0569b0740	233
ee4ae2bc-4208-42ba-b90c-9ad0569b0740	234
ee4ae2bc-4208-42ba-b90c-9ad0569b0740	134
ee4ae2bc-4208-42ba-b90c-9ad0569b0740	146
ee4ae2bc-4208-42ba-b90c-9ad0569b0740	133
ee4ae2bc-4208-42ba-b90c-9ad0569b0740	235
ee4ae2bc-4208-42ba-b90c-9ad0569b0740	147
ee4ae2bc-4208-42ba-b90c-9ad0569b0740	236
ee4ae2bc-4208-42ba-b90c-9ad0569b0740	237
ee4ae2bc-4208-42ba-b90c-9ad0569b0740	153
ee4ae2bc-4208-42ba-b90c-9ad0569b0740	238
ee4ae2bc-4208-42ba-b90c-9ad0569b0740	239
ee4ae2bc-4208-42ba-b90c-9ad0569b0740	240
ee4ae2bc-4208-42ba-b90c-9ad0569b0740	241
ee4ae2bc-4208-42ba-b90c-9ad0569b0740	156
ee4ae2bc-4208-42ba-b90c-9ad0569b0740	157
ee4ae2bc-4208-42ba-b90c-9ad0569b0740	242
ee4ae2bc-4208-42ba-b90c-9ad0569b0740	243
ee4ae2bc-4208-42ba-b90c-9ad0569b0740	272
ee4ae2bc-4208-42ba-b90c-9ad0569b0740	244
ee4ae2bc-4208-42ba-b90c-9ad0569b0740	138
ee4ae2bc-4208-42ba-b90c-9ad0569b0740	152
ee4ae2bc-4208-42ba-b90c-9ad0569b0740	150
ee4ae2bc-4208-42ba-b90c-9ad0569b0740	200
ee4ae2bc-4208-42ba-b90c-9ad0569b0740	245
ee4ae2bc-4208-42ba-b90c-9ad0569b0740	137
ee4ae2bc-4208-42ba-b90c-9ad0569b0740	145
ee4ae2bc-4208-42ba-b90c-9ad0569b0740	246
ee4ae2bc-4208-42ba-b90c-9ad0569b0740	247
b3098770-53ee-4ac3-8986-26e919a34bfc	228
b3098770-53ee-4ac3-8986-26e919a34bfc	229
b3098770-53ee-4ac3-8986-26e919a34bfc	230
b3098770-53ee-4ac3-8986-26e919a34bfc	231
b3098770-53ee-4ac3-8986-26e919a34bfc	158
b3098770-53ee-4ac3-8986-26e919a34bfc	159
b3098770-53ee-4ac3-8986-26e919a34bfc	161
b3098770-53ee-4ac3-8986-26e919a34bfc	203
b3098770-53ee-4ac3-8986-26e919a34bfc	232
b3098770-53ee-4ac3-8986-26e919a34bfc	273
b3098770-53ee-4ac3-8986-26e919a34bfc	143
b3098770-53ee-4ac3-8986-26e919a34bfc	141
b3098770-53ee-4ac3-8986-26e919a34bfc	142
b3098770-53ee-4ac3-8986-26e919a34bfc	233
b3098770-53ee-4ac3-8986-26e919a34bfc	234
b3098770-53ee-4ac3-8986-26e919a34bfc	134
b3098770-53ee-4ac3-8986-26e919a34bfc	146
b3098770-53ee-4ac3-8986-26e919a34bfc	133
b3098770-53ee-4ac3-8986-26e919a34bfc	235
b3098770-53ee-4ac3-8986-26e919a34bfc	147
b3098770-53ee-4ac3-8986-26e919a34bfc	236
b3098770-53ee-4ac3-8986-26e919a34bfc	237
b3098770-53ee-4ac3-8986-26e919a34bfc	153
b3098770-53ee-4ac3-8986-26e919a34bfc	238
b3098770-53ee-4ac3-8986-26e919a34bfc	239
b3098770-53ee-4ac3-8986-26e919a34bfc	240
b3098770-53ee-4ac3-8986-26e919a34bfc	241
b3098770-53ee-4ac3-8986-26e919a34bfc	156
b3098770-53ee-4ac3-8986-26e919a34bfc	157
b3098770-53ee-4ac3-8986-26e919a34bfc	242
b3098770-53ee-4ac3-8986-26e919a34bfc	243
b3098770-53ee-4ac3-8986-26e919a34bfc	272
b3098770-53ee-4ac3-8986-26e919a34bfc	244
b3098770-53ee-4ac3-8986-26e919a34bfc	138
b3098770-53ee-4ac3-8986-26e919a34bfc	152
b3098770-53ee-4ac3-8986-26e919a34bfc	150
b3098770-53ee-4ac3-8986-26e919a34bfc	200
b3098770-53ee-4ac3-8986-26e919a34bfc	245
b3098770-53ee-4ac3-8986-26e919a34bfc	137
b3098770-53ee-4ac3-8986-26e919a34bfc	145
b3098770-53ee-4ac3-8986-26e919a34bfc	246
b3098770-53ee-4ac3-8986-26e919a34bfc	247
2e29557e-0637-4e6d-8749-09d3560df326	228
2e29557e-0637-4e6d-8749-09d3560df326	229
2e29557e-0637-4e6d-8749-09d3560df326	230
2e29557e-0637-4e6d-8749-09d3560df326	231
2e29557e-0637-4e6d-8749-09d3560df326	158
2e29557e-0637-4e6d-8749-09d3560df326	159
2e29557e-0637-4e6d-8749-09d3560df326	161
2e29557e-0637-4e6d-8749-09d3560df326	203
2e29557e-0637-4e6d-8749-09d3560df326	232
2e29557e-0637-4e6d-8749-09d3560df326	273
2e29557e-0637-4e6d-8749-09d3560df326	143
2e29557e-0637-4e6d-8749-09d3560df326	141
2e29557e-0637-4e6d-8749-09d3560df326	142
2e29557e-0637-4e6d-8749-09d3560df326	233
2e29557e-0637-4e6d-8749-09d3560df326	234
2e29557e-0637-4e6d-8749-09d3560df326	134
2e29557e-0637-4e6d-8749-09d3560df326	146
2e29557e-0637-4e6d-8749-09d3560df326	133
2e29557e-0637-4e6d-8749-09d3560df326	235
2e29557e-0637-4e6d-8749-09d3560df326	147
2e29557e-0637-4e6d-8749-09d3560df326	236
2e29557e-0637-4e6d-8749-09d3560df326	237
2e29557e-0637-4e6d-8749-09d3560df326	153
2e29557e-0637-4e6d-8749-09d3560df326	238
2e29557e-0637-4e6d-8749-09d3560df326	239
2e29557e-0637-4e6d-8749-09d3560df326	240
2e29557e-0637-4e6d-8749-09d3560df326	241
2e29557e-0637-4e6d-8749-09d3560df326	156
2e29557e-0637-4e6d-8749-09d3560df326	157
2e29557e-0637-4e6d-8749-09d3560df326	242
2e29557e-0637-4e6d-8749-09d3560df326	243
2e29557e-0637-4e6d-8749-09d3560df326	272
2e29557e-0637-4e6d-8749-09d3560df326	244
2e29557e-0637-4e6d-8749-09d3560df326	138
2e29557e-0637-4e6d-8749-09d3560df326	152
2e29557e-0637-4e6d-8749-09d3560df326	150
2e29557e-0637-4e6d-8749-09d3560df326	200
2e29557e-0637-4e6d-8749-09d3560df326	245
2e29557e-0637-4e6d-8749-09d3560df326	137
2e29557e-0637-4e6d-8749-09d3560df326	145
2e29557e-0637-4e6d-8749-09d3560df326	246
2e29557e-0637-4e6d-8749-09d3560df326	247
d308bafc-77d2-49ad-81fb-35a075020c7e	228
d308bafc-77d2-49ad-81fb-35a075020c7e	229
d308bafc-77d2-49ad-81fb-35a075020c7e	230
d308bafc-77d2-49ad-81fb-35a075020c7e	231
d308bafc-77d2-49ad-81fb-35a075020c7e	158
d308bafc-77d2-49ad-81fb-35a075020c7e	159
d308bafc-77d2-49ad-81fb-35a075020c7e	161
d308bafc-77d2-49ad-81fb-35a075020c7e	203
d308bafc-77d2-49ad-81fb-35a075020c7e	232
d308bafc-77d2-49ad-81fb-35a075020c7e	273
d308bafc-77d2-49ad-81fb-35a075020c7e	143
d308bafc-77d2-49ad-81fb-35a075020c7e	141
d308bafc-77d2-49ad-81fb-35a075020c7e	142
d308bafc-77d2-49ad-81fb-35a075020c7e	233
d308bafc-77d2-49ad-81fb-35a075020c7e	234
d308bafc-77d2-49ad-81fb-35a075020c7e	134
d308bafc-77d2-49ad-81fb-35a075020c7e	146
d308bafc-77d2-49ad-81fb-35a075020c7e	133
d308bafc-77d2-49ad-81fb-35a075020c7e	235
d308bafc-77d2-49ad-81fb-35a075020c7e	147
d308bafc-77d2-49ad-81fb-35a075020c7e	236
d308bafc-77d2-49ad-81fb-35a075020c7e	237
d308bafc-77d2-49ad-81fb-35a075020c7e	153
d308bafc-77d2-49ad-81fb-35a075020c7e	238
d308bafc-77d2-49ad-81fb-35a075020c7e	239
d308bafc-77d2-49ad-81fb-35a075020c7e	240
d308bafc-77d2-49ad-81fb-35a075020c7e	241
d308bafc-77d2-49ad-81fb-35a075020c7e	156
d308bafc-77d2-49ad-81fb-35a075020c7e	157
d308bafc-77d2-49ad-81fb-35a075020c7e	242
d308bafc-77d2-49ad-81fb-35a075020c7e	243
d308bafc-77d2-49ad-81fb-35a075020c7e	272
d308bafc-77d2-49ad-81fb-35a075020c7e	244
d308bafc-77d2-49ad-81fb-35a075020c7e	138
d308bafc-77d2-49ad-81fb-35a075020c7e	152
d308bafc-77d2-49ad-81fb-35a075020c7e	150
d308bafc-77d2-49ad-81fb-35a075020c7e	200
d308bafc-77d2-49ad-81fb-35a075020c7e	245
d308bafc-77d2-49ad-81fb-35a075020c7e	137
d308bafc-77d2-49ad-81fb-35a075020c7e	145
d308bafc-77d2-49ad-81fb-35a075020c7e	246
d308bafc-77d2-49ad-81fb-35a075020c7e	247
a53fbca1-3866-4fb8-b0dc-ec4c65c4e23f	228
a53fbca1-3866-4fb8-b0dc-ec4c65c4e23f	229
a53fbca1-3866-4fb8-b0dc-ec4c65c4e23f	230
a53fbca1-3866-4fb8-b0dc-ec4c65c4e23f	231
a53fbca1-3866-4fb8-b0dc-ec4c65c4e23f	158
a53fbca1-3866-4fb8-b0dc-ec4c65c4e23f	159
a53fbca1-3866-4fb8-b0dc-ec4c65c4e23f	161
a53fbca1-3866-4fb8-b0dc-ec4c65c4e23f	203
a53fbca1-3866-4fb8-b0dc-ec4c65c4e23f	232
a53fbca1-3866-4fb8-b0dc-ec4c65c4e23f	273
a53fbca1-3866-4fb8-b0dc-ec4c65c4e23f	143
a53fbca1-3866-4fb8-b0dc-ec4c65c4e23f	141
a53fbca1-3866-4fb8-b0dc-ec4c65c4e23f	142
a53fbca1-3866-4fb8-b0dc-ec4c65c4e23f	233
a53fbca1-3866-4fb8-b0dc-ec4c65c4e23f	234
a53fbca1-3866-4fb8-b0dc-ec4c65c4e23f	134
a53fbca1-3866-4fb8-b0dc-ec4c65c4e23f	146
a53fbca1-3866-4fb8-b0dc-ec4c65c4e23f	133
a53fbca1-3866-4fb8-b0dc-ec4c65c4e23f	235
a53fbca1-3866-4fb8-b0dc-ec4c65c4e23f	147
a53fbca1-3866-4fb8-b0dc-ec4c65c4e23f	236
a53fbca1-3866-4fb8-b0dc-ec4c65c4e23f	237
a53fbca1-3866-4fb8-b0dc-ec4c65c4e23f	153
af4f0299-45b2-409e-b990-eab1eed6f133	133
af4f0299-45b2-409e-b990-eab1eed6f133	235
af4f0299-45b2-409e-b990-eab1eed6f133	147
af4f0299-45b2-409e-b990-eab1eed6f133	236
af4f0299-45b2-409e-b990-eab1eed6f133	237
af4f0299-45b2-409e-b990-eab1eed6f133	153
af4f0299-45b2-409e-b990-eab1eed6f133	238
af4f0299-45b2-409e-b990-eab1eed6f133	239
af4f0299-45b2-409e-b990-eab1eed6f133	240
af4f0299-45b2-409e-b990-eab1eed6f133	241
af4f0299-45b2-409e-b990-eab1eed6f133	156
af4f0299-45b2-409e-b990-eab1eed6f133	157
af4f0299-45b2-409e-b990-eab1eed6f133	242
af4f0299-45b2-409e-b990-eab1eed6f133	243
af4f0299-45b2-409e-b990-eab1eed6f133	272
af4f0299-45b2-409e-b990-eab1eed6f133	244
af4f0299-45b2-409e-b990-eab1eed6f133	138
af4f0299-45b2-409e-b990-eab1eed6f133	152
af4f0299-45b2-409e-b990-eab1eed6f133	150
af4f0299-45b2-409e-b990-eab1eed6f133	200
af4f0299-45b2-409e-b990-eab1eed6f133	245
af4f0299-45b2-409e-b990-eab1eed6f133	137
af4f0299-45b2-409e-b990-eab1eed6f133	145
af4f0299-45b2-409e-b990-eab1eed6f133	246
af4f0299-45b2-409e-b990-eab1eed6f133	247
16e0049f-501b-4d45-a8bc-b0a18c6c1563	228
16e0049f-501b-4d45-a8bc-b0a18c6c1563	229
16e0049f-501b-4d45-a8bc-b0a18c6c1563	230
16e0049f-501b-4d45-a8bc-b0a18c6c1563	231
16e0049f-501b-4d45-a8bc-b0a18c6c1563	158
16e0049f-501b-4d45-a8bc-b0a18c6c1563	159
16e0049f-501b-4d45-a8bc-b0a18c6c1563	161
16e0049f-501b-4d45-a8bc-b0a18c6c1563	203
16e0049f-501b-4d45-a8bc-b0a18c6c1563	232
16e0049f-501b-4d45-a8bc-b0a18c6c1563	273
16e0049f-501b-4d45-a8bc-b0a18c6c1563	143
16e0049f-501b-4d45-a8bc-b0a18c6c1563	141
16e0049f-501b-4d45-a8bc-b0a18c6c1563	142
16e0049f-501b-4d45-a8bc-b0a18c6c1563	233
16e0049f-501b-4d45-a8bc-b0a18c6c1563	234
16e0049f-501b-4d45-a8bc-b0a18c6c1563	134
16e0049f-501b-4d45-a8bc-b0a18c6c1563	146
16e0049f-501b-4d45-a8bc-b0a18c6c1563	133
16e0049f-501b-4d45-a8bc-b0a18c6c1563	235
16e0049f-501b-4d45-a8bc-b0a18c6c1563	147
16e0049f-501b-4d45-a8bc-b0a18c6c1563	236
16e0049f-501b-4d45-a8bc-b0a18c6c1563	237
16e0049f-501b-4d45-a8bc-b0a18c6c1563	153
16e0049f-501b-4d45-a8bc-b0a18c6c1563	238
16e0049f-501b-4d45-a8bc-b0a18c6c1563	239
16e0049f-501b-4d45-a8bc-b0a18c6c1563	240
16e0049f-501b-4d45-a8bc-b0a18c6c1563	241
16e0049f-501b-4d45-a8bc-b0a18c6c1563	156
16e0049f-501b-4d45-a8bc-b0a18c6c1563	157
16e0049f-501b-4d45-a8bc-b0a18c6c1563	242
16e0049f-501b-4d45-a8bc-b0a18c6c1563	243
16e0049f-501b-4d45-a8bc-b0a18c6c1563	272
16e0049f-501b-4d45-a8bc-b0a18c6c1563	244
16e0049f-501b-4d45-a8bc-b0a18c6c1563	138
16e0049f-501b-4d45-a8bc-b0a18c6c1563	152
16e0049f-501b-4d45-a8bc-b0a18c6c1563	150
16e0049f-501b-4d45-a8bc-b0a18c6c1563	200
16e0049f-501b-4d45-a8bc-b0a18c6c1563	245
16e0049f-501b-4d45-a8bc-b0a18c6c1563	137
16e0049f-501b-4d45-a8bc-b0a18c6c1563	145
16e0049f-501b-4d45-a8bc-b0a18c6c1563	246
16e0049f-501b-4d45-a8bc-b0a18c6c1563	247
9f3ba04b-7536-441c-b931-2233c49ab099	228
9f3ba04b-7536-441c-b931-2233c49ab099	229
9f3ba04b-7536-441c-b931-2233c49ab099	230
9f3ba04b-7536-441c-b931-2233c49ab099	231
9f3ba04b-7536-441c-b931-2233c49ab099	158
9f3ba04b-7536-441c-b931-2233c49ab099	159
9f3ba04b-7536-441c-b931-2233c49ab099	161
9f3ba04b-7536-441c-b931-2233c49ab099	203
9f3ba04b-7536-441c-b931-2233c49ab099	232
9f3ba04b-7536-441c-b931-2233c49ab099	273
9f3ba04b-7536-441c-b931-2233c49ab099	143
9f3ba04b-7536-441c-b931-2233c49ab099	141
9f3ba04b-7536-441c-b931-2233c49ab099	142
9f3ba04b-7536-441c-b931-2233c49ab099	233
9f3ba04b-7536-441c-b931-2233c49ab099	234
9f3ba04b-7536-441c-b931-2233c49ab099	134
9f3ba04b-7536-441c-b931-2233c49ab099	146
9f3ba04b-7536-441c-b931-2233c49ab099	133
9f3ba04b-7536-441c-b931-2233c49ab099	235
9f3ba04b-7536-441c-b931-2233c49ab099	147
9f3ba04b-7536-441c-b931-2233c49ab099	236
9f3ba04b-7536-441c-b931-2233c49ab099	237
9f3ba04b-7536-441c-b931-2233c49ab099	153
9f3ba04b-7536-441c-b931-2233c49ab099	238
9f3ba04b-7536-441c-b931-2233c49ab099	239
9f3ba04b-7536-441c-b931-2233c49ab099	240
9f3ba04b-7536-441c-b931-2233c49ab099	241
9f3ba04b-7536-441c-b931-2233c49ab099	156
9f3ba04b-7536-441c-b931-2233c49ab099	157
9f3ba04b-7536-441c-b931-2233c49ab099	242
9f3ba04b-7536-441c-b931-2233c49ab099	243
9f3ba04b-7536-441c-b931-2233c49ab099	272
9f3ba04b-7536-441c-b931-2233c49ab099	244
9f3ba04b-7536-441c-b931-2233c49ab099	138
9f3ba04b-7536-441c-b931-2233c49ab099	152
9f3ba04b-7536-441c-b931-2233c49ab099	150
9f3ba04b-7536-441c-b931-2233c49ab099	200
9f3ba04b-7536-441c-b931-2233c49ab099	245
9f3ba04b-7536-441c-b931-2233c49ab099	137
9f3ba04b-7536-441c-b931-2233c49ab099	145
9f3ba04b-7536-441c-b931-2233c49ab099	246
9f3ba04b-7536-441c-b931-2233c49ab099	247
3058bd07-b42b-4235-81f4-d95dbbad25b6	228
3058bd07-b42b-4235-81f4-d95dbbad25b6	229
3058bd07-b42b-4235-81f4-d95dbbad25b6	230
3058bd07-b42b-4235-81f4-d95dbbad25b6	231
3058bd07-b42b-4235-81f4-d95dbbad25b6	158
3058bd07-b42b-4235-81f4-d95dbbad25b6	159
3058bd07-b42b-4235-81f4-d95dbbad25b6	161
3058bd07-b42b-4235-81f4-d95dbbad25b6	203
3058bd07-b42b-4235-81f4-d95dbbad25b6	232
3058bd07-b42b-4235-81f4-d95dbbad25b6	273
3058bd07-b42b-4235-81f4-d95dbbad25b6	143
3058bd07-b42b-4235-81f4-d95dbbad25b6	141
3058bd07-b42b-4235-81f4-d95dbbad25b6	142
3058bd07-b42b-4235-81f4-d95dbbad25b6	233
3058bd07-b42b-4235-81f4-d95dbbad25b6	234
3058bd07-b42b-4235-81f4-d95dbbad25b6	134
3058bd07-b42b-4235-81f4-d95dbbad25b6	146
3058bd07-b42b-4235-81f4-d95dbbad25b6	133
3058bd07-b42b-4235-81f4-d95dbbad25b6	235
3058bd07-b42b-4235-81f4-d95dbbad25b6	147
3058bd07-b42b-4235-81f4-d95dbbad25b6	236
3058bd07-b42b-4235-81f4-d95dbbad25b6	237
3058bd07-b42b-4235-81f4-d95dbbad25b6	153
3058bd07-b42b-4235-81f4-d95dbbad25b6	238
3058bd07-b42b-4235-81f4-d95dbbad25b6	239
3058bd07-b42b-4235-81f4-d95dbbad25b6	240
3058bd07-b42b-4235-81f4-d95dbbad25b6	241
3058bd07-b42b-4235-81f4-d95dbbad25b6	156
3058bd07-b42b-4235-81f4-d95dbbad25b6	157
3058bd07-b42b-4235-81f4-d95dbbad25b6	242
3058bd07-b42b-4235-81f4-d95dbbad25b6	243
3058bd07-b42b-4235-81f4-d95dbbad25b6	272
3058bd07-b42b-4235-81f4-d95dbbad25b6	244
3058bd07-b42b-4235-81f4-d95dbbad25b6	138
3058bd07-b42b-4235-81f4-d95dbbad25b6	152
3058bd07-b42b-4235-81f4-d95dbbad25b6	150
3058bd07-b42b-4235-81f4-d95dbbad25b6	200
3058bd07-b42b-4235-81f4-d95dbbad25b6	245
3058bd07-b42b-4235-81f4-d95dbbad25b6	137
3058bd07-b42b-4235-81f4-d95dbbad25b6	145
3058bd07-b42b-4235-81f4-d95dbbad25b6	246
3058bd07-b42b-4235-81f4-d95dbbad25b6	247
2fb67ec0-34d4-469d-9e33-3024e91ccc0a	228
2fb67ec0-34d4-469d-9e33-3024e91ccc0a	229
2fb67ec0-34d4-469d-9e33-3024e91ccc0a	230
2fb67ec0-34d4-469d-9e33-3024e91ccc0a	231
2fb67ec0-34d4-469d-9e33-3024e91ccc0a	158
2fb67ec0-34d4-469d-9e33-3024e91ccc0a	159
a53fbca1-3866-4fb8-b0dc-ec4c65c4e23f	238
a53fbca1-3866-4fb8-b0dc-ec4c65c4e23f	239
a53fbca1-3866-4fb8-b0dc-ec4c65c4e23f	240
a53fbca1-3866-4fb8-b0dc-ec4c65c4e23f	241
a53fbca1-3866-4fb8-b0dc-ec4c65c4e23f	156
a53fbca1-3866-4fb8-b0dc-ec4c65c4e23f	157
a53fbca1-3866-4fb8-b0dc-ec4c65c4e23f	242
a53fbca1-3866-4fb8-b0dc-ec4c65c4e23f	243
a53fbca1-3866-4fb8-b0dc-ec4c65c4e23f	272
a53fbca1-3866-4fb8-b0dc-ec4c65c4e23f	244
a53fbca1-3866-4fb8-b0dc-ec4c65c4e23f	138
a53fbca1-3866-4fb8-b0dc-ec4c65c4e23f	152
a53fbca1-3866-4fb8-b0dc-ec4c65c4e23f	150
a53fbca1-3866-4fb8-b0dc-ec4c65c4e23f	200
a53fbca1-3866-4fb8-b0dc-ec4c65c4e23f	245
a53fbca1-3866-4fb8-b0dc-ec4c65c4e23f	137
a53fbca1-3866-4fb8-b0dc-ec4c65c4e23f	145
a53fbca1-3866-4fb8-b0dc-ec4c65c4e23f	246
a53fbca1-3866-4fb8-b0dc-ec4c65c4e23f	247
81531d3f-d101-49eb-bf66-2741e9d58d1a	228
81531d3f-d101-49eb-bf66-2741e9d58d1a	229
81531d3f-d101-49eb-bf66-2741e9d58d1a	230
81531d3f-d101-49eb-bf66-2741e9d58d1a	231
81531d3f-d101-49eb-bf66-2741e9d58d1a	158
81531d3f-d101-49eb-bf66-2741e9d58d1a	159
81531d3f-d101-49eb-bf66-2741e9d58d1a	161
81531d3f-d101-49eb-bf66-2741e9d58d1a	203
81531d3f-d101-49eb-bf66-2741e9d58d1a	232
81531d3f-d101-49eb-bf66-2741e9d58d1a	273
81531d3f-d101-49eb-bf66-2741e9d58d1a	143
81531d3f-d101-49eb-bf66-2741e9d58d1a	141
81531d3f-d101-49eb-bf66-2741e9d58d1a	142
81531d3f-d101-49eb-bf66-2741e9d58d1a	233
81531d3f-d101-49eb-bf66-2741e9d58d1a	234
81531d3f-d101-49eb-bf66-2741e9d58d1a	134
81531d3f-d101-49eb-bf66-2741e9d58d1a	146
81531d3f-d101-49eb-bf66-2741e9d58d1a	133
81531d3f-d101-49eb-bf66-2741e9d58d1a	235
81531d3f-d101-49eb-bf66-2741e9d58d1a	147
81531d3f-d101-49eb-bf66-2741e9d58d1a	236
81531d3f-d101-49eb-bf66-2741e9d58d1a	237
81531d3f-d101-49eb-bf66-2741e9d58d1a	153
81531d3f-d101-49eb-bf66-2741e9d58d1a	238
81531d3f-d101-49eb-bf66-2741e9d58d1a	239
81531d3f-d101-49eb-bf66-2741e9d58d1a	240
81531d3f-d101-49eb-bf66-2741e9d58d1a	241
81531d3f-d101-49eb-bf66-2741e9d58d1a	156
81531d3f-d101-49eb-bf66-2741e9d58d1a	157
81531d3f-d101-49eb-bf66-2741e9d58d1a	242
81531d3f-d101-49eb-bf66-2741e9d58d1a	243
81531d3f-d101-49eb-bf66-2741e9d58d1a	272
81531d3f-d101-49eb-bf66-2741e9d58d1a	244
81531d3f-d101-49eb-bf66-2741e9d58d1a	138
81531d3f-d101-49eb-bf66-2741e9d58d1a	152
81531d3f-d101-49eb-bf66-2741e9d58d1a	150
81531d3f-d101-49eb-bf66-2741e9d58d1a	200
81531d3f-d101-49eb-bf66-2741e9d58d1a	245
81531d3f-d101-49eb-bf66-2741e9d58d1a	137
81531d3f-d101-49eb-bf66-2741e9d58d1a	145
81531d3f-d101-49eb-bf66-2741e9d58d1a	246
81531d3f-d101-49eb-bf66-2741e9d58d1a	247
bf1057cd-64dd-42b9-95fb-d8748a9f062b	228
bf1057cd-64dd-42b9-95fb-d8748a9f062b	229
bf1057cd-64dd-42b9-95fb-d8748a9f062b	230
bf1057cd-64dd-42b9-95fb-d8748a9f062b	231
bf1057cd-64dd-42b9-95fb-d8748a9f062b	158
bf1057cd-64dd-42b9-95fb-d8748a9f062b	159
bf1057cd-64dd-42b9-95fb-d8748a9f062b	161
bf1057cd-64dd-42b9-95fb-d8748a9f062b	203
bf1057cd-64dd-42b9-95fb-d8748a9f062b	232
bf1057cd-64dd-42b9-95fb-d8748a9f062b	273
bf1057cd-64dd-42b9-95fb-d8748a9f062b	143
bf1057cd-64dd-42b9-95fb-d8748a9f062b	141
bf1057cd-64dd-42b9-95fb-d8748a9f062b	142
bf1057cd-64dd-42b9-95fb-d8748a9f062b	233
bf1057cd-64dd-42b9-95fb-d8748a9f062b	234
bf1057cd-64dd-42b9-95fb-d8748a9f062b	134
bf1057cd-64dd-42b9-95fb-d8748a9f062b	146
bf1057cd-64dd-42b9-95fb-d8748a9f062b	133
bf1057cd-64dd-42b9-95fb-d8748a9f062b	235
bf1057cd-64dd-42b9-95fb-d8748a9f062b	147
bf1057cd-64dd-42b9-95fb-d8748a9f062b	236
bf1057cd-64dd-42b9-95fb-d8748a9f062b	237
bf1057cd-64dd-42b9-95fb-d8748a9f062b	153
bf1057cd-64dd-42b9-95fb-d8748a9f062b	238
bf1057cd-64dd-42b9-95fb-d8748a9f062b	239
bf1057cd-64dd-42b9-95fb-d8748a9f062b	240
bf1057cd-64dd-42b9-95fb-d8748a9f062b	241
bf1057cd-64dd-42b9-95fb-d8748a9f062b	156
bf1057cd-64dd-42b9-95fb-d8748a9f062b	157
bf1057cd-64dd-42b9-95fb-d8748a9f062b	242
bf1057cd-64dd-42b9-95fb-d8748a9f062b	243
bf1057cd-64dd-42b9-95fb-d8748a9f062b	272
bf1057cd-64dd-42b9-95fb-d8748a9f062b	244
bf1057cd-64dd-42b9-95fb-d8748a9f062b	138
bf1057cd-64dd-42b9-95fb-d8748a9f062b	152
bf1057cd-64dd-42b9-95fb-d8748a9f062b	150
bf1057cd-64dd-42b9-95fb-d8748a9f062b	200
bf1057cd-64dd-42b9-95fb-d8748a9f062b	245
bf1057cd-64dd-42b9-95fb-d8748a9f062b	137
bf1057cd-64dd-42b9-95fb-d8748a9f062b	145
bf1057cd-64dd-42b9-95fb-d8748a9f062b	246
bf1057cd-64dd-42b9-95fb-d8748a9f062b	247
2fb67ec0-34d4-469d-9e33-3024e91ccc0a	161
2fb67ec0-34d4-469d-9e33-3024e91ccc0a	203
2fb67ec0-34d4-469d-9e33-3024e91ccc0a	232
2fb67ec0-34d4-469d-9e33-3024e91ccc0a	273
2fb67ec0-34d4-469d-9e33-3024e91ccc0a	143
2fb67ec0-34d4-469d-9e33-3024e91ccc0a	141
2fb67ec0-34d4-469d-9e33-3024e91ccc0a	142
2fb67ec0-34d4-469d-9e33-3024e91ccc0a	233
2fb67ec0-34d4-469d-9e33-3024e91ccc0a	234
2fb67ec0-34d4-469d-9e33-3024e91ccc0a	134
2fb67ec0-34d4-469d-9e33-3024e91ccc0a	146
2fb67ec0-34d4-469d-9e33-3024e91ccc0a	133
2fb67ec0-34d4-469d-9e33-3024e91ccc0a	235
2fb67ec0-34d4-469d-9e33-3024e91ccc0a	147
2fb67ec0-34d4-469d-9e33-3024e91ccc0a	236
2fb67ec0-34d4-469d-9e33-3024e91ccc0a	237
2fb67ec0-34d4-469d-9e33-3024e91ccc0a	153
2fb67ec0-34d4-469d-9e33-3024e91ccc0a	238
2fb67ec0-34d4-469d-9e33-3024e91ccc0a	239
2fb67ec0-34d4-469d-9e33-3024e91ccc0a	240
2fb67ec0-34d4-469d-9e33-3024e91ccc0a	241
2fb67ec0-34d4-469d-9e33-3024e91ccc0a	156
2fb67ec0-34d4-469d-9e33-3024e91ccc0a	157
2fb67ec0-34d4-469d-9e33-3024e91ccc0a	242
2fb67ec0-34d4-469d-9e33-3024e91ccc0a	243
2fb67ec0-34d4-469d-9e33-3024e91ccc0a	272
2fb67ec0-34d4-469d-9e33-3024e91ccc0a	244
2fb67ec0-34d4-469d-9e33-3024e91ccc0a	138
2fb67ec0-34d4-469d-9e33-3024e91ccc0a	152
2fb67ec0-34d4-469d-9e33-3024e91ccc0a	150
2fb67ec0-34d4-469d-9e33-3024e91ccc0a	200
2fb67ec0-34d4-469d-9e33-3024e91ccc0a	245
2fb67ec0-34d4-469d-9e33-3024e91ccc0a	137
2fb67ec0-34d4-469d-9e33-3024e91ccc0a	145
2fb67ec0-34d4-469d-9e33-3024e91ccc0a	246
2fb67ec0-34d4-469d-9e33-3024e91ccc0a	247
055730c6-95e9-4236-b141-98601559e98e	228
055730c6-95e9-4236-b141-98601559e98e	229
055730c6-95e9-4236-b141-98601559e98e	230
055730c6-95e9-4236-b141-98601559e98e	231
055730c6-95e9-4236-b141-98601559e98e	158
055730c6-95e9-4236-b141-98601559e98e	159
055730c6-95e9-4236-b141-98601559e98e	161
055730c6-95e9-4236-b141-98601559e98e	203
055730c6-95e9-4236-b141-98601559e98e	232
055730c6-95e9-4236-b141-98601559e98e	273
055730c6-95e9-4236-b141-98601559e98e	143
055730c6-95e9-4236-b141-98601559e98e	141
055730c6-95e9-4236-b141-98601559e98e	142
055730c6-95e9-4236-b141-98601559e98e	233
055730c6-95e9-4236-b141-98601559e98e	234
055730c6-95e9-4236-b141-98601559e98e	134
055730c6-95e9-4236-b141-98601559e98e	146
055730c6-95e9-4236-b141-98601559e98e	133
055730c6-95e9-4236-b141-98601559e98e	235
055730c6-95e9-4236-b141-98601559e98e	147
055730c6-95e9-4236-b141-98601559e98e	236
055730c6-95e9-4236-b141-98601559e98e	237
055730c6-95e9-4236-b141-98601559e98e	153
055730c6-95e9-4236-b141-98601559e98e	238
055730c6-95e9-4236-b141-98601559e98e	239
055730c6-95e9-4236-b141-98601559e98e	240
055730c6-95e9-4236-b141-98601559e98e	241
055730c6-95e9-4236-b141-98601559e98e	156
055730c6-95e9-4236-b141-98601559e98e	157
055730c6-95e9-4236-b141-98601559e98e	242
055730c6-95e9-4236-b141-98601559e98e	243
055730c6-95e9-4236-b141-98601559e98e	272
055730c6-95e9-4236-b141-98601559e98e	244
055730c6-95e9-4236-b141-98601559e98e	138
055730c6-95e9-4236-b141-98601559e98e	152
055730c6-95e9-4236-b141-98601559e98e	150
055730c6-95e9-4236-b141-98601559e98e	200
055730c6-95e9-4236-b141-98601559e98e	245
055730c6-95e9-4236-b141-98601559e98e	137
055730c6-95e9-4236-b141-98601559e98e	145
055730c6-95e9-4236-b141-98601559e98e	246
055730c6-95e9-4236-b141-98601559e98e	247
7de227a4-cca2-434e-b243-6ccfbf812250	228
7de227a4-cca2-434e-b243-6ccfbf812250	229
7de227a4-cca2-434e-b243-6ccfbf812250	230
7de227a4-cca2-434e-b243-6ccfbf812250	231
7de227a4-cca2-434e-b243-6ccfbf812250	158
7de227a4-cca2-434e-b243-6ccfbf812250	159
7de227a4-cca2-434e-b243-6ccfbf812250	161
7de227a4-cca2-434e-b243-6ccfbf812250	203
7de227a4-cca2-434e-b243-6ccfbf812250	232
7de227a4-cca2-434e-b243-6ccfbf812250	273
7de227a4-cca2-434e-b243-6ccfbf812250	143
7de227a4-cca2-434e-b243-6ccfbf812250	141
7de227a4-cca2-434e-b243-6ccfbf812250	142
7de227a4-cca2-434e-b243-6ccfbf812250	233
7de227a4-cca2-434e-b243-6ccfbf812250	234
7de227a4-cca2-434e-b243-6ccfbf812250	134
7de227a4-cca2-434e-b243-6ccfbf812250	146
7de227a4-cca2-434e-b243-6ccfbf812250	133
7de227a4-cca2-434e-b243-6ccfbf812250	235
7de227a4-cca2-434e-b243-6ccfbf812250	147
7de227a4-cca2-434e-b243-6ccfbf812250	236
7de227a4-cca2-434e-b243-6ccfbf812250	237
7de227a4-cca2-434e-b243-6ccfbf812250	153
7de227a4-cca2-434e-b243-6ccfbf812250	238
7de227a4-cca2-434e-b243-6ccfbf812250	239
7de227a4-cca2-434e-b243-6ccfbf812250	240
7de227a4-cca2-434e-b243-6ccfbf812250	241
7de227a4-cca2-434e-b243-6ccfbf812250	156
7de227a4-cca2-434e-b243-6ccfbf812250	157
7de227a4-cca2-434e-b243-6ccfbf812250	242
7de227a4-cca2-434e-b243-6ccfbf812250	243
7de227a4-cca2-434e-b243-6ccfbf812250	272
7de227a4-cca2-434e-b243-6ccfbf812250	244
7de227a4-cca2-434e-b243-6ccfbf812250	138
7de227a4-cca2-434e-b243-6ccfbf812250	152
7de227a4-cca2-434e-b243-6ccfbf812250	150
7de227a4-cca2-434e-b243-6ccfbf812250	200
7de227a4-cca2-434e-b243-6ccfbf812250	245
7de227a4-cca2-434e-b243-6ccfbf812250	137
7de227a4-cca2-434e-b243-6ccfbf812250	145
7de227a4-cca2-434e-b243-6ccfbf812250	246
7de227a4-cca2-434e-b243-6ccfbf812250	247
\.


--
-- Data for Name: volunteers; Type: TABLE DATA; Schema: public; Owner: malob
--

COPY public.volunteers (id, first_name, last_name, email, address, phone_number, volunteer_type) FROM stdin;
d4575e05-4ecc-4622-acab-eae2d08229e0	Bastien	Garcia	garciabastien1998@gmail.com	6 rue du capitaine de vaisseau pierre renon 29200 brest	0668259208	Specialise
d254140e-a0d6-4f06-878c-297d33686dba	Anne	Perrot	anneledantec29@gmail.com	7 residence du chateau d'eau 2970 landeda	0786328409	Specialise
d0779109-fb14-4088-b083-fd8beece50ba	Gwenael	Mahe	gwenaelmahe24@gmail.com	2 residence du chateau d eau 29870 landeda	0664512999	Specialise
66818bf8-46a4-43a1-b81e-6b1c28f0d967	Paule	Kerouanton	pauleker@yahoo.fr	13 rue victor hugo	0685170846	Specialise
4051331f-0326-4f70-824d-90a9564ad6f4	Caroline	Mahe	caromiwen@gmail.com	2 residence du chateau d'eau	0651006134	Specialise
5547be7c-7bb6-4d17-8486-a5083725899a	Jacqueline	Calvez	j.calvez@wanadoo.fr	2 mezglaz	689808388	Normal
80f471c4-4565-4bc5-9642-9e750da09e45	Perrine	Larvol-Simon	perrine@larvol-simon.fr	8 allee edith piaf 29000 quimper	0609935444	Specialise
f3c15667-5a3c-4c0b-973b-7cb3cc2cc488	Christophe	Mahe	christophe_mahe_9@hotmail.com	12 rue de kerzavid 29217 plougonvelin	0661445626	Specialise
a6c0b839-a2a4-4d6f-a0a0-2d786f78bb34	Enora	Jolivet	enora.jolivet@gmail.com	12 rue de kerzavid 29217 plougonvelin	0688742084	Specialise
9d32d9d1-455e-4b38-ba62-7e3243b78f17	Ninon	Ferrec	frc.ninon@gmail.com	29850	0728609823	Normal
70279a60-2d9a-42c1-a9a9-a2d86217a498	Thomas	Bail	thomas.bail009@gmail.com	11 rue louis pasteur	0674853144	Normal
6f9c7c80-c9a3-4082-9b17-82e2233a475f	Youn	Brigaudeau	youn.brigaudeau@laposte.net	227 rue augustin morvan 29860 plouvien	0670347094	Normal
5ce76e0c-1d5f-464e-b847-3bd48381d71f	Claire	Peron	claireperon.cp@gmail.com	18 lotissement du coadic loperhet 29470	0783775157	Normal
15dbd79c-ba12-4cf3-83e3-8d5920412e1c	Damien	Jaupitre	damino076@yahoo.fr	139 kroaz ar barz	637372522	Normal
326fb5de-9f01-4a15-8b7a-cbac9b5af646	Kimberley	Charles	charles.kimberley00@gmail.com	centre ville brest	0783691218	Normal
e8cf0e39-ccff-43cd-b043-2c6589597a5b	Lola	Resmond	lola.resmond@proton.me	24 bis route de hanvec 29460 irvillac	0638931853	Normal
36f8ae71-2cd5-436a-8afe-38db598ebcea	Chloe	Ancedy	chloeanc29@gmail.com	29870	0660317272	Normal
ac339438-9af6-490c-8d7b-d5269b8e9a80	Stefen	Guibon	stefengb29@gmail.com	25 rue du rempart 29200 brest	0761882576	Normal
ce21d422-f598-40ae-9415-eebc883d04c5	Enora	Le Henaff	enorallh@gmail.com	7 rue abbe francois lainez 29830 plourin	0783224848	Normal
1984e74b-c2d4-4484-bc51-6f356196c6a5	Jerome	Follet	jayjaybzh@gmail.com	200 ar vourch 29870 landeda	0630563144	Normal
8363e94a-cca8-423b-8e3d-eee6c29267d2	Florie	Chauvin	florie.chauvin@laposte.net	20 bis rue vauban, 29200 brest	0624346651	Normal
3fc97e65-a5fd-4861-bfd9-6ae84e6f3eca	Edith	Folet	diditpz@hotmail.fr	29870	0681613347	Normal
3825a543-5565-4e2e-ba48-c6d7458bcc9b	Francoise	Le Goff	francoise.morgane@orange.frf	163 kerhuelgwenn 29870 landeda	0699657430	Normal
71490619-8a64-44ed-bba8-561deea7ac2b	Oceane	Grignou	grignouoceane72@gmail.com	29260	0783740842	Normal
c9fd7964-f528-4ad9-b23b-b070342d758d	Ines	Bonnafous	bonnafousines2602@gmail.comb	14 rue de cherbourg 29200 brest	0688337093	Normal
835bdbed-3e51-4b9e-8032-63f09d5ab6fd	Solene	Tygreat	solene.tygreat@gmail.com	29490	0616171991	Normal
c4b6dbdc-ac72-4810-9983-19fbc2e47940	Gael	Hamon	gwezheneg.hamon@laposte.net	6 rue du pourquoi pas	0637867816	Normal
265ca397-57cd-4b6a-bdc2-c9d1fdb9cf64	Rachel	Bodenes	anmaga29@gmail.com	1 residence du chateau d’eau	068663528	Normal
4d248b66-5c76-420a-962b-8cc006523841	Renaud	Fave	renaud.fave@gmail.com	13 rue victor hugo	0649609276	Normal
bb8afc2d-0496-46ba-a1e7-dba4e5a9ea8c	Emma	Kerdraon	kerdraonemma@gmail.com	kernogant milizac 29290	+33677755242	Normal
5445e157-ed64-42c6-a895-565dc15e2e18	Mathurin	Sans	mathsans56@gmail.com	29200	0768159655	Normal
8a998274-024b-40a9-b085-b100c2bbb382	Cathy	Coustance	coustance.family@free.fr	734 ar mean, landeda	0681363092	Normal
0e4af916-f76c-4644-8392-2de9d1b38c3a	Katia	Gouzien	gouzienkatia@hotmail.com	117 kroaz ar person	0659311166	Normal
dac307d1-d4db-486c-a963-1c6398c2d4b7	Ronan	Gouzien	lesabers@cegetel.net	117 kroaz ar person 29870 landeda	0650610134	Normal
17c83471-d523-425a-a475-8170ea0e79f0	Florence	Daigneau	florence.daigneau@orange.fr	36 mezglaz	671459402	Specialise
3e1ec40b-66ee-4810-bc1a-0f2df0a65a2d	Noemi	Uboldi	noemicharlotteuboldi@gmail.com	via trento 14, fino mornasco, como, it	+393425306222	Normal
72d7ed17-619d-4302-acbb-29cc4c892b58	Lucie	Deck	deck.lucie@gmail.com	kerveguen 29242 ouessant	0669110679	Normal
ec756f44-3425-49e2-8e96-027fbf2507d8	Alexei	Ragueneau	alexeiragueneau29@gmail.com	rue de lesminily 29217 plougonvelin	+33 7 88 58 04 39	Normal
c78d7f1c-ffe9-4865-9acc-fe50c08b3331	Maelys	Estanez	maelys1509@gmail.com	13 rue louis pasteur	0788356506	Normal
c051f965-abeb-49be-a300-e348bf44be6c	Anne	Dilis	annedilis29@gmail.com	90 lotissement du phare 29880 plouguerneau	0630411731	Normal
6cb3bcf3-fe17-406c-9dde-cfb169dc45ae	Anthony	Voisin	anthonyvoisin@orange.fr	43 rue pierre loti	0678716862	Specialise
0082cc92-b417-49d8-8e43-2fdef69ae3f5	Frederig	Le Deun	frederigtyroom@gmail.com	atelier ty room 220 ar palud landeda	0662275156	Specialise
e8174c00-a2ed-47ff-ae4e-62b962ee9537	Marie	Folley	marie.folley2@gmail.com	176 kerenog 29870 landeda	0652848315	Specialise
6d9083cc-c2b5-4687-ba8e-4609c199f192	Ivan	Salaun	ivansalaun@gmail.com	10 rue amiral linois	0788879969	Normal
d8db24e6-2622-4714-be56-44eed17c786c	Theo	Guyader	theo.guyader29@gmail.com	10 rue amiral linois	0781072620	Normal
61da6c23-2dfd-4f2e-b97d-4b4af7cae0de	Odile	Le Goff-Moreau	odilemoreau9@gmail.com	18 rue amiral bouvet 56100 lorient	686127296	Normal
33b5b92c-92dc-4359-94b2-ec5fc07c70ff	Pierre	Prigent	pierre.prigent3529@gmail.com	6 rue de nice	0646011121	Normal
8ab88ab3-6d04-4dc0-8d66-638f395a42c9	Antoine	Chapalain	antoine.chapalain29170@gmail.com	2 rue yves talarmain 29830 ploudalmezeau	0648970794	Normal
f161c6ac-4920-48c5-8402-41f2ccbc6cc6	Estelle	Heurlin	estelle.heurlin@orange.fr	7 rue max fauchon brest	645002805	Normal
88a553e3-f99b-4dd0-bc37-c558a7cde567	Stefan	Blond	stefan.blond06@gmail.com	7 rue du docteur bouquet brest	670000000	Normal
43730a32-df50-4c55-a343-b1b60c8d49cf	Erwann	Bebin Le Torc'H	erwann.beto@gmail.com	10 rue des ormes, redon 35600	667423717	Normal
caca5b41-6c1c-4f19-879a-16d4c7a56419	Gregory	Moreau	gmoreau.callo@gmail.com	3 rue lieutenant de vaisseau paris 29200 brest	0780406803	Normal
0b0b6504-424a-421c-adc0-c5f636f8a3cd	Gwennaig	Goasduff	gwennaig.goasduff@laposte.net	311 kroaz ar barz	0604031653	Specialise
1808a0f6-c64d-481e-8428-be945015699d	Vautier	Vautier	mvautierlmm@gmail.com	160 ti korn	0759596662	Normal
283f04fa-116f-44f9-8c81-ed650fa68509	Mailys	Roux	mailysroux01@gmail.com	10 rue ducouedic 29200 brest	0611607266	Normal
a0fc41ae-98d8-496d-9bc0-d4ac1f86881a	Sofi	Le Guen	soflarouge@orange.fr	442 lieu-dit mezedern 29870 landeda	0664802466	Normal
4a6bc7d4-89ef-4e72-87c2-5a3146263275	Pacome	Lambert	pacomelambert@hotmail.com	29880	0679661407	Normal
1dc355fb-061b-4481-8041-9a32052b5b63	Maina	Quezede	maina.quezede@wanadoo.fr	4 kervern ker saint plabennec	0786159102	Specialise
a4261639-35c4-4db4-92e4-2647cda746fb	Claudie	Kerdraon	claudie.kerdraon@gmail.com	151 stread glaz 29870 landeda	0698598552	Normal
7b8e6116-d50a-426c-91eb-fa4b8604e367	Marie	Prigent	marieprigent260211@gmail.com	10 lohoden 29870 landeda	0782795928	Normal
6f81c8be-aedb-4c63-89e9-786154e903e2	Julien	Gouge	julien.gouge29@gmail.com	40 rue de paris, 29200 brest, france	0781190377	Specialise
d8d1916e-a10e-4920-9ad7-f42eac2ae5cd	Yann	Dupuy	yann.dupuy@outlook.fr	16 rue jeff le penven	0673497446	Specialise
36adf1af-132c-4f0f-865f-0f344b3ecdc8	Elea	Dheilly	elea.dheilly@gmail.com	60 rue george lacroix brest	0610382887	Normal
48ab26e5-624d-4023-a9d0-8216a92decb7	Yann	Le Masson	yann.lemasson33@gmail.com	11 rue herri leon, 29200 brest	0608541722	Normal
a223b7de-10b8-4041-a720-673719707d0f	Eva	Martin	evaaa.martin@gmail.com	19 rue dante alighieri	0647875155	Normal
ab651062-15e8-43b8-828d-43c302f8143a	Emma	Tavernier	emma.tavernier29@icloud.com	29800	0783852045	Normal
81ae2994-a2b7-4e85-8a6d-2c1afc2c2b88	Marie-Annick	Treguer	ma-na-ma@hotmail.fr	289 kervenni landeda	676718994	Normal
bacab641-1d61-4af5-b745-88551e77db4f	Soukaina	Boughaba	skna.boughaba@gmail.com	299 rue garibaldi 69007 lyon	781709714	Normal
335901ca-4d38-4843-b47a-882561375587	Pierre	Chauveau	chauveaupierre.p@gmail.com	1 rue du chateau d'eau crozon 29160	0678738222	Normal
482eaa00-c3a3-4495-8986-201a91b06d97	Luc	Chacun	arlette.chacun@laposte.net	22 keriounan 29870 treglonou	663523976	Specialise
ababac3e-c916-42dc-abe5-cc77d32e7e8b	Gyda	Fenn-Moltu	gyda.fenn-moltu@proton.me	60 rue georges lacroix	0745062527	Normal
599ca2ab-3b3b-4987-9fff-acf2524c6ef5	Caitlin	Keller	caitlin.keller99@gmail.com	51 bis rue dupont des loges	0769185672	Normal
6333cd81-bb4b-4614-a95a-25835350ae92	Marvyn	Moulin	moulinmarvyn@gmail.com	29 rue du docteur morvan	0766254725	Normal
94ffee7a-e0c2-45df-b994-3c5bdd4735fa	Christine	Bodenes	bodenes-pinatel@wanadoo.fr	80 keravel broennou 29870 landeda	0651442460	Normal
eedc3edf-d92e-426b-81a8-6cd7a9f75684	Carla	Falhun	carla.falhun@gmail.com	14 rue du petit paris saint renan	0782499064	Normal
ed4780bd-158b-4ec9-91be-b6fff5e86476	Rebecca	Bellec	rebeccabellec@gmail.com	131 le diouris 29880 plouguerneau	0661070761	Specialise
66645e61-0274-4989-bd88-67f2a7a56e9b	Antoine	Durieux	antoine.drx.durieux@gmail.com	19 rue duguay trouin	0666831944	Normal
94a72321-f300-46ce-a9b7-faab6509bbaa	Gregory	Thoreux	gregy.974@gmail.com	69 avenue de la choliere	0768629808	Normal
91ad9822-5df3-4a8c-b91b-04eacad80f2e	Juliette	Haumont	juliette.haumont@hotmail.fr	8 boulevard commandant mouchotte, 29200 brest	0769876895	Specialise
10907519-66f3-463b-8576-7836c4ed279b	Christelle	Lerouge	clerouge4@gmail.com	80 rue mezedern	0676964527	Normal
f7c43a34-76a9-4ec1-be7b-8ae96fd1e624	Clara	Debuissons	debuissons.clara@gmail.com	8 allee aline landais 35000 rennes	0699334670	Normal
2c322bdc-2140-403a-b3bb-dd3e34f233ae	Titouan	Lescop	titouan.lescop@wanadoo.fr	29200	0649804088	Normal
c635c2c8-69ce-4f92-a5b9-16a5d9fb2c06	Cyrille	Dupuis	cyrille_dupuis@yahoo.fr	91 lieu dit prad al lann	0632588832	Specialise
c2d180f1-4c82-40d0-834a-51daf89125e6	Fictif 1	Fictif	fictif1@gmail.com	1 rue de l’adresse	1000000000	Normal
049ceaa1-1528-44c8-a93f-80144c65af75	Fictif 3	Fictif	fictif3@gmail.com	1 rue de l’adresse	1000000000	Normal
544f179f-edcd-45ba-a834-d07082af0592	Fictif 5	Fictif	fictif5@gmail.com	1 rue de l’adresse	1000000000	Normal
a5a0e5be-f80b-49f6-8986-7e99dfdbd9bf	Fictif 7	Fictif	fictif7@gmail.com	1 rue de l’adresse	1000000000	Normal
1687adbe-25df-4004-8f39-8cde4eaedfd5	Fictif 9	Fictif	fictif9@gmail.com	1 rue de l’adresse	1000000000	Normal
3bd63f93-ab36-47c9-bead-7daf5e11efa6	Fictif 11	Fictif	fictif11@gmail.com	1 rue de l’adresse	1000000000	Normal
9973175a-dee8-48f9-8d6f-121fad226119	Fictif 13	Fictif	fictif13@gmail.com	1 rue de l’adresse	1000000000	Normal
933b8a8c-a5ed-468b-80bd-a80aa3fa8c63	Fictif 15	Fictif	fictif15@gmail.com	1 rue de l’adresse	1000000000	Normal
29c12eed-28c1-47a5-90b5-640ce17b8050	Fictif 17	Fictif	fictif17@gmail.com	1 rue de l’adresse	1000000000	Normal
4dfb3f1e-e888-48a0-8156-b4e99a0cf414	Fictif 19	Fictif	fictif19@gmail.com	1 rue de l’adresse	1000000000	Normal
1048c4d8-c124-4943-97a0-5a22cda8c73f	Fictif 21	Fictif	fictif21@gmail.com	1 rue de l’adresse	1000000000	Normal
1f08da0d-a646-4968-8945-f467ba208c24	Fictif 23	Fictif	fictif23@gmail.com	1 rue de l’adresse	1000000000	Normal
af4f0299-45b2-409e-b990-eab1eed6f133	Fictif 25	Fictif	fictif25@gmail.com	1 rue de l’adresse	1000000000	Normal
16e0049f-501b-4d45-a8bc-b0a18c6c1563	Fictif 27	Fictif	fictif27@gmail.com	1 rue de l’adresse	1000000000	Normal
9f3ba04b-7536-441c-b931-2233c49ab099	Fictif 29	Fictif	fictif29@gmail.com	1 rue de l’adresse	1000000000	Normal
3058bd07-b42b-4235-81f4-d95dbbad25b6	Fictif 31	Fictif	fictif31@gmail.com	1 rue de l’adresse	1000000000	Normal
2fb67ec0-34d4-469d-9e33-3024e91ccc0a	Fictif 33	Fictif	fictif33@gmail.com	1 rue de l’adresse	1000000000	Normal
055730c6-95e9-4236-b141-98601559e98e	Fictif 35	Fictif	fictif35@gmail.com	1 rue de l’adresse	1000000000	Normal
7de227a4-cca2-434e-b243-6ccfbf812250	Fictif 37	Fictif	fictif37@gmail.com	1 rue de l’adresse	1000000000	Normal
03df9e07-d23f-4170-8c94-605fcacfbccb	Charron	Lea	leacharron@gmail.com	30, rue jules guesde	je n'ai pas whatsapp...	Specialise
f5d015e6-eb62-45be-8b94-eaa4e5eae5cc	Erell	Seach	erellseach1@icloud.com	65 kervenni landeda	0637190415	Normal
b5a864a9-d7c0-4ff8-b2a8-867f57de3c88	Emma	Le Gall	emmalegall29200@gmail.com	7bis avenue du chateau locmaria plouzane	0633692585	Normal
2621af74-f790-4a1a-b911-92a9ebb32ebd	Virginie	Chaput	chaput.virginie@gmail.com	105 rue du bourbonnais 69009 lyon	672195704	Normal
29032f25-a0ca-4920-8b46-b5e022507b75	Alizee	Domange	alizee.domange@gmail.com	3 rue de la tullaye 44300 nantes	0645118629	Normal
329569ec-9da1-4fd9-bdf1-813c4bef8c92	Tiziana	Tolu	tolu-tiziana@live.fr	29360	0625219038	Normal
377453f6-85a4-4591-8918-d8c3d9ae9ec6	Tom	Rocand	trocand@gmail.com	86 a route des 4 moulins, 85300 sallertaine	0764025561	Normal
629043b5-2d8b-4d2c-9e51-39baa41cc3de	Maxence	Menguy	menguymaxence35@gmail.com	64b rue papu	0635962150	Normal
ef367da7-9093-408a-9081-efb13483b8e7	Violette	Larrieu	larrieuviolette@gmail.com	16 rue ernest renan, 29200 brest	0695666631	Normal
1c440923-5a07-411b-9e19-00d4e590de67	Ven	Pencrech	pencrech.contact@gmail.com	29480	0769643324	Normal
1829a8ca-fdfe-409e-99e2-e7dfcb5b909b	Lena	Guenneugues	lena.guenneugues@orange.fr	29200	0638563081	Normal
c73c8203-8809-4510-9847-9b1c2aa3d82e	Nicola	Nield	nicolaglassby@hotmail.com	40 kergoungan, 29870 landeda	0677872301	Specialise
01342d4f-1eac-49ea-8754-37a851acfa2a	Manon	Guim	moicman@gmail.com	35000	0675052341	Normal
0bf45653-ec2a-48b2-a26c-014f7751df5d	Fabien	Angibaud	fabienangibaud@orange.fr	5 rue descartes	0606935468	Normal
5911248d-3e1b-4b29-98fd-e32abaf76f8b	Patrick	Maony	patrick.maony@gmail.com	44 ter rue yves collet - 29200 brest	0626880757	Normal
abeb2fde-9130-485d-a72f-8a64d30cbb66	Laurie	Orain	laurie.orain@hotmail.fr	19 rue guillaume balay 29600 morlaix	0632977873	Specialise
b8ebf653-6966-433c-9075-aee1a43622eb	Justine	Lazennec	lazennecju@gmail.com	29200	0754831888	Normal
50e9f845-c609-426a-aa22-b7144b8915e5	Jean-Pierre	Delaby	diaoul@ik.me	452 gorrequear coum lannilis	0687739640	Specialise
d875260f-0bcc-438f-ae99-1dedffe4223e	Solenn	Riou	solennriou@hotmail.com	91 prad al lann landeda	0617501267	Specialise
add15e47-1996-4b34-b02d-a389304caa7e	Fictif 2	Fictif	fictif2@gmail.com	1 rue de l’adresse	1000000000	Normal
f0c35d23-0e28-4425-b14d-b846a70278b6	Fictif 4	Fictif	fictif4@gmail.com	1 rue de l’adresse	1000000000	Normal
80e993c9-710c-4439-b89c-e815f09fd0b8	Fictif 6	Fictif	fictif6@gmail.com	1 rue de l’adresse	1000000000	Normal
1cb75cb8-cf20-408e-8562-34cbfc71f339	Fictif 8	Fictif	fictif8@gmail.com	1 rue de l’adresse	1000000000	Normal
ca0ad495-8c2f-4d5a-9ed4-99cfaf801f3f	Fictif 10	Fictif	fictif10@gmail.com	1 rue de l’adresse	1000000000	Normal
920fda48-7747-4d68-93a6-73d2de9689ec	Fictif 12	Fictif	fictif12@gmail.com	1 rue de l’adresse	1000000000	Normal
832ec585-ed77-4273-8c27-60a0f55b0c4a	Fictif 14	Fictif	fictif14@gmail.com	1 rue de l’adresse	1000000000	Normal
fffa8547-2d66-451f-9ea0-0a9c053d9172	Fictif 16	Fictif	fictif16@gmail.com	1 rue de l’adresse	1000000000	Normal
aea3d2d1-7b59-4341-b257-3081616c0ef5	Fictif 18	Fictif	fictif18@gmail.com	1 rue de l’adresse	1000000000	Normal
fa1985c2-bf81-4a2b-98c7-a11efe89fc57	Fictif 20	Fictif	fictif20@gmail.com	1 rue de l’adresse	1000000000	Normal
a87b453a-7fbc-4bb0-9fa8-687e40277489	Fictif 22	Fictif	fictif22@gmail.com	1 rue de l’adresse	1000000000	Normal
ee4ae2bc-4208-42ba-b90c-9ad0569b0740	Fictif 24	Fictif	fictif24@gmail.com	1 rue de l’adresse	1000000000	Normal
b3098770-53ee-4ac3-8986-26e919a34bfc	Fictif 26	Fictif	fictif26@gmail.com	1 rue de l’adresse	1000000000	Normal
2e29557e-0637-4e6d-8749-09d3560df326	Fictif 28	Fictif	fictif28@gmail.com	1 rue de l’adresse	1000000000	Normal
d308bafc-77d2-49ad-81fb-35a075020c7e	Fictif 30	Fictif	fictif30@gmail.com	1 rue de l’adresse	1000000000	Normal
a53fbca1-3866-4fb8-b0dc-ec4c65c4e23f	Fictif 32	Fictif	fictif32@gmail.com	1 rue de l’adresse	1000000000	Normal
81531d3f-d101-49eb-bf66-2741e9d58d1a	Fictif 34	Fictif	fictif34@gmail.com	1 rue de l’adresse	1000000000	Normal
bf1057cd-64dd-42b9-95fb-d8748a9f062b	Fictif 36	Fictif	fictif36@gmail.com	1 rue de l’adresse	1000000000	Normal
35a068d4-d116-46bb-8399-e43548fcd187	Malo	Le Guellec	malo.babinot@gmail.com	65 boulevard laennec, 56100 lorient	0785167029	Normal
\.


--
-- Data for Name: volunteers_mates; Type: TABLE DATA; Schema: public; Owner: malob
--

COPY public.volunteers_mates (volunteer_id, mate_id) FROM stdin;
d0779109-fb14-4088-b083-fd8beece50ba	f3c15667-5a3c-4c0b-973b-7cb3cc2cc488
5547be7c-7bb6-4d17-8486-a5083725899a	17c83471-d523-425a-a475-8170ea0e79f0
f3c15667-5a3c-4c0b-973b-7cb3cc2cc488	a6c0b839-a2a4-4d6f-a0a0-2d786f78bb34
a6c0b839-a2a4-4d6f-a0a0-2d786f78bb34	f3c15667-5a3c-4c0b-973b-7cb3cc2cc488
9d32d9d1-455e-4b38-ba62-7e3243b78f17	f7c43a34-76a9-4ec1-be7b-8ae96fd1e624
70279a60-2d9a-42c1-a9a9-a2d86217a498	326fb5de-9f01-4a15-8b7a-cbac9b5af646
70279a60-2d9a-42c1-a9a9-a2d86217a498	ac339438-9af6-490c-8d7b-d5269b8e9a80
70279a60-2d9a-42c1-a9a9-a2d86217a498	6d9083cc-c2b5-4687-ba8e-4609c199f192
326fb5de-9f01-4a15-8b7a-cbac9b5af646	ac339438-9af6-490c-8d7b-d5269b8e9a80
e8cf0e39-ccff-43cd-b043-2c6589597a5b	36f8ae71-2cd5-436a-8afe-38db598ebcea
36f8ae71-2cd5-436a-8afe-38db598ebcea	e8cf0e39-ccff-43cd-b043-2c6589597a5b
ac339438-9af6-490c-8d7b-d5269b8e9a80	70279a60-2d9a-42c1-a9a9-a2d86217a498
ac339438-9af6-490c-8d7b-d5269b8e9a80	326fb5de-9f01-4a15-8b7a-cbac9b5af646
ac339438-9af6-490c-8d7b-d5269b8e9a80	6d9083cc-c2b5-4687-ba8e-4609c199f192
1984e74b-c2d4-4484-bc51-6f356196c6a5	3fc97e65-a5fd-4861-bfd9-6ae84e6f3eca
1984e74b-c2d4-4484-bc51-6f356196c6a5	e8174c00-a2ed-47ff-ae4e-62b962ee9537
3fc97e65-a5fd-4861-bfd9-6ae84e6f3eca	3fc97e65-a5fd-4861-bfd9-6ae84e6f3eca
3fc97e65-a5fd-4861-bfd9-6ae84e6f3eca	e8174c00-a2ed-47ff-ae4e-62b962ee9537
c9fd7964-f528-4ad9-b23b-b070342d758d	8363e94a-cca8-423b-8e3d-eee6c29267d2
265ca397-57cd-4b6a-bdc2-c9d1fdb9cf64	61da6c23-2dfd-4f2e-b97d-4b4af7cae0de
265ca397-57cd-4b6a-bdc2-c9d1fdb9cf64	81ae2994-a2b7-4e85-8a6d-2c1afc2c2b88
4d248b66-5c76-420a-962b-8cc006523841	66818bf8-46a4-43a1-b81e-6b1c28f0d967
bb8afc2d-0496-46ba-a1e7-dba4e5a9ea8c	a223b7de-10b8-4041-a720-673719707d0f
5445e157-ed64-42c6-a895-565dc15e2e18	c78d7f1c-ffe9-4865-9acc-fe50c08b3331
dac307d1-d4db-486c-a963-1c6398c2d4b7	0e4af916-f76c-4644-8392-2de9d1b38c3a
17c83471-d523-425a-a475-8170ea0e79f0	5547be7c-7bb6-4d17-8486-a5083725899a
72d7ed17-619d-4302-acbb-29cc4c892b58	ec756f44-3425-49e2-8e96-027fbf2507d8
ec756f44-3425-49e2-8e96-027fbf2507d8	72d7ed17-619d-4302-acbb-29cc4c892b58
c78d7f1c-ffe9-4865-9acc-fe50c08b3331	5445e157-ed64-42c6-a895-565dc15e2e18
e8174c00-a2ed-47ff-ae4e-62b962ee9537	a0fc41ae-98d8-496d-9bc0-d4ac1f86881a
d8db24e6-2622-4714-be56-44eed17c786c	70279a60-2d9a-42c1-a9a9-a2d86217a498
d8db24e6-2622-4714-be56-44eed17c786c	326fb5de-9f01-4a15-8b7a-cbac9b5af646
d8db24e6-2622-4714-be56-44eed17c786c	ac339438-9af6-490c-8d7b-d5269b8e9a80
d8db24e6-2622-4714-be56-44eed17c786c	6d9083cc-c2b5-4687-ba8e-4609c199f192
61da6c23-2dfd-4f2e-b97d-4b4af7cae0de	265ca397-57cd-4b6a-bdc2-c9d1fdb9cf64
33b5b92c-92dc-4359-94b2-ec5fc07c70ff	d8db24e6-2622-4714-be56-44eed17c786c
33b5b92c-92dc-4359-94b2-ec5fc07c70ff	6d9083cc-c2b5-4687-ba8e-4609c199f192
8ab88ab3-6d04-4dc0-8d66-638f395a42c9	8363e94a-cca8-423b-8e3d-eee6c29267d2
f161c6ac-4920-48c5-8402-41f2ccbc6cc6	8363e94a-cca8-423b-8e3d-eee6c29267d2
f161c6ac-4920-48c5-8402-41f2ccbc6cc6	8ab88ab3-6d04-4dc0-8d66-638f395a42c9
43730a32-df50-4c55-a343-b1b60c8d49cf	f161c6ac-4920-48c5-8402-41f2ccbc6cc6
43730a32-df50-4c55-a343-b1b60c8d49cf	8363e94a-cca8-423b-8e3d-eee6c29267d2
43730a32-df50-4c55-a343-b1b60c8d49cf	8ab88ab3-6d04-4dc0-8d66-638f395a42c9
1808a0f6-c64d-481e-8428-be945015699d	e8174c00-a2ed-47ff-ae4e-62b962ee9537
1808a0f6-c64d-481e-8428-be945015699d	a0fc41ae-98d8-496d-9bc0-d4ac1f86881a
a0fc41ae-98d8-496d-9bc0-d4ac1f86881a	e8174c00-a2ed-47ff-ae4e-62b962ee9537
7b8e6116-d50a-426c-91eb-fa4b8604e367	0082cc92-b417-49d8-8e43-2fdef69ae3f5
48ab26e5-624d-4023-a9d0-8216a92decb7	326fb5de-9f01-4a15-8b7a-cbac9b5af646
48ab26e5-624d-4023-a9d0-8216a92decb7	6d9083cc-c2b5-4687-ba8e-4609c199f192
48ab26e5-624d-4023-a9d0-8216a92decb7	ac339438-9af6-490c-8d7b-d5269b8e9a80
a223b7de-10b8-4041-a720-673719707d0f	bb8afc2d-0496-46ba-a1e7-dba4e5a9ea8c
ab651062-15e8-43b8-828d-43c302f8143a	835bdbed-3e51-4b9e-8032-63f09d5ab6fd
b5a864a9-d7c0-4ff8-b2a8-867f57de3c88	326fb5de-9f01-4a15-8b7a-cbac9b5af646
b5a864a9-d7c0-4ff8-b2a8-867f57de3c88	6d9083cc-c2b5-4687-ba8e-4609c199f192
b5a864a9-d7c0-4ff8-b2a8-867f57de3c88	ac339438-9af6-490c-8d7b-d5269b8e9a80
81ae2994-a2b7-4e85-8a6d-2c1afc2c2b88	265ca397-57cd-4b6a-bdc2-c9d1fdb9cf64
2621af74-f790-4a1a-b911-92a9ebb32ebd	bacab641-1d61-4af5-b745-88551e77db4f
bacab641-1d61-4af5-b745-88551e77db4f	2621af74-f790-4a1a-b911-92a9ebb32ebd
335901ca-4d38-4843-b47a-882561375587	329569ec-9da1-4fd9-bdf1-813c4bef8c92
335901ca-4d38-4843-b47a-882561375587	377453f6-85a4-4591-8918-d8c3d9ae9ec6
335901ca-4d38-4843-b47a-882561375587	29032f25-a0ca-4920-8b46-b5e022507b75
329569ec-9da1-4fd9-bdf1-813c4bef8c92	335901ca-4d38-4843-b47a-882561375587
377453f6-85a4-4591-8918-d8c3d9ae9ec6	335901ca-4d38-4843-b47a-882561375587
377453f6-85a4-4591-8918-d8c3d9ae9ec6	329569ec-9da1-4fd9-bdf1-813c4bef8c92
377453f6-85a4-4591-8918-d8c3d9ae9ec6	29032f25-a0ca-4920-8b46-b5e022507b75
ababac3e-c916-42dc-abe5-cc77d32e7e8b	36adf1af-132c-4f0f-865f-0f344b3ecdc8
629043b5-2d8b-4d2c-9e51-39baa41cc3de	599ca2ab-3b3b-4987-9fff-acf2524c6ef5
629043b5-2d8b-4d2c-9e51-39baa41cc3de	629043b5-2d8b-4d2c-9e51-39baa41cc3de
599ca2ab-3b3b-4987-9fff-acf2524c6ef5	629043b5-2d8b-4d2c-9e51-39baa41cc3de
6333cd81-bb4b-4614-a95a-25835350ae92	f5d015e6-eb62-45be-8b94-eaa4e5eae5cc
94ffee7a-e0c2-45df-b994-3c5bdd4735fa	265ca397-57cd-4b6a-bdc2-c9d1fdb9cf64
94ffee7a-e0c2-45df-b994-3c5bdd4735fa	81ae2994-a2b7-4e85-8a6d-2c1afc2c2b88
1829a8ca-fdfe-409e-99e2-e7dfcb5b909b	eedc3edf-d92e-426b-81a8-6cd7a9f75684
eedc3edf-d92e-426b-81a8-6cd7a9f75684	1829a8ca-fdfe-409e-99e2-e7dfcb5b909b
35a068d4-d116-46bb-8399-e43548fcd187	66645e61-0274-4989-bd88-67f2a7a56e9b
66645e61-0274-4989-bd88-67f2a7a56e9b	35a068d4-d116-46bb-8399-e43548fcd187
94a72321-f300-46ce-a9b7-faab6509bbaa	0bf45653-ec2a-48b2-a26c-014f7751df5d
f7c43a34-76a9-4ec1-be7b-8ae96fd1e624	9d32d9d1-455e-4b38-ba62-7e3243b78f17
c635c2c8-69ce-4f92-a5b9-16a5d9fb2c06	d875260f-0bcc-438f-ae99-1dedffe4223e
d875260f-0bcc-438f-ae99-1dedffe4223e	c635c2c8-69ce-4f92-a5b9-16a5d9fb2c06
\.


--
-- Name: activities_id_seq; Type: SEQUENCE SET; Schema: public; Owner: malob
--

SELECT pg_catalog.setval('public.activities_id_seq', 267, true);


--
-- Name: categories_id_seq; Type: SEQUENCE SET; Schema: public; Owner: malob
--

SELECT pg_catalog.setval('public.categories_id_seq', 14, true);


--
-- Name: categories_id_seq1; Type: SEQUENCE SET; Schema: public; Owner: malob
--

SELECT pg_catalog.setval('public.categories_id_seq1', 30, true);


--
-- Name: jobs_id_seq; Type: SEQUENCE SET; Schema: public; Owner: malob
--

SELECT pg_catalog.setval('public.jobs_id_seq', 15199, true);


--
-- Name: preferences_id_seq; Type: SEQUENCE SET; Schema: public; Owner: malob
--

SELECT pg_catalog.setval('public.preferences_id_seq', 25, true);


--
-- Name: slots_id_seq; Type: SEQUENCE SET; Schema: public; Owner: malob
--

SELECT pg_catalog.setval('public.slots_id_seq', 281, true);


--
-- Name: subtasks_id_seq; Type: SEQUENCE SET; Schema: public; Owner: malob
--

SELECT pg_catalog.setval('public.subtasks_id_seq', 1876, true);


--
-- Name: tags_id_seq; Type: SEQUENCE SET; Schema: public; Owner: malob
--

SELECT pg_catalog.setval('public.tags_id_seq', 14, true);


--
-- Name: task_attachments_id_seq; Type: SEQUENCE SET; Schema: public; Owner: malob
--

SELECT pg_catalog.setval('public.task_attachments_id_seq', 1, false);


--
-- Name: task_comments_id_seq; Type: SEQUENCE SET; Schema: public; Owner: malob
--

SELECT pg_catalog.setval('public.task_comments_id_seq', 15, true);


--
-- Name: activities activities_pkey; Type: CONSTRAINT; Schema: public; Owner: malob
--

ALTER TABLE ONLY public.activities
    ADD CONSTRAINT activities_pkey PRIMARY KEY (id);


--
-- Name: assignments assignments_pkey; Type: CONSTRAINT; Schema: public; Owner: malob
--

ALTER TABLE ONLY public.assignments
    ADD CONSTRAINT assignments_pkey PRIMARY KEY (volunteer_id, job_id);


--
-- Name: categories categories_label_key; Type: CONSTRAINT; Schema: public; Owner: malob
--

ALTER TABLE ONLY public.categories
    ADD CONSTRAINT categories_label_key UNIQUE (label);


--
-- Name: categories categories_pkey; Type: CONSTRAINT; Schema: public; Owner: malob
--

ALTER TABLE ONLY public.categories
    ADD CONSTRAINT categories_pkey PRIMARY KEY (id);


--
-- Name: festival festival_pkey; Type: CONSTRAINT; Schema: public; Owner: malob
--

ALTER TABLE ONLY public.festival
    ADD CONSTRAINT festival_pkey PRIMARY KEY (id);


--
-- Name: jobs jobs_pkey; Type: CONSTRAINT; Schema: public; Owner: malob
--

ALTER TABLE ONLY public.jobs
    ADD CONSTRAINT jobs_pkey PRIMARY KEY (id);


--
-- Name: mail_templates mail_templates_pkey; Type: CONSTRAINT; Schema: public; Owner: malob
--

ALTER TABLE ONLY public.mail_templates
    ADD CONSTRAINT mail_templates_pkey PRIMARY KEY (id);


--
-- Name: preferences preferences_label_key; Type: CONSTRAINT; Schema: public; Owner: malob
--

ALTER TABLE ONLY public.preferences
    ADD CONSTRAINT preferences_label_key UNIQUE (label);


--
-- Name: preferences preferences_pkey; Type: CONSTRAINT; Schema: public; Owner: malob
--

ALTER TABLE ONLY public.preferences
    ADD CONSTRAINT preferences_pkey PRIMARY KEY (id);


--
-- Name: slots slots_pkey; Type: CONSTRAINT; Schema: public; Owner: malob
--

ALTER TABLE ONLY public.slots
    ADD CONSTRAINT slots_pkey PRIMARY KEY (id);


--
-- Name: subtasks subtasks_pkey; Type: CONSTRAINT; Schema: public; Owner: malob
--

ALTER TABLE ONLY public.subtasks
    ADD CONSTRAINT subtasks_pkey PRIMARY KEY (id);


--
-- Name: tags tags_name_key; Type: CONSTRAINT; Schema: public; Owner: malob
--

ALTER TABLE ONLY public.tags
    ADD CONSTRAINT tags_name_key UNIQUE (name);


--
-- Name: tags tags_pkey; Type: CONSTRAINT; Schema: public; Owner: malob
--

ALTER TABLE ONLY public.tags
    ADD CONSTRAINT tags_pkey PRIMARY KEY (id);


--
-- Name: task_attachments task_attachments_pkey; Type: CONSTRAINT; Schema: public; Owner: malob
--

ALTER TABLE ONLY public.task_attachments
    ADD CONSTRAINT task_attachments_pkey PRIMARY KEY (id);


--
-- Name: task_comments task_comments_pkey; Type: CONSTRAINT; Schema: public; Owner: malob
--

ALTER TABLE ONLY public.task_comments
    ADD CONSTRAINT task_comments_pkey PRIMARY KEY (id);


--
-- Name: task_tags task_tags_pkey; Type: CONSTRAINT; Schema: public; Owner: malob
--

ALTER TABLE ONLY public.task_tags
    ADD CONSTRAINT task_tags_pkey PRIMARY KEY (task_id, tag_id);


--
-- Name: tasks tasks_pkey; Type: CONSTRAINT; Schema: public; Owner: malob
--

ALTER TABLE ONLY public.tasks
    ADD CONSTRAINT tasks_pkey PRIMARY KEY (id);


--
-- Name: volunteer_preferences unique_volunteer_preference; Type: CONSTRAINT; Schema: public; Owner: malob
--

ALTER TABLE ONLY public.volunteer_preferences
    ADD CONSTRAINT unique_volunteer_preference PRIMARY KEY (volunteer_id, preference_id);


--
-- Name: volunteer_preferences unique_volunteer_rank; Type: CONSTRAINT; Schema: public; Owner: malob
--

ALTER TABLE ONLY public.volunteer_preferences
    ADD CONSTRAINT unique_volunteer_rank UNIQUE (volunteer_id, rank);


--
-- Name: users users_pkey; Type: CONSTRAINT; Schema: public; Owner: malob
--

ALTER TABLE ONLY public.users
    ADD CONSTRAINT users_pkey PRIMARY KEY (id);


--
-- Name: volunteer_slots volunteer_slots_pkey; Type: CONSTRAINT; Schema: public; Owner: malob
--

ALTER TABLE ONLY public.volunteer_slots
    ADD CONSTRAINT volunteer_slots_pkey PRIMARY KEY (volunteer_id, slot_id);


--
-- Name: volunteers volunteers_email_key; Type: CONSTRAINT; Schema: public; Owner: malob
--

ALTER TABLE ONLY public.volunteers
    ADD CONSTRAINT volunteers_email_key UNIQUE (email);


--
-- Name: volunteers_mates volunteers_mates_pkey; Type: CONSTRAINT; Schema: public; Owner: malob
--

ALTER TABLE ONLY public.volunteers_mates
    ADD CONSTRAINT volunteers_mates_pkey PRIMARY KEY (volunteer_id, mate_id);


--
-- Name: volunteers volunteers_pkey; Type: CONSTRAINT; Schema: public; Owner: malob
--

ALTER TABLE ONLY public.volunteers
    ADD CONSTRAINT volunteers_pkey PRIMARY KEY (id);


--
-- Name: ix_activities_id; Type: INDEX; Schema: public; Owner: malob
--

CREATE INDEX ix_activities_id ON public.activities USING btree (id);


--
-- Name: ix_categories_id; Type: INDEX; Schema: public; Owner: malob
--

CREATE INDEX ix_categories_id ON public.categories USING btree (id);


--
-- Name: ix_jobs_id; Type: INDEX; Schema: public; Owner: malob
--

CREATE INDEX ix_jobs_id ON public.jobs USING btree (id);


--
-- Name: ix_preferences_id; Type: INDEX; Schema: public; Owner: malob
--

CREATE INDEX ix_preferences_id ON public.preferences USING btree (id);


--
-- Name: ix_slots_id; Type: INDEX; Schema: public; Owner: malob
--

CREATE INDEX ix_slots_id ON public.slots USING btree (id);


--
-- Name: ix_subtasks_id; Type: INDEX; Schema: public; Owner: malob
--

CREATE INDEX ix_subtasks_id ON public.subtasks USING btree (id);


--
-- Name: ix_tags_id; Type: INDEX; Schema: public; Owner: malob
--

CREATE INDEX ix_tags_id ON public.tags USING btree (id);


--
-- Name: ix_task_attachments_id; Type: INDEX; Schema: public; Owner: malob
--

CREATE INDEX ix_task_attachments_id ON public.task_attachments USING btree (id);


--
-- Name: ix_task_comments_id; Type: INDEX; Schema: public; Owner: malob
--

CREATE INDEX ix_task_comments_id ON public.task_comments USING btree (id);


--
-- Name: ix_tasks_id; Type: INDEX; Schema: public; Owner: malob
--

CREATE INDEX ix_tasks_id ON public.tasks USING btree (id);


--
-- Name: ix_users_email; Type: INDEX; Schema: public; Owner: malob
--

CREATE UNIQUE INDEX ix_users_email ON public.users USING btree (email);


--
-- Name: ix_users_google_sub; Type: INDEX; Schema: public; Owner: malob
--

CREATE UNIQUE INDEX ix_users_google_sub ON public.users USING btree (google_sub);


--
-- Name: ix_users_id; Type: INDEX; Schema: public; Owner: malob
--

CREATE INDEX ix_users_id ON public.users USING btree (id);


--
-- Name: ix_users_username; Type: INDEX; Schema: public; Owner: malob
--

CREATE UNIQUE INDEX ix_users_username ON public.users USING btree (username);


--
-- Name: ix_volunteers_id; Type: INDEX; Schema: public; Owner: malob
--

CREATE INDEX ix_volunteers_id ON public.volunteers USING btree (id);


--
-- Name: activities activities_user_id_fkey; Type: FK CONSTRAINT; Schema: public; Owner: malob
--

ALTER TABLE ONLY public.activities
    ADD CONSTRAINT activities_user_id_fkey FOREIGN KEY (user_id) REFERENCES public.users(id);


--
-- Name: assignments assignments_job_id_fkey; Type: FK CONSTRAINT; Schema: public; Owner: malob
--

ALTER TABLE ONLY public.assignments
    ADD CONSTRAINT assignments_job_id_fkey FOREIGN KEY (job_id) REFERENCES public.jobs(id);


--
-- Name: assignments assignments_volunteer_id_fkey; Type: FK CONSTRAINT; Schema: public; Owner: malob
--

ALTER TABLE ONLY public.assignments
    ADD CONSTRAINT assignments_volunteer_id_fkey FOREIGN KEY (volunteer_id) REFERENCES public.volunteers(id);


--
-- Name: categories categories_preference_id_fkey; Type: FK CONSTRAINT; Schema: public; Owner: malob
--

ALTER TABLE ONLY public.categories
    ADD CONSTRAINT categories_preference_id_fkey FOREIGN KEY (preference_id) REFERENCES public.preferences(id);


--
-- Name: jobs jobs_category_id_fkey; Type: FK CONSTRAINT; Schema: public; Owner: malob
--

ALTER TABLE ONLY public.jobs
    ADD CONSTRAINT jobs_category_id_fkey FOREIGN KEY (category_id) REFERENCES public.categories(id);


--
-- Name: jobs jobs_slot_id_fkey; Type: FK CONSTRAINT; Schema: public; Owner: malob
--

ALTER TABLE ONLY public.jobs
    ADD CONSTRAINT jobs_slot_id_fkey FOREIGN KEY (slot_id) REFERENCES public.slots(id);


--
-- Name: subtasks subtasks_task_id_fkey; Type: FK CONSTRAINT; Schema: public; Owner: malob
--

ALTER TABLE ONLY public.subtasks
    ADD CONSTRAINT subtasks_task_id_fkey FOREIGN KEY (task_id) REFERENCES public.tasks(id) ON DELETE CASCADE;


--
-- Name: task_attachments task_attachments_task_id_fkey; Type: FK CONSTRAINT; Schema: public; Owner: malob
--

ALTER TABLE ONLY public.task_attachments
    ADD CONSTRAINT task_attachments_task_id_fkey FOREIGN KEY (task_id) REFERENCES public.tasks(id) ON DELETE CASCADE;


--
-- Name: task_attachments task_attachments_uploader_id_fkey; Type: FK CONSTRAINT; Schema: public; Owner: malob
--

ALTER TABLE ONLY public.task_attachments
    ADD CONSTRAINT task_attachments_uploader_id_fkey FOREIGN KEY (uploader_id) REFERENCES public.users(id);


--
-- Name: task_comments task_comments_author_id_fkey; Type: FK CONSTRAINT; Schema: public; Owner: malob
--

ALTER TABLE ONLY public.task_comments
    ADD CONSTRAINT task_comments_author_id_fkey FOREIGN KEY (author_id) REFERENCES public.users(id);


--
-- Name: task_comments task_comments_task_id_fkey; Type: FK CONSTRAINT; Schema: public; Owner: malob
--

ALTER TABLE ONLY public.task_comments
    ADD CONSTRAINT task_comments_task_id_fkey FOREIGN KEY (task_id) REFERENCES public.tasks(id) ON DELETE CASCADE;


--
-- Name: task_tags task_tags_tag_id_fkey; Type: FK CONSTRAINT; Schema: public; Owner: malob
--

ALTER TABLE ONLY public.task_tags
    ADD CONSTRAINT task_tags_tag_id_fkey FOREIGN KEY (tag_id) REFERENCES public.tags(id) ON DELETE CASCADE;


--
-- Name: task_tags task_tags_task_id_fkey; Type: FK CONSTRAINT; Schema: public; Owner: malob
--

ALTER TABLE ONLY public.task_tags
    ADD CONSTRAINT task_tags_task_id_fkey FOREIGN KEY (task_id) REFERENCES public.tasks(id) ON DELETE CASCADE;


--
-- Name: tasks tasks_assignee_id_fkey; Type: FK CONSTRAINT; Schema: public; Owner: malob
--

ALTER TABLE ONLY public.tasks
    ADD CONSTRAINT tasks_assignee_id_fkey FOREIGN KEY (assignee_id) REFERENCES public.users(id);


--
-- Name: tasks tasks_creator_id_fkey; Type: FK CONSTRAINT; Schema: public; Owner: malob
--

ALTER TABLE ONLY public.tasks
    ADD CONSTRAINT tasks_creator_id_fkey FOREIGN KEY (creator_id) REFERENCES public.users(id);


--
-- Name: volunteer_preferences volunteer_preferences_preference_id_fkey; Type: FK CONSTRAINT; Schema: public; Owner: malob
--

ALTER TABLE ONLY public.volunteer_preferences
    ADD CONSTRAINT volunteer_preferences_preference_id_fkey FOREIGN KEY (preference_id) REFERENCES public.preferences(id);


--
-- Name: volunteer_preferences volunteer_preferences_volunteer_id_fkey; Type: FK CONSTRAINT; Schema: public; Owner: malob
--

ALTER TABLE ONLY public.volunteer_preferences
    ADD CONSTRAINT volunteer_preferences_volunteer_id_fkey FOREIGN KEY (volunteer_id) REFERENCES public.volunteers(id);


--
-- Name: volunteer_slots volunteer_slots_slot_id_fkey; Type: FK CONSTRAINT; Schema: public; Owner: malob
--

ALTER TABLE ONLY public.volunteer_slots
    ADD CONSTRAINT volunteer_slots_slot_id_fkey FOREIGN KEY (slot_id) REFERENCES public.slots(id);


--
-- Name: volunteer_slots volunteer_slots_volunteer_id_fkey; Type: FK CONSTRAINT; Schema: public; Owner: malob
--

ALTER TABLE ONLY public.volunteer_slots
    ADD CONSTRAINT volunteer_slots_volunteer_id_fkey FOREIGN KEY (volunteer_id) REFERENCES public.volunteers(id);


--
-- Name: volunteers_mates volunteers_mates_mate_id_fkey; Type: FK CONSTRAINT; Schema: public; Owner: malob
--

ALTER TABLE ONLY public.volunteers_mates
    ADD CONSTRAINT volunteers_mates_mate_id_fkey FOREIGN KEY (mate_id) REFERENCES public.volunteers(id);


--
-- Name: volunteers_mates volunteers_mates_volunteer_id_fkey; Type: FK CONSTRAINT; Schema: public; Owner: malob
--

ALTER TABLE ONLY public.volunteers_mates
    ADD CONSTRAINT volunteers_mates_volunteer_id_fkey FOREIGN KEY (volunteer_id) REFERENCES public.volunteers(id);


--
-- Name: SCHEMA public; Type: ACL; Schema: -; Owner: malob
--

REVOKE USAGE ON SCHEMA public FROM PUBLIC;


--
-- PostgreSQL database dump complete
--

\unrestrict Ko9s7LbrZ8u8VOBYKR2jcQbYJ7KgfIN0Wjl107WrSuZYFRJY1qAEMMPCXPWGQtB

