--
-- PostgreSQL database dump
--

\restrict Vvr4MKpeA2hsexYpM4BJYIm6mWkj1hj2JnJacP9NHPuBJ5hRnDBhGRcZfPyU6Am

-- Dumped from database version 15.17 (Debian 15.17-1.pgdg13+1)
-- Dumped by pg_dump version 15.17 (Debian 15.17-1.pgdg13+1)

SET statement_timeout = 0;
SET lock_timeout = 0;
SET idle_in_transaction_session_timeout = 0;
SET client_encoding = 'UTF8';
SET standard_conforming_strings = on;
SELECT pg_catalog.set_config('search_path', '', false);
SET check_function_bodies = false;
SET xmloption = content;
SET client_min_messages = warning;
SET row_security = off;

--
-- Name: public; Type: SCHEMA; Schema: -; Owner: malob
--

-- *not* creating schema, since initdb creates it


ALTER SCHEMA public OWNER TO malob;

--
-- Name: SCHEMA public; Type: COMMENT; Schema: -; Owner: malob
--

COMMENT ON SCHEMA public IS '';


--
-- Name: recruitment_type_enum; Type: TYPE; Schema: public; Owner: malob
--

CREATE TYPE public.recruitment_type_enum AS ENUM (
    'Normal',
    'Specialise'
);


ALTER TYPE public.recruitment_type_enum OWNER TO malob;

--
-- Name: recruitmenttype; Type: TYPE; Schema: public; Owner: malob
--

CREATE TYPE public.recruitmenttype AS ENUM (
    'Normal',
    'Specialise'
);


ALTER TYPE public.recruitmenttype OWNER TO malob;

--
-- Name: taskpriority; Type: TYPE; Schema: public; Owner: malob
--

CREATE TYPE public.taskpriority AS ENUM (
    'LOW',
    'MEDIUM',
    'HIGH',
    'CRITICAL'
);


ALTER TYPE public.taskpriority OWNER TO malob;

--
-- Name: taskstatus; Type: TYPE; Schema: public; Owner: malob
--

CREATE TYPE public.taskstatus AS ENUM (
    'OPEN',
    'REVIEW',
    'CLOSED'
);


ALTER TYPE public.taskstatus OWNER TO malob;

--
-- Name: tasktype; Type: TYPE; Schema: public; Owner: malob
--

CREATE TYPE public.tasktype AS ENUM (
    'STANDARD',
    'NEEDS_REVIEW'
);


ALTER TYPE public.tasktype OWNER TO malob;

--
-- Name: userrole; Type: TYPE; Schema: public; Owner: malob
--

CREATE TYPE public.userrole AS ENUM (
    'admin',
    'user'
);


ALTER TYPE public.userrole OWNER TO malob;

SET default_tablespace = '';

SET default_table_access_method = heap;

--
-- Name: activities; Type: TABLE; Schema: public; Owner: malob
--

CREATE TABLE public.activities (
    id bigint NOT NULL,
    title character varying NOT NULL,
    action_type character varying NOT NULL,
    user_id uuid NOT NULL,
    created_at timestamp with time zone DEFAULT now() NOT NULL
);


ALTER TABLE public.activities OWNER TO malob;

--
-- Name: activities_id_seq; Type: SEQUENCE; Schema: public; Owner: malob
--

CREATE SEQUENCE public.activities_id_seq
    START WITH 1
    INCREMENT BY 1
    NO MINVALUE
    NO MAXVALUE
    CACHE 1;


ALTER TABLE public.activities_id_seq OWNER TO malob;

--
-- Name: activities_id_seq; Type: SEQUENCE OWNED BY; Schema: public; Owner: malob
--

ALTER SEQUENCE public.activities_id_seq OWNED BY public.activities.id;


--
-- Name: assignments; Type: TABLE; Schema: public; Owner: malob
--

CREATE TABLE public.assignments (
    volunteer_id uuid NOT NULL,
    job_id integer NOT NULL
);


ALTER TABLE public.assignments OWNER TO malob;

--
-- Name: categories; Type: TABLE; Schema: public; Owner: malob
--

CREATE TABLE public.categories (
    id integer NOT NULL,
    label character varying NOT NULL,
    pole_id integer,
    preference_id integer
);


ALTER TABLE public.categories OWNER TO malob;

--
-- Name: categories_id_seq; Type: SEQUENCE; Schema: public; Owner: malob
--

CREATE SEQUENCE public.categories_id_seq
    START WITH 1
    INCREMENT BY 1
    NO MINVALUE
    NO MAXVALUE
    CACHE 1;


ALTER TABLE public.categories_id_seq OWNER TO malob;

--
-- Name: categories_id_seq1; Type: SEQUENCE; Schema: public; Owner: malob
--

CREATE SEQUENCE public.categories_id_seq1
    AS integer
    START WITH 1
    INCREMENT BY 1
    NO MINVALUE
    NO MAXVALUE
    CACHE 1;


ALTER TABLE public.categories_id_seq1 OWNER TO malob;

--
-- Name: categories_id_seq1; Type: SEQUENCE OWNED BY; Schema: public; Owner: malob
--

ALTER SEQUENCE public.categories_id_seq1 OWNED BY public.categories.id;


--
-- Name: festival; Type: TABLE; Schema: public; Owner: malob
--

CREATE TABLE public.festival (
    id uuid DEFAULT gen_random_uuid() NOT NULL,
    name character varying NOT NULL,
    edition integer NOT NULL,
    start_date date NOT NULL,
    end_date date NOT NULL,
    location_name character varying NOT NULL,
    location_city character varying NOT NULL
);


ALTER TABLE public.festival OWNER TO malob;

--
-- Name: jobs; Type: TABLE; Schema: public; Owner: malob
--

CREATE TABLE public.jobs (
    id integer NOT NULL,
    name character varying NOT NULL,
    category_id integer NOT NULL,
    slot_id integer NOT NULL,
    required_volunteers integer NOT NULL,
    recruitment_type public.recruitmenttype NOT NULL,
    responsible character varying,
    sort_order integer NOT NULL
);


ALTER TABLE public.jobs OWNER TO malob;

--
-- Name: jobs_id_seq; Type: SEQUENCE; Schema: public; Owner: malob
--

CREATE SEQUENCE public.jobs_id_seq
    AS integer
    START WITH 1
    INCREMENT BY 1
    NO MINVALUE
    NO MAXVALUE
    CACHE 1;


ALTER TABLE public.jobs_id_seq OWNER TO malob;

--
-- Name: jobs_id_seq; Type: SEQUENCE OWNED BY; Schema: public; Owner: malob
--

ALTER SEQUENCE public.jobs_id_seq OWNED BY public.jobs.id;


--
-- Name: mail_templates; Type: TABLE; Schema: public; Owner: malob
--

CREATE TABLE public.mail_templates (
    id uuid NOT NULL,
    title character varying(255) NOT NULL,
    subject character varying(255) NOT NULL,
    content text NOT NULL,
    is_active boolean NOT NULL,
    created_at timestamp with time zone,
    updated_at timestamp with time zone
);


ALTER TABLE public.mail_templates OWNER TO malob;

--
-- Name: preferences; Type: TABLE; Schema: public; Owner: malob
--

CREATE TABLE public.preferences (
    id integer NOT NULL,
    label character varying NOT NULL
);


ALTER TABLE public.preferences OWNER TO malob;

--
-- Name: preferences_id_seq; Type: SEQUENCE; Schema: public; Owner: malob
--

CREATE SEQUENCE public.preferences_id_seq
    AS integer
    START WITH 1
    INCREMENT BY 1
    NO MINVALUE
    NO MAXVALUE
    CACHE 1;


ALTER TABLE public.preferences_id_seq OWNER TO malob;

--
-- Name: preferences_id_seq; Type: SEQUENCE OWNED BY; Schema: public; Owner: malob
--

ALTER SEQUENCE public.preferences_id_seq OWNED BY public.preferences.id;


--
-- Name: slots; Type: TABLE; Schema: public; Owner: malob
--

CREATE TABLE public.slots (
    id integer NOT NULL,
    day_index integer NOT NULL,
    start_time integer NOT NULL,
    end_time integer NOT NULL
);


ALTER TABLE public.slots OWNER TO malob;

--
-- Name: slots_id_seq; Type: SEQUENCE; Schema: public; Owner: malob
--

CREATE SEQUENCE public.slots_id_seq
    AS integer
    START WITH 1
    INCREMENT BY 1
    NO MINVALUE
    NO MAXVALUE
    CACHE 1;


ALTER TABLE public.slots_id_seq OWNER TO malob;

--
-- Name: slots_id_seq; Type: SEQUENCE OWNED BY; Schema: public; Owner: malob
--

ALTER SEQUENCE public.slots_id_seq OWNED BY public.slots.id;


--
-- Name: subtasks; Type: TABLE; Schema: public; Owner: malob
--

CREATE TABLE public.subtasks (
    id bigint NOT NULL,
    task_id uuid NOT NULL,
    title character varying NOT NULL,
    is_completed boolean,
    "position" integer
);


ALTER TABLE public.subtasks OWNER TO malob;

--
-- Name: subtasks_id_seq; Type: SEQUENCE; Schema: public; Owner: malob
--

CREATE SEQUENCE public.subtasks_id_seq
    START WITH 1
    INCREMENT BY 1
    NO MINVALUE
    NO MAXVALUE
    CACHE 1;


ALTER TABLE public.subtasks_id_seq OWNER TO malob;

--
-- Name: subtasks_id_seq; Type: SEQUENCE OWNED BY; Schema: public; Owner: malob
--

ALTER SEQUENCE public.subtasks_id_seq OWNED BY public.subtasks.id;


--
-- Name: tags; Type: TABLE; Schema: public; Owner: malob
--

CREATE TABLE public.tags (
    id integer NOT NULL,
    name character varying NOT NULL,
    color_hex character varying
);


ALTER TABLE public.tags OWNER TO malob;

--
-- Name: tags_id_seq; Type: SEQUENCE; Schema: public; Owner: malob
--

CREATE SEQUENCE public.tags_id_seq
    AS integer
    START WITH 1
    INCREMENT BY 1
    NO MINVALUE
    NO MAXVALUE
    CACHE 1;


ALTER TABLE public.tags_id_seq OWNER TO malob;

--
-- Name: tags_id_seq; Type: SEQUENCE OWNED BY; Schema: public; Owner: malob
--

ALTER SEQUENCE public.tags_id_seq OWNED BY public.tags.id;


--
-- Name: task_attachments; Type: TABLE; Schema: public; Owner: malob
--

CREATE TABLE public.task_attachments (
    id bigint NOT NULL,
    task_id uuid NOT NULL,
    uploader_id uuid NOT NULL,
    file_name character varying NOT NULL,
    file_url character varying NOT NULL,
    uploaded_at timestamp with time zone
);


ALTER TABLE public.task_attachments OWNER TO malob;

--
-- Name: task_attachments_id_seq; Type: SEQUENCE; Schema: public; Owner: malob
--

CREATE SEQUENCE public.task_attachments_id_seq
    START WITH 1
    INCREMENT BY 1
    NO MINVALUE
    NO MAXVALUE
    CACHE 1;


ALTER TABLE public.task_attachments_id_seq OWNER TO malob;

--
-- Name: task_attachments_id_seq; Type: SEQUENCE OWNED BY; Schema: public; Owner: malob
--

ALTER SEQUENCE public.task_attachments_id_seq OWNED BY public.task_attachments.id;


--
-- Name: task_comments; Type: TABLE; Schema: public; Owner: malob
--

CREATE TABLE public.task_comments (
    id bigint NOT NULL,
    task_id uuid NOT NULL,
    author_id uuid NOT NULL,
    content text NOT NULL,
    created_at timestamp with time zone,
    updated_at timestamp with time zone
);


ALTER TABLE public.task_comments OWNER TO malob;

--
-- Name: task_comments_id_seq; Type: SEQUENCE; Schema: public; Owner: malob
--

CREATE SEQUENCE public.task_comments_id_seq
    START WITH 1
    INCREMENT BY 1
    NO MINVALUE
    NO MAXVALUE
    CACHE 1;


ALTER TABLE public.task_comments_id_seq OWNER TO malob;

--
-- Name: task_comments_id_seq; Type: SEQUENCE OWNED BY; Schema: public; Owner: malob
--

ALTER SEQUENCE public.task_comments_id_seq OWNED BY public.task_comments.id;


--
-- Name: task_tags; Type: TABLE; Schema: public; Owner: malob
--

CREATE TABLE public.task_tags (
    task_id uuid NOT NULL,
    tag_id integer NOT NULL
);


ALTER TABLE public.task_tags OWNER TO malob;

--
-- Name: tasks; Type: TABLE; Schema: public; Owner: malob
--

CREATE TABLE public.tasks (
    id uuid NOT NULL,
    title character varying NOT NULL,
    description text,
    type public.tasktype,
    status public.taskstatus,
    priority public.taskpriority,
    creator_id uuid NOT NULL,
    assignee_id uuid,
    due_date timestamp with time zone,
    opened_at timestamp with time zone,
    verification_opened_at timestamp with time zone,
    closed_at timestamp with time zone,
    google_calendar_event_id character varying
);


ALTER TABLE public.tasks OWNER TO malob;

--
-- Name: users; Type: TABLE; Schema: public; Owner: malob
--

CREATE TABLE public.users (
    id uuid DEFAULT gen_random_uuid() NOT NULL,
    username character varying NOT NULL,
    email character varying,
    password_hash character varying,
    google_sub character varying,
    role public.userrole NOT NULL,
    profile_picture_url character varying,
    calendar_id character varying
);


ALTER TABLE public.users OWNER TO malob;

--
-- Name: volunteer_preferences; Type: TABLE; Schema: public; Owner: malob
--

CREATE TABLE public.volunteer_preferences (
    volunteer_id uuid NOT NULL,
    preference_id integer NOT NULL,
    rank integer NOT NULL
);


ALTER TABLE public.volunteer_preferences OWNER TO malob;

--
-- Name: volunteer_slots; Type: TABLE; Schema: public; Owner: malob
--

CREATE TABLE public.volunteer_slots (
    volunteer_id uuid NOT NULL,
    slot_id integer NOT NULL
);


ALTER TABLE public.volunteer_slots OWNER TO malob;

--
-- Name: volunteers; Type: TABLE; Schema: public; Owner: malob
--

CREATE TABLE public.volunteers (
    id uuid DEFAULT gen_random_uuid() NOT NULL,
    first_name character varying NOT NULL,
    last_name character varying NOT NULL,
    email character varying,
    address character varying NOT NULL,
    phone_number character varying NOT NULL,
    volunteer_type public.recruitmenttype NOT NULL
);


ALTER TABLE public.volunteers OWNER TO malob;

--
-- Name: volunteers_mates; Type: TABLE; Schema: public; Owner: malob
--

CREATE TABLE public.volunteers_mates (
    volunteer_id uuid NOT NULL,
    mate_id uuid NOT NULL
);


ALTER TABLE public.volunteers_mates OWNER TO malob;

--
-- Name: activities id; Type: DEFAULT; Schema: public; Owner: malob
--

ALTER TABLE ONLY public.activities ALTER COLUMN id SET DEFAULT nextval('public.activities_id_seq'::regclass);


--
-- Name: categories id; Type: DEFAULT; Schema: public; Owner: malob
--

ALTER TABLE ONLY public.categories ALTER COLUMN id SET DEFAULT nextval('public.categories_id_seq1'::regclass);


--
-- Name: jobs id; Type: DEFAULT; Schema: public; Owner: malob
--

ALTER TABLE ONLY public.jobs ALTER COLUMN id SET DEFAULT nextval('public.jobs_id_seq'::regclass);


--
-- Name: preferences id; Type: DEFAULT; Schema: public; Owner: malob
--

ALTER TABLE ONLY public.preferences ALTER COLUMN id SET DEFAULT nextval('public.preferences_id_seq'::regclass);


--
-- Name: slots id; Type: DEFAULT; Schema: public; Owner: malob
--

ALTER TABLE ONLY public.slots ALTER COLUMN id SET DEFAULT nextval('public.slots_id_seq'::regclass);


--
-- Name: subtasks id; Type: DEFAULT; Schema: public; Owner: malob
--

ALTER TABLE ONLY public.subtasks ALTER COLUMN id SET DEFAULT nextval('public.subtasks_id_seq'::regclass);


--
-- Name: tags id; Type: DEFAULT; Schema: public; Owner: malob
--

ALTER TABLE ONLY public.tags ALTER COLUMN id SET DEFAULT nextval('public.tags_id_seq'::regclass);


--
-- Name: task_attachments id; Type: DEFAULT; Schema: public; Owner: malob
--

ALTER TABLE ONLY public.task_attachments ALTER COLUMN id SET DEFAULT nextval('public.task_attachments_id_seq'::regclass);


--
-- Name: task_comments id; Type: DEFAULT; Schema: public; Owner: malob
--

ALTER TABLE ONLY public.task_comments ALTER COLUMN id SET DEFAULT nextval('public.task_comments_id_seq'::regclass);


--
-- Data for Name: activities; Type: TABLE DATA; Schema: public; Owner: malob
--

COPY public.activities (id, title, action_type, user_id, created_at) FROM stdin;
7	✨ Nouvelle tâche __TASK__Intégrer les postes avec l'API__ENDTASK__ créée	task_created	0d9b1387-fc4d-4f21-aa5f-ce264f710055	2026-03-12 15:54:54.026162+00
8	✨ Nouvelle tâche __TASK__logique d'import / export des Postes__ENDTASK__ créée	task_created	0d9b1387-fc4d-4f21-aa5f-ce264f710055	2026-03-12 16:23:54.332678+00
9	✨ Nouvelle tâche __TASK__test de tache__ENDTASK__ créée	task_created	0d9b1387-fc4d-4f21-aa5f-ce264f710055	2026-03-12 16:28:35.77001+00
10	🔄 __TASK__test de tache__ENDTASK__ · 🔵 Ouvert → 🟢 Fermé	task_status_changed	0d9b1387-fc4d-4f21-aa5f-ce264f710055	2026-03-12 16:28:45.919669+00
11	🔄 __TASK__test de tache__ENDTASK__ · 🟢 Fermé → 🔵 Ouvert	task_status_changed	0d9b1387-fc4d-4f21-aa5f-ce264f710055	2026-03-12 16:28:46.096141+00
12	🔄 __TASK__test de tache__ENDTASK__ · 🔵 Ouvert → 🟢 Fermé	task_status_changed	0d9b1387-fc4d-4f21-aa5f-ce264f710055	2026-03-12 16:28:47.063216+00
13	✨ Nouvelle tâche __TASK__Faire l'interface graphique de l'assignation__ENDTASK__ créée	task_created	0d9b1387-fc4d-4f21-aa5f-ce264f710055	2026-03-13 07:53:25.61447+00
14	✨ Nouvelle tâche __TASK__FANUC Backup Analyser__ENDTASK__ créée	task_created	0d9b1387-fc4d-4f21-aa5f-ce264f710055	2026-03-13 08:21:18.845504+00
15	📅 __TASK__FANUC Backup Analyser__ENDTASK__ synchronisée avec Google Agenda	calendar_added	0d9b1387-fc4d-4f21-aa5f-ce264f710055	2026-03-13 10:17:20.915903+00
16	🗑️ __TASK__FANUC Backup Analyser__ENDTASK__ retirée de Google Agenda	calendar_removed	0d9b1387-fc4d-4f21-aa5f-ce264f710055	2026-03-13 13:29:56.481301+00
17	📅 __TASK__FANUC Backup Analyser__ENDTASK__ synchronisée avec Google Agenda	calendar_added	0d9b1387-fc4d-4f21-aa5f-ce264f710055	2026-03-13 13:30:26.18289+00
18	🗑️ __TASK__FANUC Backup Analyser__ENDTASK__ retirée de Google Agenda	calendar_removed	0d9b1387-fc4d-4f21-aa5f-ce264f710055	2026-03-13 13:30:56.158149+00
19	✨ Nouvelle tâche __TASK__ncxthdg__ENDTASK__ créée	task_created	0d9b1387-fc4d-4f21-aa5f-ce264f710055	2026-03-13 13:56:59.795433+00
20	💬 Nouveau commentaire sur __TASK__ncxthdg__ENDTASK__	comment_added	0d9b1387-fc4d-4f21-aa5f-ce264f710055	2026-03-13 13:57:16.210096+00
21	🔄 __TASK__ncxthdg__ENDTASK__ · 🔵 Ouvert → 🟢 Fermé	task_status_changed	0d9b1387-fc4d-4f21-aa5f-ce264f710055	2026-03-13 13:57:56.459668+00
22	📅 __TASK__FANUC Backup Analyser__ENDTASK__ synchronisée avec Google Agenda	calendar_added	0d9b1387-fc4d-4f21-aa5f-ce264f710055	2026-03-13 13:58:51.90128+00
23	✨ Nouvelle tâche __TASK__corriger copie 4eme__ENDTASK__ créée	task_created	0d9b1387-fc4d-4f21-aa5f-ce264f710055	2026-03-13 14:27:59.699095+00
24	💬 Nouveau commentaire sur __TASK__corriger copie 4eme__ENDTASK__	comment_added	0d9b1387-fc4d-4f21-aa5f-ce264f710055	2026-03-13 14:28:22.583297+00
25	🔄 __TASK__corriger copie 4eme__ENDTASK__ · 🔵 Ouvert → 🟢 Fermé	task_status_changed	0d9b1387-fc4d-4f21-aa5f-ce264f710055	2026-03-13 14:29:06.362016+00
26	🔄 __TASK__corriger copie 4eme__ENDTASK__ · 🟢 Fermé → 🔵 Ouvert	task_status_changed	0d9b1387-fc4d-4f21-aa5f-ce264f710055	2026-03-13 14:29:08.572646+00
27	🔄 __TASK__corriger copie 4eme__ENDTASK__ · 🔵 Ouvert → 🟢 Fermé	task_status_changed	0d9b1387-fc4d-4f21-aa5f-ce264f710055	2026-03-13 14:29:21.970406+00
28	🗑️ __TASK__FANUC Backup Analyser__ENDTASK__ retirée de Google Agenda	calendar_removed	0d9b1387-fc4d-4f21-aa5f-ce264f710055	2026-03-13 14:30:19.550118+00
29	📅 __TASK__FANUC Backup Analyser__ENDTASK__ synchronisée avec Google Agenda	calendar_added	0d9b1387-fc4d-4f21-aa5f-ce264f710055	2026-03-13 14:30:36.649939+00
30	🗑️ __TASK__FANUC Backup Analyser__ENDTASK__ retirée de Google Agenda	calendar_removed	0d9b1387-fc4d-4f21-aa5f-ce264f710055	2026-03-13 14:31:03.105435+00
31	✨ Nouvelle tâche __TASK__iqbg fif__ENDTASK__ créée	task_created	0d9b1387-fc4d-4f21-aa5f-ce264f710055	2026-03-13 16:26:55.868445+00
32	💬 Nouveau commentaire sur __TASK__iqbg fif__ENDTASK__	comment_added	0d9b1387-fc4d-4f21-aa5f-ce264f710055	2026-03-13 16:27:27.483722+00
33	🔄 __TASK__iqbg fif__ENDTASK__ · 🔵 Ouvert → 🟣 À vérifier	task_status_changed	0d9b1387-fc4d-4f21-aa5f-ce264f710055	2026-03-13 16:27:50.267608+00
34	📅 __TASK__FANUC Backup Analyser__ENDTASK__ synchronisée avec Google Agenda	calendar_added	0d9b1387-fc4d-4f21-aa5f-ce264f710055	2026-03-13 16:28:49.198942+00
35	🔄 __TASK__iqbg fif__ENDTASK__ · 🟣 À vérifier → 🟢 Fermé	task_status_changed	0d9b1387-fc4d-4f21-aa5f-ce264f710055	2026-03-13 16:44:34.427538+00
36	🔄 __TASK__Intégrer les postes avec l'API__ENDTASK__ · 🔵 Ouvert → 🟢 Fermé	task_status_changed	0d9b1387-fc4d-4f21-aa5f-ce264f710055	2026-03-13 18:24:34.608986+00
37	🔄 __TASK__Intégrer les postes avec l'API__ENDTASK__ · 🟢 Fermé → 🔵 Ouvert	task_status_changed	0d9b1387-fc4d-4f21-aa5f-ce264f710055	2026-03-13 18:25:25.861726+00
38	💬 Nouveau commentaire sur __TASK__Intégrer les postes avec l'API__ENDTASK__	comment_added	0d9b1387-fc4d-4f21-aa5f-ce264f710055	2026-03-13 18:26:02.110779+00
39	🔄 __TASK__Intégrer les postes avec l'API__ENDTASK__ · 🔵 Ouvert → 🟢 Fermé	task_status_changed	0d9b1387-fc4d-4f21-aa5f-ce264f710055	2026-03-14 14:52:10.561616+00
40	🗑️ __TASK__FANUC Backup Analyser__ENDTASK__ retirée de Google Agenda	calendar_removed	0d9b1387-fc4d-4f21-aa5f-ce264f710055	2026-03-16 17:04:45.473045+00
41	📅 __TASK__FANUC Backup Analyser__ENDTASK__ synchronisée avec Google Agenda	calendar_added	0d9b1387-fc4d-4f21-aa5f-ce264f710055	2026-03-16 17:04:50.48211+00
42	✨ Nouvelle tâche __TASK__couper chauffage showroom__ENDTASK__ créée	task_created	0d9b1387-fc4d-4f21-aa5f-ce264f710055	2026-03-16 17:09:03.115653+00
43	🔄 __TASK__couper chauffage showroom__ENDTASK__ · 🔵 Ouvert → 🟢 Fermé	task_status_changed	0d9b1387-fc4d-4f21-aa5f-ce264f710055	2026-03-16 23:17:23.052705+00
44	🔄 __TASK__logique d'import / export des Postes__ENDTASK__ · 🔵 Ouvert → 🟢 Fermé	task_status_changed	0d9b1387-fc4d-4f21-aa5f-ce264f710055	2026-03-16 23:17:40.914619+00
45	✨ Nouvelle tâche __TASK__Adaptation du noyau fonctionnel pour fonctionner avec du json + adapter parseur bénévoles__ENDTASK__ créée	task_created	0d9b1387-fc4d-4f21-aa5f-ce264f710055	2026-03-16 23:21:15.420553+00
46	✨ Nouvelle tâche __TASK__sfdnbxfb__ENDTASK__ créée	task_created	0d9b1387-fc4d-4f21-aa5f-ce264f710055	2026-03-17 10:59:18.68221+00
47	💬 Nouveau commentaire sur __TASK__sfdnbxfb__ENDTASK__	comment_added	0d9b1387-fc4d-4f21-aa5f-ce264f710055	2026-03-17 10:59:32.898598+00
48	🔄 __TASK__sfdnbxfb__ENDTASK__ · 🔵 Ouvert → 🟣 À vérifier	task_status_changed	0d9b1387-fc4d-4f21-aa5f-ce264f710055	2026-03-17 11:00:14.497216+00
49	🔄 __TASK__sfdnbxfb__ENDTASK__ · 🟣 À vérifier → 🟢 Fermé	task_status_changed	0d9b1387-fc4d-4f21-aa5f-ce264f710055	2026-03-17 11:00:20.129656+00
50	✨ Nouvelle tâche __TASK__xcvbn,__ENDTASK__ créée	task_created	0d9b1387-fc4d-4f21-aa5f-ce264f710055	2026-03-17 11:27:18.811111+00
51	🔄 __TASK__xcvbn,__ENDTASK__ · 🔵 Ouvert → 🟢 Fermé	task_status_changed	0d9b1387-fc4d-4f21-aa5f-ce264f710055	2026-03-17 11:27:37.961264+00
52	💬 Nouveau commentaire sur __TASK__FANUC Backup Analyser__ENDTASK__	comment_added	0d9b1387-fc4d-4f21-aa5f-ce264f710055	2026-03-17 11:28:12.856294+00
53	✨ Nouvelle tâche __TASK__revoir mise à jour categorie/préférence page benevole__ENDTASK__ créée	task_created	0d9b1387-fc4d-4f21-aa5f-ce264f710055	2026-03-17 22:03:38.8915+00
54	🗑️ __TASK__FANUC Backup Analyser__ENDTASK__ retirée de Google Agenda	calendar_removed	0d9b1387-fc4d-4f21-aa5f-ce264f710055	2026-03-18 11:45:18.774669+00
55	📅 __TASK__FANUC Backup Analyser__ENDTASK__ synchronisée avec Google Agenda	calendar_added	0d9b1387-fc4d-4f21-aa5f-ce264f710055	2026-03-18 11:45:24.367536+00
56	🗑️ __TASK__FANUC Backup Analyser__ENDTASK__ retirée de Google Agenda	calendar_removed	0d9b1387-fc4d-4f21-aa5f-ce264f710055	2026-03-18 11:51:28.324258+00
57	📅 __TASK__FANUC Backup Analyser__ENDTASK__ synchronisée avec Google Agenda	calendar_added	0d9b1387-fc4d-4f21-aa5f-ce264f710055	2026-03-18 11:51:35.953383+00
58	🔄 __TASK__revoir mise à jour categorie/préférence page benevole__ENDTASK__ · 🔵 Ouvert → 🟢 Fermé	task_status_changed	0d9b1387-fc4d-4f21-aa5f-ce264f710055	2026-03-18 11:51:57.835653+00
59	🔄 __TASK__revoir mise à jour categorie/préférence page benevole__ENDTASK__ · 🟢 Fermé → 🔵 Ouvert	task_status_changed	0d9b1387-fc4d-4f21-aa5f-ce264f710055	2026-03-18 12:54:16.371955+00
60	🔄 __TASK__revoir mise à jour categorie/préférence page benevole__ENDTASK__ · 🔵 Ouvert → 🟢 Fermé	task_status_changed	0d9b1387-fc4d-4f21-aa5f-ce264f710055	2026-03-18 12:54:17.500469+00
61	📥 Importation de 371 postes depuis un tableur	job_table_imported	0d9b1387-fc4d-4f21-aa5f-ce264f710055	2026-03-18 12:54:51.101256+00
62	📥 Importation de #371 postes depuis un tableur	job_table_imported	0d9b1387-fc4d-4f21-aa5f-ce264f710055	2026-03-18 13:13:37.96373+00
63	🗑️ __TASK__FANUC Backup Analyser__ENDTASK__ retirée de _Google Agenda_	calendar_removed	0d9b1387-fc4d-4f21-aa5f-ce264f710055	2026-03-18 15:39:34.153365+00
64	📅 __TASK__FANUC Backup Analyser__ENDTASK__ synchronisée avec **Google Agenda**	calendar_added	0d9b1387-fc4d-4f21-aa5f-ce264f710055	2026-03-18 15:40:10.592227+00
65	✨ Nouvelle tâche __TASK__Drag and drop pour repositionner subtaskList__ENDTASK__ créée	task_created	0d9b1387-fc4d-4f21-aa5f-ce264f710055	2026-03-18 15:44:36.945903+00
66	📥 Importation de #371 postes	job_table_imported	0d9b1387-fc4d-4f21-aa5f-ce264f710055	2026-03-18 18:24:40.65164+00
67	📥 Importation de #371 postes	job_table_imported	0d9b1387-fc4d-4f21-aa5f-ce264f710055	2026-03-18 18:25:20.905236+00
68	📥 Importation de #371 postes	job_table_imported	0d9b1387-fc4d-4f21-aa5f-ce264f710055	2026-03-18 18:54:08.168775+00
69	📥 Importation de #371 postes	job_table_imported	0d9b1387-fc4d-4f21-aa5f-ce264f710055	2026-03-18 18:59:23.383755+00
70	📥 Importation de #371 postes	job_table_imported	0d9b1387-fc4d-4f21-aa5f-ce264f710055	2026-03-18 19:02:57.975453+00
71	🗂️ Importation de #371 **postes**	job_table_imported	0d9b1387-fc4d-4f21-aa5f-ce264f710055	2026-03-18 19:11:40.916655+00
72	🙋 Importation de #34 **bénévoles**	volunteer_table_imported	0d9b1387-fc4d-4f21-aa5f-ce264f710055	2026-03-18 19:11:54.227606+00
73	🙋 Importation de #34 **bénévoles**	volunteer_table_imported	0d9b1387-fc4d-4f21-aa5f-ce264f710055	2026-03-18 19:13:58.346262+00
74	🙋 Importation de #34 **bénévoles**	volunteer_table_imported	0d9b1387-fc4d-4f21-aa5f-ce264f710055	2026-03-18 19:17:14.693845+00
75	🙋 Importation de #0 **bénévoles**	volunteer_table_imported	0d9b1387-fc4d-4f21-aa5f-ce264f710055	2026-03-18 19:23:27.616545+00
76	🙋 Importation de #34 **bénévoles**	volunteer_table_imported	0d9b1387-fc4d-4f21-aa5f-ce264f710055	2026-03-18 19:23:44.001476+00
77	🙋 Importation de #34 **bénévoles**	volunteer_table_imported	0d9b1387-fc4d-4f21-aa5f-ce264f710055	2026-03-18 19:48:09.774712+00
78	🙋 Importation de #34 **bénévoles**	volunteer_table_imported	0d9b1387-fc4d-4f21-aa5f-ce264f710055	2026-03-18 19:52:39.513681+00
79	🙋 Importation de #34 **bénévoles**	volunteer_table_imported	0d9b1387-fc4d-4f21-aa5f-ce264f710055	2026-03-18 19:53:21.91964+00
80	🙋 Importation de #34 **bénévoles**	volunteer_table_imported	0d9b1387-fc4d-4f21-aa5f-ce264f710055	2026-03-18 19:58:15.802841+00
81	🙋 Importation de #34 **bénévoles**	volunteer_table_imported	0d9b1387-fc4d-4f21-aa5f-ce264f710055	2026-03-18 19:58:43.362774+00
82	🙋 Importation de #34 **bénévoles**	volunteer_table_imported	0d9b1387-fc4d-4f21-aa5f-ce264f710055	2026-03-18 20:02:04.495366+00
83	🙋 Importation de #34 **bénévoles**	volunteer_table_imported	0d9b1387-fc4d-4f21-aa5f-ce264f710055	2026-03-18 20:06:38.646864+00
84	🙋 Importation de #34 **bénévoles**	volunteer_table_imported	0d9b1387-fc4d-4f21-aa5f-ce264f710055	2026-03-18 20:18:45.337259+00
85	🙋 Importation de #34 **bénévoles**	volunteer_table_imported	0d9b1387-fc4d-4f21-aa5f-ce264f710055	2026-03-18 20:20:09.95834+00
86	🙋 Importation de #34 **bénévoles**	volunteer_table_imported	0d9b1387-fc4d-4f21-aa5f-ce264f710055	2026-03-18 20:30:45.229242+00
87	🙋 Importation de #34 **bénévoles**	volunteer_table_imported	0d9b1387-fc4d-4f21-aa5f-ce264f710055	2026-03-18 20:32:51.877833+00
88	✨ Nouvelle tâche __TASK__Corection Bug REGPOS mal parsé dans l'application__ENDTASK__ créée	task_created	0d9b1387-fc4d-4f21-aa5f-ce264f710055	2026-03-19 14:09:28.099952+00
89	🔄 __TASK__Drag and drop pour repositionner subtaskList__ENDTASK__ · 🔵 Ouvert → 🟢 Fermé	task_status_changed	0d9b1387-fc4d-4f21-aa5f-ce264f710055	2026-03-19 14:35:49.237523+00
90	✨ Nouvelle tâche __TASK__V2  Application __ENDTASK__ créée	task_created	0d9b1387-fc4d-4f21-aa5f-ce264f710055	2026-03-19 14:44:52.762525+00
91	💬 Nouveau commentaire sur __TASK__FANUC Backup Analyser__ENDTASK__	comment_added	0d9b1387-fc4d-4f21-aa5f-ce264f710055	2026-03-20 08:06:21.712887+00
92	💬 Nouveau commentaire sur __TASK__FANUC Backup Analyser__ENDTASK__	comment_added	0d9b1387-fc4d-4f21-aa5f-ce264f710055	2026-03-20 08:06:57.927442+00
93	💬 Nouveau commentaire sur __TASK__FANUC Backup Analyser__ENDTASK__	comment_added	0d9b1387-fc4d-4f21-aa5f-ce264f710055	2026-03-20 08:10:35.115733+00
94	💬 Nouveau commentaire sur __TASK__FANUC Backup Analyser__ENDTASK__	comment_added	0d9b1387-fc4d-4f21-aa5f-ce264f710055	2026-03-20 08:47:23.1938+00
95	💬 Nouveau commentaire sur __TASK__FANUC Backup Analyser__ENDTASK__	comment_added	0d9b1387-fc4d-4f21-aa5f-ce264f710055	2026-03-20 08:56:43.864073+00
96	🗑️ __TASK__FANUC Backup Analyser__ENDTASK__ retirée de _Google Agenda_	calendar_removed	0d9b1387-fc4d-4f21-aa5f-ce264f710055	2026-03-20 16:36:51.965554+00
97	📅 __TASK__FANUC Backup Analyser__ENDTASK__ synchronisée avec **Google Agenda**	calendar_added	0d9b1387-fc4d-4f21-aa5f-ce264f710055	2026-03-20 16:36:53.98531+00
98	🔄 __TASK__Corection Bug REGPOS mal parsé dans l'application__ENDTASK__ · 🔵 Ouvert → 🟢 Fermé	task_status_changed	0d9b1387-fc4d-4f21-aa5f-ce264f710055	2026-03-23 10:25:19.999363+00
99	🙋 Importation de #0 **bénévoles**	volunteer_table_imported	0d9b1387-fc4d-4f21-aa5f-ce264f710055	2026-03-23 13:12:43.317206+00
100	🙋 Importation de #0 **bénévoles**	volunteer_table_imported	0d9b1387-fc4d-4f21-aa5f-ce264f710055	2026-03-23 13:13:22.129038+00
101	🙋 Importation de #34 **bénévoles**	volunteer_table_imported	0d9b1387-fc4d-4f21-aa5f-ce264f710055	2026-03-23 13:13:44.283599+00
102	🙋 Importation de #34 **bénévoles**	volunteer_table_imported	0d9b1387-fc4d-4f21-aa5f-ce264f710055	2026-03-23 13:17:55.494335+00
103	🙋 Importation de #65 **bénévoles**	volunteer_table_imported	0d9b1387-fc4d-4f21-aa5f-ce264f710055	2026-03-23 13:20:20.579671+00
104	🙋 Importation de #65 **bénévoles**	volunteer_table_imported	0d9b1387-fc4d-4f21-aa5f-ce264f710055	2026-03-23 14:33:32.114159+00
105	💬 Nouveau commentaire sur __TASK__FANUC Backup Analyser__ENDTASK__	comment_added	0d9b1387-fc4d-4f21-aa5f-ce264f710055	2026-03-24 09:45:22.2827+00
106	🗑️ __TASK__FANUC Backup Analyser__ENDTASK__ retirée de _Google Agenda_	calendar_removed	0d9b1387-fc4d-4f21-aa5f-ce264f710055	2026-03-24 16:04:22.403789+00
107	📅 __TASK__FANUC Backup Analyser__ENDTASK__ synchronisée avec **Google Agenda**	calendar_added	0d9b1387-fc4d-4f21-aa5f-ce264f710055	2026-03-24 16:04:26.168146+00
108	💬 Nouveau commentaire sur __TASK__V2  Application __ENDTASK__	comment_added	0d9b1387-fc4d-4f21-aa5f-ce264f710055	2026-03-25 14:10:34.005323+00
109	🙋 Importation de #65 **bénévoles**	volunteer_table_imported	0d9b1387-fc4d-4f21-aa5f-ce264f710055	2026-03-25 14:44:14.712644+00
110	✨ Nouvelle tâche __TASK__Tâches restantes avant fin V1__ENDTASK__ créée	task_created	0d9b1387-fc4d-4f21-aa5f-ce264f710055	2026-03-25 15:49:22.876905+00
111	🙋 Importation de #65 **bénévoles**	volunteer_table_imported	0d9b1387-fc4d-4f21-aa5f-ce264f710055	2026-03-25 18:00:37.990266+00
112	🙋 Importation de #65 **bénévoles**	volunteer_table_imported	0d9b1387-fc4d-4f21-aa5f-ce264f710055	2026-03-25 18:20:57.236089+00
113	🙋 Importation de #65 **bénévoles**	volunteer_table_imported	0d9b1387-fc4d-4f21-aa5f-ce264f710055	2026-03-25 18:21:46.178328+00
114	🙋 Importation de #65 **bénévoles**	volunteer_table_imported	0d9b1387-fc4d-4f21-aa5f-ce264f710055	2026-03-25 18:23:17.325256+00
115	🗂️ Importation de #371 **postes**	job_table_imported	0d9b1387-fc4d-4f21-aa5f-ce264f710055	2026-03-25 18:43:15.214265+00
116	🙋 Importation de #34 **bénévoles**	volunteer_table_imported	0d9b1387-fc4d-4f21-aa5f-ce264f710055	2026-03-25 18:47:35.754111+00
117	🙋 Importation de #65 **bénévoles**	volunteer_table_imported	0d9b1387-fc4d-4f21-aa5f-ce264f710055	2026-03-25 18:48:21.76749+00
118	🙋 Importation de #65 **bénévoles**	volunteer_table_imported	0d9b1387-fc4d-4f21-aa5f-ce264f710055	2026-03-25 18:57:23.553442+00
119	🙋 Importation de #65 **bénévoles**	volunteer_table_imported	0d9b1387-fc4d-4f21-aa5f-ce264f710055	2026-03-26 14:23:16.530331+00
120	🙋 Importation de #65 **bénévoles**	volunteer_table_imported	0d9b1387-fc4d-4f21-aa5f-ce264f710055	2026-03-26 14:28:41.00075+00
121	🗂️ Importation de #371 **postes**	job_table_imported	0d9b1387-fc4d-4f21-aa5f-ce264f710055	2026-03-26 14:29:03.862519+00
122	🗂️ Importation de #371 **postes**	job_table_imported	0d9b1387-fc4d-4f21-aa5f-ce264f710055	2026-03-26 14:29:45.842196+00
123	🙋 Importation de #34 **bénévoles**	volunteer_table_imported	0d9b1387-fc4d-4f21-aa5f-ce264f710055	2026-03-26 14:30:05.436756+00
124	🙋 Importation de #0 **bénévoles**	volunteer_table_imported	0d9b1387-fc4d-4f21-aa5f-ce264f710055	2026-03-26 14:32:46.043523+00
125	🙋 Importation de #65 **bénévoles**	volunteer_table_imported	0d9b1387-fc4d-4f21-aa5f-ce264f710055	2026-03-26 14:33:04.27179+00
126	🙋 Importation de #34 **bénévoles**	volunteer_table_imported	0d9b1387-fc4d-4f21-aa5f-ce264f710055	2026-03-26 14:34:33.981884+00
127	🙋 Importation de #65 **bénévoles**	volunteer_table_imported	0d9b1387-fc4d-4f21-aa5f-ce264f710055	2026-03-26 14:35:27.602615+00
128	🙋 Importation de #65 **bénévoles**	volunteer_table_imported	0d9b1387-fc4d-4f21-aa5f-ce264f710055	2026-03-26 14:47:14.514566+00
129	🙋 Importation de #65 **bénévoles**	volunteer_table_imported	0d9b1387-fc4d-4f21-aa5f-ce264f710055	2026-03-26 14:48:15.017564+00
130	🙋 Importation de #65 **bénévoles**	volunteer_table_imported	0d9b1387-fc4d-4f21-aa5f-ce264f710055	2026-03-26 14:53:51.65294+00
131	🙋 Importation de #65 **bénévoles**	volunteer_table_imported	0d9b1387-fc4d-4f21-aa5f-ce264f710055	2026-03-26 14:59:13.959032+00
132	🙋 Importation de #65 **bénévoles**	volunteer_table_imported	0d9b1387-fc4d-4f21-aa5f-ce264f710055	2026-03-26 15:00:59.006278+00
133	🙋 Importation de #65 **bénévoles**	volunteer_table_imported	0d9b1387-fc4d-4f21-aa5f-ce264f710055	2026-03-26 15:06:50.951582+00
134	🙋 Importation de #65 **bénévoles**	volunteer_table_imported	0d9b1387-fc4d-4f21-aa5f-ce264f710055	2026-03-26 15:33:29.562985+00
135	🙋 Importation de #65 **bénévoles**	volunteer_table_imported	0d9b1387-fc4d-4f21-aa5f-ce264f710055	2026-03-26 15:37:26.832356+00
136	🙋 Importation de #65 **bénévoles**	volunteer_table_imported	0d9b1387-fc4d-4f21-aa5f-ce264f710055	2026-03-26 16:57:21.738276+00
137	🗂️ Importation de #371 **postes**	job_table_imported	0d9b1387-fc4d-4f21-aa5f-ce264f710055	2026-03-26 17:00:31.133991+00
138	🙋 Importation de #65 **bénévoles**	volunteer_table_imported	0d9b1387-fc4d-4f21-aa5f-ce264f710055	2026-03-26 17:15:20.092977+00
139	🗂️ Importation de #371 **postes**	job_table_imported	0d9b1387-fc4d-4f21-aa5f-ce264f710055	2026-03-26 17:20:41.150488+00
140	🔄 __TASK__Cahier des Charges — Interface d'Affectation__ENDTASK__ · 🔵 Ouvert → 🟢 Fermé	task_status_changed	0d9b1387-fc4d-4f21-aa5f-ce264f710055	2026-03-26 17:25:05.054279+00
141	🔄 __TASK__Cahier des Charges — Interface d'Affectation__ENDTASK__ · 🟢 Fermé → 🔵 Ouvert	task_status_changed	0d9b1387-fc4d-4f21-aa5f-ce264f710055	2026-03-26 17:25:14.105419+00
142	🙋 Importation de #65 **bénévoles**	volunteer_table_imported	0d9b1387-fc4d-4f21-aa5f-ce264f710055	2026-03-26 17:35:09.880293+00
143	📅 __TASK__Adaptation du noyau fonctionnel pour fonctionner avec du json__ENDTASK__ synchronisée avec **Google Agenda**	calendar_added	0d9b1387-fc4d-4f21-aa5f-ce264f710055	2026-03-30 11:29:36.706823+00
144	🗑️ __TASK__Adaptation du noyau fonctionnel pour fonctionner avec du json__ENDTASK__ retirée de _Google Agenda_	calendar_removed	0d9b1387-fc4d-4f21-aa5f-ce264f710055	2026-03-30 11:29:43.764365+00
145	🗑️ __TASK__FANUC Backup Analyser__ENDTASK__ retirée de _Google Agenda_	calendar_removed	0d9b1387-fc4d-4f21-aa5f-ce264f710055	2026-03-30 11:31:50.967452+00
146	📅 __TASK__FANUC Backup Analyser__ENDTASK__ synchronisée avec **Google Agenda**	calendar_added	0d9b1387-fc4d-4f21-aa5f-ce264f710055	2026-03-30 11:31:54.517181+00
147	🙋 Importation de #65 **bénévoles**	volunteer_table_imported	0d9b1387-fc4d-4f21-aa5f-ce264f710055	2026-03-30 12:59:53.778374+00
148	🙋 Importation de #65 **bénévoles**	volunteer_table_imported	0d9b1387-fc4d-4f21-aa5f-ce264f710055	2026-03-30 13:06:42.191262+00
149	🗂️ Importation de #371 **postes**	job_table_imported	0d9b1387-fc4d-4f21-aa5f-ce264f710055	2026-03-30 13:07:48.282424+00
150	🙋 Importation de #65 **bénévoles**	volunteer_table_imported	0d9b1387-fc4d-4f21-aa5f-ce264f710055	2026-04-01 07:37:47.197617+00
151	🙋 Importation de #65 **bénévoles**	volunteer_table_imported	0d9b1387-fc4d-4f21-aa5f-ce264f710055	2026-04-01 09:27:53.751678+00
152	🗂️ Importation de #371 **postes**	job_table_imported	0d9b1387-fc4d-4f21-aa5f-ce264f710055	2026-04-01 09:37:00.687601+00
153	🗂️ Importation de #371 **postes**	job_table_imported	0d9b1387-fc4d-4f21-aa5f-ce264f710055	2026-04-01 09:48:08.455264+00
154	🗂️ Importation de #373 **postes**	job_table_imported	0d9b1387-fc4d-4f21-aa5f-ce264f710055	2026-04-01 09:56:43.404342+00
155	🗂️ Importation de #374 **postes**	job_table_imported	0d9b1387-fc4d-4f21-aa5f-ce264f710055	2026-04-01 10:00:19.918331+00
156	🙋 Importation de #65 **bénévoles**	volunteer_table_imported	0d9b1387-fc4d-4f21-aa5f-ce264f710055	2026-04-01 10:01:12.983099+00
157	🙋 Importation de #65 **bénévoles**	volunteer_table_imported	0d9b1387-fc4d-4f21-aa5f-ce264f710055	2026-04-01 10:06:40.960406+00
158	🙋 Importation de #65 **bénévoles**	volunteer_table_imported	0d9b1387-fc4d-4f21-aa5f-ce264f710055	2026-04-01 11:28:03.166919+00
159	🗂️ Importation de #374 **postes**	job_table_imported	0d9b1387-fc4d-4f21-aa5f-ce264f710055	2026-04-01 11:53:22.89085+00
160	🔄 __TASK__Adaptation du noyau fonctionnel pour fonctionner avec du json__ENDTASK__ · 🔵 Ouvert → 🟢 Fermé	task_status_changed	0d9b1387-fc4d-4f21-aa5f-ce264f710055	2026-04-07 09:23:35.776133+00
161	🔄 __TASK__Cahier des Charges — Interface d'Affectation__ENDTASK__ · 🔵 Ouvert → 🟢 Fermé	task_status_changed	0d9b1387-fc4d-4f21-aa5f-ce264f710055	2026-04-07 09:24:22.444329+00
162	🙋 Importation de #65 **bénévoles**	volunteer_table_imported	0d9b1387-fc4d-4f21-aa5f-ce264f710055	2026-04-07 10:25:21.68437+00
163	🗂️ Importation de #370 **postes**	job_table_imported	0d9b1387-fc4d-4f21-aa5f-ce264f710055	2026-04-07 12:36:23.680989+00
164	🙋 Importation de #65 **bénévoles**	volunteer_table_imported	0d9b1387-fc4d-4f21-aa5f-ce264f710055	2026-04-07 15:23:18.770656+00
165	🙋 Importation de #3 **bénévoles**	volunteer_table_imported	0d9b1387-fc4d-4f21-aa5f-ce264f710055	2026-04-07 16:19:25.172139+00
166	🙋 Importation de #65 **bénévoles**	volunteer_table_imported	0d9b1387-fc4d-4f21-aa5f-ce264f710055	2026-04-07 16:22:09.711758+00
167	🙋 Importation de #65 **bénévoles**	volunteer_table_imported	0d9b1387-fc4d-4f21-aa5f-ce264f710055	2026-04-07 16:35:35.416406+00
168	🗂️ Importation de #370 **postes**	job_table_imported	0d9b1387-fc4d-4f21-aa5f-ce264f710055	2026-04-07 16:35:49.817869+00
169	🙋 Importation de #65 **bénévoles**	volunteer_table_imported	0d9b1387-fc4d-4f21-aa5f-ce264f710055	2026-04-07 17:25:20.703788+00
170	🗂️ Importation de #370 **postes**	job_table_imported	0d9b1387-fc4d-4f21-aa5f-ce264f710055	2026-04-07 17:27:28.202058+00
171	🙋 Importation de #103 **bénévoles**	volunteer_table_imported	0d9b1387-fc4d-4f21-aa5f-ce264f710055	2026-04-09 14:39:36.762603+00
172	🔄 __TASK__V2  Application __ENDTASK__ · 🔵 Ouvert → 🟢 Fermé	task_status_changed	0d9b1387-fc4d-4f21-aa5f-ce264f710055	2026-04-10 07:19:42.20039+00
173	🔄 __TASK__logique d'import / export des Postes__ENDTASK__ · 🟢 Fermé → 🔵 Ouvert	task_status_changed	0d9b1387-fc4d-4f21-aa5f-ce264f710055	2026-04-10 07:33:55.527673+00
174	🔄 __TASK__logique d'import / export des Postes__ENDTASK__ · 🔵 Ouvert → 🟢 Fermé	task_status_changed	0d9b1387-fc4d-4f21-aa5f-ce264f710055	2026-04-10 07:33:59.69053+00
175	🙋 Importation de #103 **bénévoles**	volunteer_table_imported	0d9b1387-fc4d-4f21-aa5f-ce264f710055	2026-04-10 09:46:18.553665+00
176	🙋 Importation de #103 **bénévoles**	volunteer_table_imported	0d9b1387-fc4d-4f21-aa5f-ce264f710055	2026-04-10 09:53:19.99364+00
177	✨ Nouvelle tâche __TASK__Idées V2 Application__ENDTASK__ créée	task_created	0d9b1387-fc4d-4f21-aa5f-ce264f710055	2026-04-10 12:03:54.193003+00
178	📅 #4 modifications apportées au **planning**	schedule_modified	0d9b1387-fc4d-4f21-aa5f-ce264f710055	2026-04-12 15:26:03.802843+00
179	🧬 Algorithme exécuté — génération 10/10, fitness 13.2%	genetic_algorithm_run	0d9b1387-fc4d-4f21-aa5f-ce264f710055	2026-04-12 15:26:59.570268+00
180	🧬 Algorithme exécuté — 101/103 bénévoles affectés — 247/738 affectations effectuées — Satisfaction 13.2%	genetic_algorithm_run	0d9b1387-fc4d-4f21-aa5f-ce264f710055	2026-04-12 15:31:48.422769+00
181	🧬 ~~101/103|bénévoles affectés~~ ~~248/738|affectations~~ ~~13.3%|satisfaction~~	genetic_algorithm_run	0d9b1387-fc4d-4f21-aa5f-ce264f710055	2026-04-12 15:38:04.472116+00
182	📅 #3 modifications apportées au **planning**	schedule_modified	0d9b1387-fc4d-4f21-aa5f-ce264f710055	2026-04-12 15:38:34.292618+00
183	🧬 Algorithme executé — ~~101/103|bénévoles affectés~~ ~~245/738|affectations~~ ~~13.2%|satisfaction~~	genetic_algorithm_run	0d9b1387-fc4d-4f21-aa5f-ce264f710055	2026-04-12 15:49:25.913642+00
184	🔄 __TASK__Tâches restantes avant fin V1__ENDTASK__ · 🔵 Ouvert → 🟢 Fermé	task_status_changed	0d9b1387-fc4d-4f21-aa5f-ce264f710055	2026-04-12 15:52:10.685488+00
185	🧬 Algorithme executé — ~~101/103|bénévoles affectés~~ | ~~249/738|affectations~~ | ~~13.3%|satisfaction~~	genetic_algorithm_run	0d9b1387-fc4d-4f21-aa5f-ce264f710055	2026-04-13 13:08:21.310371+00
186	🧬 Algorithme executé — ~~101/103|bénévoles affectés~~ | ~~246/738|affectations~~ | ~~13.3%|satisfaction~~	genetic_algorithm_run	0d9b1387-fc4d-4f21-aa5f-ce264f710055	2026-04-13 13:31:16.045535+00
187	🧬 Algorithme executé — ~~101/103|bénévoles affectés~~ | ~~546/738|affectations~~ | ~~24.9%|satisfaction~~	genetic_algorithm_run	0d9b1387-fc4d-4f21-aa5f-ce264f710055	2026-04-13 13:34:11.595381+00
188	🗂️ Importation de #370 **postes**	job_table_imported	0d9b1387-fc4d-4f21-aa5f-ce264f710055	2026-04-13 13:46:23.777132+00
189	🗂️ Importation de #370 **postes**	job_table_imported	0d9b1387-fc4d-4f21-aa5f-ce264f710055	2026-04-13 14:37:03.005437+00
190	🗂️ Importation de #370 **postes**	job_table_imported	0d9b1387-fc4d-4f21-aa5f-ce264f710055	2026-04-13 14:38:54.492142+00
191	🗂️ Importation de #370 **postes**	job_table_imported	0d9b1387-fc4d-4f21-aa5f-ce264f710055	2026-04-13 14:45:44.88463+00
192	🗂️ Importation de #370 **postes**	job_table_imported	0d9b1387-fc4d-4f21-aa5f-ce264f710055	2026-04-13 14:55:54.332042+00
193	🗂️ Importation de #370 **postes**	job_table_imported	0d9b1387-fc4d-4f21-aa5f-ce264f710055	2026-04-13 14:59:59.686602+00
194	🗂️ Importation de #370 **postes**	job_table_imported	0d9b1387-fc4d-4f21-aa5f-ce264f710055	2026-04-13 15:00:29.885401+00
195	🗂️ Importation de #370 **postes**	job_table_imported	0d9b1387-fc4d-4f21-aa5f-ce264f710055	2026-04-13 15:05:46.539634+00
196	🗂️ Importation de #370 **postes**	job_table_imported	0d9b1387-fc4d-4f21-aa5f-ce264f710055	2026-04-13 15:08:56.118042+00
197	🗂️ Importation de #370 **postes**	job_table_imported	0d9b1387-fc4d-4f21-aa5f-ce264f710055	2026-04-13 15:13:10.555032+00
198	🗂️ Importation de #370 **postes**	job_table_imported	0d9b1387-fc4d-4f21-aa5f-ce264f710055	2026-04-13 15:17:19.128316+00
199	🗂️ Importation de #370 **postes**	job_table_imported	0d9b1387-fc4d-4f21-aa5f-ce264f710055	2026-04-13 15:18:19.251856+00
200	🗂️ Importation de #370 **postes**	job_table_imported	0d9b1387-fc4d-4f21-aa5f-ce264f710055	2026-04-13 15:22:58.514344+00
201	🗂️ Importation de #370 **postes**	job_table_imported	0d9b1387-fc4d-4f21-aa5f-ce264f710055	2026-04-13 15:25:28.878351+00
202	🗂️ Importation de #370 **postes**	job_table_imported	0d9b1387-fc4d-4f21-aa5f-ce264f710055	2026-04-13 15:26:41.046644+00
203	🗂️ Importation de #370 **postes**	job_table_imported	0d9b1387-fc4d-4f21-aa5f-ce264f710055	2026-04-13 15:38:32.273724+00
204	🧬 Algorithme executé — ~~101/103|bénévoles affectés~~ | ~~546/718|affectations~~ | ~~25.6%|satisfaction~~	genetic_algorithm_run	0d9b1387-fc4d-4f21-aa5f-ce264f710055	2026-04-13 16:26:14.659353+00
205	🧬 Algorithme executé — ~~101/103|bénévoles affectés~~ | ~~545/718|affectations~~ | ~~25.6%|satisfaction~~	genetic_algorithm_run	0d9b1387-fc4d-4f21-aa5f-ce264f710055	2026-04-13 16:50:38.124703+00
206	🧬 Algorithme executé — ~~101/103|bénévoles affectés~~ | ~~550/718|affectations~~ | ~~25.6%|satisfaction~~	genetic_algorithm_run	0d9b1387-fc4d-4f21-aa5f-ce264f710055	2026-04-13 16:51:30.461657+00
207	🧬 Algorithme executé — ~~101/103|bénévoles affectés~~ | ~~542/718|affectations~~ | ~~25.6%|satisfaction~~	genetic_algorithm_run	0d9b1387-fc4d-4f21-aa5f-ce264f710055	2026-04-14 07:03:18.170389+00
208	🧬 Algorithme executé — ~~101/103|bénévoles affectés~~ | ~~536/718|affectations~~ | ~~66.9%|satisfaction~~	genetic_algorithm_run	0d9b1387-fc4d-4f21-aa5f-ce264f710055	2026-04-14 07:28:53.573133+00
209	🧬 Algorithme executé — ~~101/103|bénévoles affectés~~ | ~~536/718|affectations~~ | ~~66.8%|satisfaction~~	genetic_algorithm_run	0d9b1387-fc4d-4f21-aa5f-ce264f710055	2026-04-14 07:32:42.74616+00
210	🧬 Algorithme executé — ~~101/103|bénévoles affectés~~ | ~~534/718|affectations~~ | ~~66.9%|satisfaction~~	genetic_algorithm_run	0d9b1387-fc4d-4f21-aa5f-ce264f710055	2026-04-14 07:39:33.154576+00
211	🧬 Algorithme executé — ~~101/103|bénévoles affectés~~ | ~~536/718|affectations~~ | ~~66.7%|satisfaction~~	genetic_algorithm_run	0d9b1387-fc4d-4f21-aa5f-ce264f710055	2026-04-14 07:40:55.159265+00
212	🧬 Algorithme executé — ~~101/103|bénévoles affectés~~ | ~~536/718|affectations~~ | ~~67.2%|satisfaction~~	genetic_algorithm_run	0d9b1387-fc4d-4f21-aa5f-ce264f710055	2026-04-14 07:41:50.316798+00
213	🧬 Algorithme executé — ~~101/103|bénévoles affectés~~ | ~~534/718|affectations~~ | ~~66.9%|satisfaction~~	genetic_algorithm_run	0d9b1387-fc4d-4f21-aa5f-ce264f710055	2026-04-14 08:14:21.665545+00
214	🧬 Algorithme executé — ~~101/103|bénévoles affectés~~ | ~~536/718|affectations~~ | ~~66.9%|satisfaction~~	genetic_algorithm_run	0d9b1387-fc4d-4f21-aa5f-ce264f710055	2026-04-14 08:15:48.575802+00
215	🧬 Algorithme executé — ~~101/103|bénévoles affectés~~ | ~~539/718|affectations~~ | ~~67.0%|satisfaction~~	genetic_algorithm_run	0d9b1387-fc4d-4f21-aa5f-ce264f710055	2026-04-14 08:18:51.05069+00
216	🧬 Algorithme executé — ~~101/103|bénévoles affectés~~ | ~~540/718|affectations~~ | ~~67.1%|satisfaction~~	genetic_algorithm_run	0d9b1387-fc4d-4f21-aa5f-ce264f710055	2026-04-14 08:19:27.872418+00
217	🧬 Algorithme executé — ~~101/103|bénévoles affectés~~ | ~~537/718|affectations~~ | ~~66.8%|satisfaction~~	genetic_algorithm_run	0d9b1387-fc4d-4f21-aa5f-ce264f710055	2026-04-14 08:20:58.086317+00
218	🧬 Algorithme executé — ~~101/103|bénévoles affectés~~ | ~~533/718|affectations~~ | ~~67.0%|satisfaction~~	genetic_algorithm_run	0d9b1387-fc4d-4f21-aa5f-ce264f710055	2026-04-14 08:33:38.332271+00
219	🧬 Algorithme executé — ~~101/103|bénévoles affectés~~ | ~~536/718|affectations~~ | ~~66.8%|satisfaction~~	genetic_algorithm_run	0d9b1387-fc4d-4f21-aa5f-ce264f710055	2026-04-14 08:38:11.059599+00
220	🧬 Algorithme executé — ~~101/103|bénévoles affectés~~ | ~~536/718|affectations~~ | ~~66.7%|satisfaction~~	genetic_algorithm_run	0d9b1387-fc4d-4f21-aa5f-ce264f710055	2026-04-14 08:42:05.883918+00
221	🧬 Algorithme executé — ~~101/103|bénévoles affectés~~ | ~~534/718|affectations~~ | ~~66.7%|satisfaction~~	genetic_algorithm_run	0d9b1387-fc4d-4f21-aa5f-ce264f710055	2026-04-14 09:16:09.518176+00
222	🧬 Algorithme executé — ~~101/103|bénévoles affectés~~ | ~~535/718|affectations~~ | ~~67.1%|satisfaction~~	genetic_algorithm_run	0d9b1387-fc4d-4f21-aa5f-ce264f710055	2026-04-14 09:23:15.939949+00
223	🧬 Algorithme executé — ~~101/103|bénévoles affectés~~ | ~~536/718|affectations~~ | ~~66.8%|satisfaction~~	genetic_algorithm_run	0d9b1387-fc4d-4f21-aa5f-ce264f710055	2026-04-14 09:31:24.433454+00
224	🧬 Algorithme executé — ~~101/103|bénévoles affectés~~ | ~~538/718|affectations~~ | ~~66.7%|satisfaction~~	genetic_algorithm_run	0d9b1387-fc4d-4f21-aa5f-ce264f710055	2026-04-14 09:35:36.487266+00
225	🧬 Algorithme executé — ~~101/103|bénévoles affectés~~ | ~~532/718|affectations~~ | ~~67.0%|satisfaction~~	genetic_algorithm_run	0d9b1387-fc4d-4f21-aa5f-ce264f710055	2026-04-14 09:37:47.497613+00
226	🧬 Algorithme executé — ~~101/103|bénévoles affectés~~ | ~~537/718|affectations~~ | ~~66.8%|satisfaction~~	genetic_algorithm_run	0d9b1387-fc4d-4f21-aa5f-ce264f710055	2026-04-14 09:49:55.952121+00
227	🧬 Algorithme executé — ~~101/103|bénévoles affectés~~ | ~~537/718|affectations~~ | ~~66.8%|satisfaction~~	genetic_algorithm_run	0d9b1387-fc4d-4f21-aa5f-ce264f710055	2026-04-14 09:51:25.217986+00
228	🧬 Algorithme executé — ~~101/103|bénévoles affectés~~ | ~~536/718|affectations~~ | ~~66.9%|satisfaction~~	genetic_algorithm_run	0d9b1387-fc4d-4f21-aa5f-ce264f710055	2026-04-14 09:56:58.589389+00
229	🧬 Algorithme executé — ~~101/103|bénévoles affectés~~ | ~~537/718|affectations~~ | ~~66.8%|satisfaction~~	genetic_algorithm_run	0d9b1387-fc4d-4f21-aa5f-ce264f710055	2026-04-14 10:18:46.235271+00
230	🧬 Algorithme executé — ~~101/103|bénévoles affectés~~ | ~~534/718|affectations~~ | ~~66.9%|satisfaction~~	genetic_algorithm_run	0d9b1387-fc4d-4f21-aa5f-ce264f710055	2026-04-14 10:20:43.947159+00
231	🧬 Algorithme executé — ~~101/103|bénévoles affectés~~ | ~~534/718|affectations~~ | ~~66.8%|satisfaction~~	genetic_algorithm_run	0d9b1387-fc4d-4f21-aa5f-ce264f710055	2026-04-14 10:21:23.648904+00
232	🧬 Algorithme executé — ~~101/103|bénévoles affectés~~ | ~~535/718|affectations~~ | ~~66.7%|satisfaction~~	genetic_algorithm_run	0d9b1387-fc4d-4f21-aa5f-ce264f710055	2026-04-14 10:22:08.910675+00
233	🙋 Importation de #103 **bénévoles**	volunteer_table_imported	0d9b1387-fc4d-4f21-aa5f-ce264f710055	2026-04-14 14:05:47.346636+00
234	🙋 Importation de #103 **bénévoles**	volunteer_table_imported	0d9b1387-fc4d-4f21-aa5f-ce264f710055	2026-04-14 14:07:11.718366+00
235	🙋 Importation de #103 **bénévoles**	volunteer_table_imported	0d9b1387-fc4d-4f21-aa5f-ce264f710055	2026-04-14 14:14:57.616338+00
236	🙋 Importation de #103 **bénévoles**	volunteer_table_imported	0d9b1387-fc4d-4f21-aa5f-ce264f710055	2026-04-14 14:25:21.863056+00
237	🙋 Importation de #103 **bénévoles**	volunteer_table_imported	0d9b1387-fc4d-4f21-aa5f-ce264f710055	2026-04-14 14:32:06.389969+00
238	🙋 Importation de #103 **bénévoles**	volunteer_table_imported	0d9b1387-fc4d-4f21-aa5f-ce264f710055	2026-04-14 14:36:54.853112+00
239	🙋 Importation de #103 **bénévoles**	volunteer_table_imported	0d9b1387-fc4d-4f21-aa5f-ce264f710055	2026-04-14 14:39:17.645378+00
240	🙋 Importation de #103 **bénévoles**	volunteer_table_imported	0d9b1387-fc4d-4f21-aa5f-ce264f710055	2026-04-14 14:40:37.018624+00
241	🧬 Algorithme executé — ~~103/103|bénévoles affectés~~ | ~~541/718|affectations~~ | ~~71.0%|satisfaction~~	genetic_algorithm_run	0d9b1387-fc4d-4f21-aa5f-ce264f710055	2026-04-14 14:43:27.087645+00
242	🧬 Algorithme executé — ~~103/103|bénévoles affectés~~ | ~~540/718|affectations~~ | ~~73.1%|satisfaction~~	genetic_algorithm_run	0d9b1387-fc4d-4f21-aa5f-ce264f710055	2026-04-14 14:47:50.515065+00
243	🔄 __TASK__Tâches restantes avant fin V1__ENDTASK__ · 🟢 Fermé → 🔵 Ouvert	task_status_changed	0d9b1387-fc4d-4f21-aa5f-ce264f710055	2026-04-14 14:55:10.367462+00
244	🔄 __TASK__Tâches restantes avant fin V1__ENDTASK__ · 🔵 Ouvert → 🟢 Fermé	task_status_changed	0d9b1387-fc4d-4f21-aa5f-ce264f710055	2026-04-14 15:04:30.340252+00
245	🗑️ __TASK__FANUC Backup Analyser__ENDTASK__ retirée de _Google Agenda_	calendar_removed	0d9b1387-fc4d-4f21-aa5f-ce264f710055	2026-04-14 15:07:08.503022+00
246	📅 __TASK__FANUC Backup Analyser__ENDTASK__ synchronisée avec **Google Agenda**	calendar_added	0d9b1387-fc4d-4f21-aa5f-ce264f710055	2026-04-14 15:07:29.066367+00
247	🧬 Algorithme executé — ~~103/103|bénévoles affectés~~ | ~~542/718|affectations~~ | ~~72.8%|satisfaction~~	genetic_algorithm_run	0d9b1387-fc4d-4f21-aa5f-ce264f710055	2026-04-16 07:08:49.422967+00
248	🧬 Algorithme executé — ~~103/103|bénévoles affectés~~ | ~~547/718|affectations~~ | ~~73.1%|satisfaction~~	genetic_algorithm_run	0d9b1387-fc4d-4f21-aa5f-ce264f710055	2026-04-16 12:09:15.568132+00
249	🙋 Importation de #140 **bénévoles**	volunteer_table_imported	0d9b1387-fc4d-4f21-aa5f-ce264f710055	2026-04-17 08:24:12.978439+00
250	🧬 Algorithme executé — ~~140/140|bénévoles affectés~~ | ~~670/718|affectations~~ | ~~89.6%|satisfaction~~	genetic_algorithm_run	0d9b1387-fc4d-4f21-aa5f-ce264f710055	2026-04-17 08:44:46.222892+00
251	🙋 Importation de #140 **bénévoles**	volunteer_table_imported	0d9b1387-fc4d-4f21-aa5f-ce264f710055	2026-04-17 19:19:30.558574+00
252	🧬 Algorithme executé — ~~140/140|bénévoles affectés~~ | ~~669/718|affectations~~ | ~~88.1%|satisfaction~~	genetic_algorithm_run	0d9b1387-fc4d-4f21-aa5f-ce264f710055	2026-04-17 19:27:39.739343+00
253	📅 #7 modifications apportées au **planning**	schedule_modified	0d9b1387-fc4d-4f21-aa5f-ce264f710055	2026-04-17 19:29:29.443641+00
\.


--
-- Data for Name: assignments; Type: TABLE DATA; Schema: public; Owner: malob
--

COPY public.assignments (volunteer_id, job_id) FROM stdin;
d8490c4b-eb3e-409b-9bef-5f487eac0cb4	14700
f1f89103-9492-40ec-be4b-3dab4ac2d3d7	14490
c3ee5e1e-4b3c-4599-8548-5ffb26a8f231	14490
caf5bbf7-262f-44fa-a356-b93f192b81b4	14500
14478f23-9fca-4242-8654-51e5021f34c3	14500
14172b45-22e7-4f76-bce3-75c3461bebd7	14510
ec562f72-f48f-46b7-a65e-ca76f66ac1e4	14510
72bf3e9e-43e5-415a-80d1-75d240036ff4	14516
8489e93b-336d-4cae-a93d-5f28121995a1	14516
cab7ab67-16b8-4aab-b97c-afb82ad4c300	14523
b1b5b015-d1da-4574-8f00-cbf1b69c5d0c	14523
caf5bbf7-262f-44fa-a356-b93f192b81b4	14491
14478f23-9fca-4242-8654-51e5021f34c3	14491
20ad0732-4a9f-4985-a30d-d193ae9150be	14501
ec562f72-f48f-46b7-a65e-ca76f66ac1e4	14501
05ada3d9-a594-4fd4-85da-785c99bab253	14511
a38560db-1cc6-46aa-99fb-a96f07d4d3f7	14511
d8490c4b-eb3e-409b-9bef-5f487eac0cb4	14716
14172b45-22e7-4f76-bce3-75c3461bebd7	14716
8f2c47c7-37c8-4a3a-b340-ef6d635f2254	14716
8591dc39-238e-4147-9a9e-fc63cd1b420c	14716
b1b5b015-d1da-4574-8f00-cbf1b69c5d0c	14517
98cb6e10-5ec1-4c95-905b-573acc0e693b	14517
19b24f31-5529-478b-9b0f-d6da1d189297	14524
72bf3e9e-43e5-415a-80d1-75d240036ff4	14524
caf5bbf7-262f-44fa-a356-b93f192b81b4	14460
7573745b-b9ee-4067-b6b4-1185ca49264f	14460
14478f23-9fca-4242-8654-51e5021f34c3	14468
e3607055-7718-4126-ace7-99a91058580b	14468
381c7d83-093e-4307-bfeb-b355dc32ffe4	14476
3ff5ffc0-4a27-489e-b177-5999aeb17453	14476
4e091d3a-5b1f-4527-a718-41cd7b9f635f	14492
8489e93b-336d-4cae-a93d-5f28121995a1	14492
20ad0732-4a9f-4985-a30d-d193ae9150be	14502
ec562f72-f48f-46b7-a65e-ca76f66ac1e4	14502
05ada3d9-a594-4fd4-85da-785c99bab253	14512
f8562cdd-dced-4d90-a549-fdede5533797	14512
14172b45-22e7-4f76-bce3-75c3461bebd7	14614
f22c8b8e-1f9c-4c89-9732-490628b4638e	14626
f99a934c-4209-42df-b9c4-42e96df716db	14638
5e7e0b8c-ccc5-48b6-95bf-940a25ccd1dd	14638
3ab86878-36b5-460f-b898-b3a2579a70c8	14648
313cf46f-dba0-4e4c-855c-ff5ef4db08a6	14660
6ef0cfaf-d8e3-4d88-bed7-517dcacaf8e8	14660
8f2c47c7-37c8-4a3a-b340-ef6d635f2254	14660
aa1ebcf3-cd53-4101-b470-21bad02e1a01	14660
7054d05d-31dc-47d0-96d9-86837c967e87	14660
9eaf1a52-9aa0-4d89-9185-cf70c37cf19e	14672
5435f11f-3a1d-4137-8438-9a58839d2700	14672
a2c33b51-f7a3-4d96-9ca3-3125b45fe870	14717
5564bd69-c445-4a75-8ed0-0b130f52f15a	14717
c336a3c6-0370-4560-9031-8e8fc4849d69	14717
a3569ef2-2a84-4620-9882-7ed1fef3992b	14717
af43a431-d50e-436a-94e6-47ca62a074a3	14738
b34ad9be-cf12-4577-83a4-70d97011a9dc	14738
7573745b-b9ee-4067-b6b4-1185ca49264f	14461
e3607055-7718-4126-ace7-99a91058580b	14461
350246cf-85e3-41ea-9402-808a86891988	14469
80d387a5-f602-4370-96cb-4e187274dc38	14469
cd03fd9c-00ab-4c26-ab40-befa023efa30	14477
661bd48f-27e9-429e-894f-c49bbe00aa71	14477
ee89a523-133b-4928-8e62-1c2e80126981	14518
b1b5b015-d1da-4574-8f00-cbf1b69c5d0c	14518
16437cac-04c8-4782-b574-d52d922e88ba	14525
793e6f29-46ef-4d5a-b82a-bef2e0262c7a	14525
98cb6e10-5ec1-4c95-905b-573acc0e693b	14531
72afe6f3-2973-4839-a9f2-868a8d19ff03	14531
2ca9ae32-43c1-40b8-af57-cda5f94aee20	14531
d5caa154-d2af-4ad5-a577-434a4c5eac35	14531
884832b1-d07c-4c5e-9441-468d9b6a98e1	14562
8f7df7d8-40bd-4164-bb99-77439a4c0b9e	14562
6e365845-a7fc-430d-9566-68076e06aed9	14591
1bf49031-ad63-4dce-9eff-92901a34a0dc	14603
6349d1de-dc8a-4641-8ee3-858da18fb32f	14603
80c0db99-91c6-4ff7-b990-34dc1c434d41	14701
f8438f9a-c632-4820-94dd-239b0ceda84b	14701
3378236e-4696-4006-a4ca-74ed3bef08cc	14745
3ff5ffc0-4a27-489e-b177-5999aeb17453	14758
d8490c4b-eb3e-409b-9bef-5f487eac0cb4	14758
644715f3-1418-4847-aded-cb474ea7547a	14503
4e091d3a-5b1f-4527-a718-41cd7b9f635f	14503
8489e93b-336d-4cae-a93d-5f28121995a1	14513
20ad0732-4a9f-4985-a30d-d193ae9150be	14513
f75c7a6f-2f74-449d-b2fc-122557c7031d	14615
f22c8b8e-1f9c-4c89-9732-490628b4638e	14615
f99a934c-4209-42df-b9c4-42e96df716db	14627
5e7e0b8c-ccc5-48b6-95bf-940a25ccd1dd	14627
3ab86878-36b5-460f-b898-b3a2579a70c8	14627
313cf46f-dba0-4e4c-855c-ff5ef4db08a6	14627
62df3a66-0d80-4162-a0e3-2f61d942572c	14627
6ef0cfaf-d8e3-4d88-bed7-517dcacaf8e8	14627
05ada3d9-a594-4fd4-85da-785c99bab253	14639
8c90d2d0-ad13-42bc-8807-a8597cb7a42c	14639
8f2c47c7-37c8-4a3a-b340-ef6d635f2254	14639
aa1ebcf3-cd53-4101-b470-21bad02e1a01	14639
7054d05d-31dc-47d0-96d9-86837c967e87	14639
0b1c89e2-d266-43c9-9966-187634e68b2e	14649
9eaf1a52-9aa0-4d89-9185-cf70c37cf19e	14649
5435f11f-3a1d-4137-8438-9a58839d2700	14661
219a190f-283e-4d53-a51b-a2f7d40aa881	14661
621d7d7d-ac97-49c6-b929-3ccd448ce957	14661
e883a076-2836-4283-8928-c5502ca4fff7	14661
17bb5c9d-52c0-4ffb-8f7d-798b2adf0005	14673
af43a431-d50e-436a-94e6-47ca62a074a3	14673
f8562cdd-dced-4d90-a549-fdede5533797	14739
a2c33b51-f7a3-4d96-9ca3-3125b45fe870	14739
e7575b6f-3ff6-4fd8-a3d9-7462fb446170	14759
20ee5a19-dab6-44f9-ac5e-3730ccbba261	14759
caf5bbf7-262f-44fa-a356-b93f192b81b4	14499
7573745b-b9ee-4067-b6b4-1185ca49264f	14499
b409f5f4-ae5a-4d64-9846-01ea83738655	14499
3ff5ffc0-4a27-489e-b177-5999aeb17453	14543
d8490c4b-eb3e-409b-9bef-5f487eac0cb4	14543
d8490c4b-eb3e-409b-9bef-5f487eac0cb4	14552
b1b5b015-d1da-4574-8f00-cbf1b69c5d0c	14552
fbd92b85-d0d3-4f0c-a45c-e801e0affa2c	14552
16437cac-04c8-4782-b574-d52d922e88ba	14576
8591dc39-238e-4147-9a9e-fc63cd1b420c	14576
1dfc3674-4b48-40c3-acef-51e06a8bfe3a	14826
c9f0e75c-f281-421a-aa0c-64751440203b	14826
11945d73-1042-4137-969a-674f12594e0e	14826
ebdd2ce9-8c0b-48f2-ac04-c6ee847533a1	14826
76b95f28-ff04-42d6-9b23-f3d129019ebc	14827
02877ffb-6f69-4964-85a2-c2cede8a0189	14827
d5325532-6c9c-489d-84da-847f7034b466	14828
e4c128fd-a700-4575-a2b9-865fb371cb37	14828
14172b45-22e7-4f76-bce3-75c3461bebd7	14828
25752212-a8ab-4ed2-9aaf-af08c0ae6655	14829
0b5cd8e4-717e-4de6-90a8-0f714b978383	14829
f1f89103-9492-40ec-be4b-3dab4ac2d3d7	14693
381c7d83-093e-4307-bfeb-b355dc32ffe4	14693
c3ee5e1e-4b3c-4599-8548-5ffb26a8f231	14693
cd03fd9c-00ab-4c26-ab40-befa023efa30	14693
ccfbfd05-424e-4545-b69c-a09e7633819b	14732
14478f23-9fca-4242-8654-51e5021f34c3	14732
793e6f29-46ef-4d5a-b82a-bef2e0262c7a	14561
a38560db-1cc6-46aa-99fb-a96f07d4d3f7	14561
ebc9b29b-f659-41f0-b1f6-240307e388be	14692
f75c7a6f-2f74-449d-b2fc-122557c7031d	14692
72d1f19d-7a6a-48f4-9116-16e45e3eb1d9	14692
f99a934c-4209-42df-b9c4-42e96df716db	14692
caf5bbf7-262f-44fa-a356-b93f192b81b4	14731
7573745b-b9ee-4067-b6b4-1185ca49264f	14731
d8490c4b-eb3e-409b-9bef-5f487eac0cb4	14551
b1b5b015-d1da-4574-8f00-cbf1b69c5d0c	14551
fbd92b85-d0d3-4f0c-a45c-e801e0affa2c	14551
16437cac-04c8-4782-b574-d52d922e88ba	14551
caf5bbf7-262f-44fa-a356-b93f192b81b4	14730
7573745b-b9ee-4067-b6b4-1185ca49264f	14730
7573745b-b9ee-4067-b6b4-1185ca49264f	14462
e3607055-7718-4126-ace7-99a91058580b	14462
350246cf-85e3-41ea-9402-808a86891988	14470
80d387a5-f602-4370-96cb-4e187274dc38	14470
b16331ad-1bbd-46ca-9b3f-de147007d69e	14478
ee89a523-133b-4928-8e62-1c2e80126981	14478
e3c0c4a1-06ff-4087-9e09-36c52533dd0e	14485
5de947e4-a507-4f10-a87c-6f2b8cc30477	14485
a58398c9-3ab4-4134-87b5-6e38fa800691	14519
fe96cbed-ccce-46ef-b3d9-36c87a54e816	14519
5921450c-c367-4cfa-b7da-e0154702334c	14526
f4b14c73-5511-4f4d-9566-40799b583e96	14526
16437cac-04c8-4782-b574-d52d922e88ba	14532
793e6f29-46ef-4d5a-b82a-bef2e0262c7a	14532
b64b22fa-5672-4454-8482-533ca3405c75	14532
ebc9b29b-f659-41f0-b1f6-240307e388be	14592
98cb6e10-5ec1-4c95-905b-573acc0e693b	14592
25752212-a8ab-4ed2-9aaf-af08c0ae6655	14604
72afe6f3-2973-4839-a9f2-868a8d19ff03	14604
2ca9ae32-43c1-40b8-af57-cda5f94aee20	14702
6e365845-a7fc-430d-9566-68076e06aed9	14702
1bf49031-ad63-4dce-9eff-92901a34a0dc	14702
caf5bbf7-262f-44fa-a356-b93f192b81b4	14721
7573745b-b9ee-4067-b6b4-1185ca49264f	14721
884832b1-d07c-4c5e-9441-468d9b6a98e1	14746
8f7df7d8-40bd-4164-bb99-77439a4c0b9e	14746
3ff5ffc0-4a27-489e-b177-5999aeb17453	14550
661bd48f-27e9-429e-894f-c49bbe00aa71	14550
d8490c4b-eb3e-409b-9bef-5f487eac0cb4	14550
b1b5b015-d1da-4574-8f00-cbf1b69c5d0c	14550
d8490c4b-eb3e-409b-9bef-5f487eac0cb4	14542
b1b5b015-d1da-4574-8f00-cbf1b69c5d0c	14542
fbd92b85-d0d3-4f0c-a45c-e801e0affa2c	14542
16437cac-04c8-4782-b574-d52d922e88ba	14542
d8490c4b-eb3e-409b-9bef-5f487eac0cb4	14549
b1b5b015-d1da-4574-8f00-cbf1b69c5d0c	14549
fbd92b85-d0d3-4f0c-a45c-e801e0affa2c	14549
f1f89103-9492-40ec-be4b-3dab4ac2d3d7	14729
381c7d83-093e-4307-bfeb-b355dc32ffe4	14729
644715f3-1418-4847-aded-cb474ea7547a	14493
4e091d3a-5b1f-4527-a718-41cd7b9f635f	14493
d473c7de-6405-487e-b74c-bdfe590e20bc	14504
62df3a66-0d80-4162-a0e3-2f61d942572c	14504
fbd92b85-d0d3-4f0c-a45c-e801e0affa2c	14533
16437cac-04c8-4782-b574-d52d922e88ba	14533
793e6f29-46ef-4d5a-b82a-bef2e0262c7a	14533
af43a431-d50e-436a-94e6-47ca62a074a3	14533
fbd92b85-d0d3-4f0c-a45c-e801e0affa2c	14534
f8562cdd-dced-4d90-a549-fdede5533797	14534
a2c33b51-f7a3-4d96-9ca3-3125b45fe870	14534
884832b1-d07c-4c5e-9441-468d9b6a98e1	14534
fbd92b85-d0d3-4f0c-a45c-e801e0affa2c	14535
4eb3f3ae-5abd-476e-942a-6957b44cd0d8	14535
8f7df7d8-40bd-4164-bb99-77439a4c0b9e	14535
e7575b6f-3ff6-4fd8-a3d9-7462fb446170	14535
4eb3f3ae-5abd-476e-942a-6957b44cd0d8	14560
e7575b6f-3ff6-4fd8-a3d9-7462fb446170	14560
4eb3f3ae-5abd-476e-942a-6957b44cd0d8	14563
3378236e-4696-4006-a4ca-74ed3bef08cc	14563
3378236e-4696-4006-a4ca-74ed3bef08cc	14570
ee1057b2-3eae-445e-b1e9-a34f64eed053	14570
16437cac-04c8-4782-b574-d52d922e88ba	14571
793e6f29-46ef-4d5a-b82a-bef2e0262c7a	14571
72d1f19d-7a6a-48f4-9116-16e45e3eb1d9	14593
f22c8b8e-1f9c-4c89-9732-490628b4638e	14593
f99a934c-4209-42df-b9c4-42e96df716db	14593
25752212-a8ab-4ed2-9aaf-af08c0ae6655	14593
72afe6f3-2973-4839-a9f2-868a8d19ff03	14593
5e7e0b8c-ccc5-48b6-95bf-940a25ccd1dd	14593
3ab86878-36b5-460f-b898-b3a2579a70c8	14593
313cf46f-dba0-4e4c-855c-ff5ef4db08a6	14593
72d1f19d-7a6a-48f4-9116-16e45e3eb1d9	14594
25752212-a8ab-4ed2-9aaf-af08c0ae6655	14594
62df3a66-0d80-4162-a0e3-2f61d942572c	14594
6ef0cfaf-d8e3-4d88-bed7-517dcacaf8e8	14594
8c90d2d0-ad13-42bc-8807-a8597cb7a42c	14594
2ca9ae32-43c1-40b8-af57-cda5f94aee20	14594
1dfc3674-4b48-40c3-acef-51e06a8bfe3a	14594
381c7d83-093e-4307-bfeb-b355dc32ffe4	14595
72d1f19d-7a6a-48f4-9116-16e45e3eb1d9	14595
8c90d2d0-ad13-42bc-8807-a8597cb7a42c	14595
aa1ebcf3-cd53-4101-b470-21bad02e1a01	14595
6e365845-a7fc-430d-9566-68076e06aed9	14595
7054d05d-31dc-47d0-96d9-86837c967e87	14595
1bf49031-ad63-4dce-9eff-92901a34a0dc	14595
0b1c89e2-d266-43c9-9966-187634e68b2e	14595
9eaf1a52-9aa0-4d89-9185-cf70c37cf19e	14595
5435f11f-3a1d-4137-8438-9a58839d2700	14595
6349d1de-dc8a-4641-8ee3-858da18fb32f	14595
80c0db99-91c6-4ff7-b990-34dc1c434d41	14595
0b1c89e2-d266-43c9-9966-187634e68b2e	14605
6349d1de-dc8a-4641-8ee3-858da18fb32f	14605
80c0db99-91c6-4ff7-b990-34dc1c434d41	14606
219a190f-283e-4d53-a51b-a2f7d40aa881	14606
c3ee5e1e-4b3c-4599-8548-5ffb26a8f231	14607
cd03fd9c-00ab-4c26-ab40-befa023efa30	14607
219a190f-283e-4d53-a51b-a2f7d40aa881	14616
e2661489-15b2-4a5c-bb78-216dc8eb6700	14616
e2661489-15b2-4a5c-bb78-216dc8eb6700	14618
621d7d7d-ac97-49c6-b929-3ccd448ce957	14618
621d7d7d-ac97-49c6-b929-3ccd448ce957	14628
e883a076-2836-4283-8928-c5502ca4fff7	14628
b0651e44-0083-4733-9310-e2dad0fe5403	14628
c336a3c6-0370-4560-9031-8e8fc4849d69	14628
943da25d-a6fc-4f98-96cb-73a14356dae4	14628
e883a076-2836-4283-8928-c5502ca4fff7	14630
b0651e44-0083-4733-9310-e2dad0fe5403	14630
c336a3c6-0370-4560-9031-8e8fc4849d69	14630
943da25d-a6fc-4f98-96cb-73a14356dae4	14630
abe84afc-79cf-41a6-8cd4-508c06210b92	14640
1e791b25-684e-4069-92be-e821e66cf108	14640
d91322ca-542d-45ca-b262-6db74ba7a859	14640
4873aeeb-5519-4c2e-955a-b9b61a076cb3	14640
b1a9c83f-530d-4ed3-a344-539c6ce197bd	14640
10046744-4845-4723-b81c-a7fc5bfa477a	14650
b30d30df-1de3-4ed1-969f-779ac663dcf1	14650
abe84afc-79cf-41a6-8cd4-508c06210b92	14652
1e791b25-684e-4069-92be-e821e66cf108	14652
6da43cf5-2a09-4a4a-a378-533d8432d654	14662
94a91f30-31fd-4f0b-bab8-52e27ab7003e	14662
fa8f33dc-ab46-4967-838b-2d2e8525272f	14662
410cb24a-dbb5-41c4-8507-eb9329968cbe	14662
d91322ca-542d-45ca-b262-6db74ba7a859	14664
4873aeeb-5519-4c2e-955a-b9b61a076cb3	14664
b1a9c83f-530d-4ed3-a344-539c6ce197bd	14664
10046744-4845-4723-b81c-a7fc5bfa477a	14664
80e814de-d5fa-4185-8661-00203227ad4b	14674
23dab20b-3a12-46ab-8724-5b21b6c7f540	14674
6da43cf5-2a09-4a4a-a378-533d8432d654	14676
94a91f30-31fd-4f0b-bab8-52e27ab7003e	14676
e5adda06-5ce8-4c7e-a4e3-2be082f1d601	14684
c476c560-362e-4e0d-bdf7-41159f5c6228	14684
92162b06-d352-4ee1-bc37-0102560e4e51	14684
3321bf94-72b1-49f4-b9dd-efdcd0ce60ee	14684
aa1ebcf3-cd53-4101-b470-21bad02e1a01	14686
6e365845-a7fc-430d-9566-68076e06aed9	14686
7054d05d-31dc-47d0-96d9-86837c967e87	14686
1bf49031-ad63-4dce-9eff-92901a34a0dc	14686
ebc9b29b-f659-41f0-b1f6-240307e388be	14687
f75c7a6f-2f74-449d-b2fc-122557c7031d	14687
72d1f19d-7a6a-48f4-9116-16e45e3eb1d9	14687
98cb6e10-5ec1-4c95-905b-573acc0e693b	14687
72d1f19d-7a6a-48f4-9116-16e45e3eb1d9	14688
98cb6e10-5ec1-4c95-905b-573acc0e693b	14688
14172b45-22e7-4f76-bce3-75c3461bebd7	14688
f22c8b8e-1f9c-4c89-9732-490628b4638e	14688
f99a934c-4209-42df-b9c4-42e96df716db	14688
20ad0732-4a9f-4985-a30d-d193ae9150be	14688
25752212-a8ab-4ed2-9aaf-af08c0ae6655	14703
c696436b-f37e-4774-bbd9-f46456911ca5	14718
f3e5bf32-0235-4fcd-addb-4b70ac5fc31c	14718
caf5bbf7-262f-44fa-a356-b93f192b81b4	14720
7573745b-b9ee-4067-b6b4-1185ca49264f	14720
caf5bbf7-262f-44fa-a356-b93f192b81b4	14722
7573745b-b9ee-4067-b6b4-1185ca49264f	14722
caf5bbf7-262f-44fa-a356-b93f192b81b4	14723
7573745b-b9ee-4067-b6b4-1185ca49264f	14723
20ee5a19-dab6-44f9-ac5e-3730ccbba261	14740
cc6cd962-a74f-4da0-b924-982627fc1ee3	14740
809364a4-0940-4009-a7b5-aa1a9252a6a6	14760
7a600c15-ddfa-4e2e-9d13-89fd1ce21b41	14760
ee1057b2-3eae-445e-b1e9-a34f64eed053	14761
20ee5a19-dab6-44f9-ac5e-3730ccbba261	14761
769a5a56-628b-4603-a091-b161bb00ed31	14767
cb8e78ce-084b-410f-b329-8debcde73c7c	14767
cc6cd962-a74f-4da0-b924-982627fc1ee3	14769
c696436b-f37e-4774-bbd9-f46456911ca5	14769
f3e5bf32-0235-4fcd-addb-4b70ac5fc31c	14769
b409f5f4-ae5a-4d64-9846-01ea83738655	14463
ccfbfd05-424e-4545-b69c-a09e7633819b	14463
b409f5f4-ae5a-4d64-9846-01ea83738655	14464
ccfbfd05-424e-4545-b69c-a09e7633819b	14464
14478f23-9fca-4242-8654-51e5021f34c3	14471
644715f3-1418-4847-aded-cb474ea7547a	14471
fbd92b85-d0d3-4f0c-a45c-e801e0affa2c	14479
72afe6f3-2973-4839-a9f2-868a8d19ff03	14479
e3607055-7718-4126-ace7-99a91058580b	14480
612182a8-c739-467f-bf23-da2e7c997fa9	14480
350246cf-85e3-41ea-9402-808a86891988	14486
80d387a5-f602-4370-96cb-4e187274dc38	14486
b16331ad-1bbd-46ca-9b3f-de147007d69e	14494
19b24f31-5529-478b-9b0f-d6da1d189297	14494
b16331ad-1bbd-46ca-9b3f-de147007d69e	14495
4e091d3a-5b1f-4527-a718-41cd7b9f635f	14495
4e091d3a-5b1f-4527-a718-41cd7b9f635f	14505
35948875-1a26-4afa-9285-ea9ba7d3036f	14505
72bf3e9e-43e5-415a-80d1-75d240036ff4	14506
8489e93b-336d-4cae-a93d-5f28121995a1	14506
72bf3e9e-43e5-415a-80d1-75d240036ff4	14514
8489e93b-336d-4cae-a93d-5f28121995a1	14514
72d1f19d-7a6a-48f4-9116-16e45e3eb1d9	14515
98cb6e10-5ec1-4c95-905b-573acc0e693b	14515
e3c0c4a1-06ff-4087-9e09-36c52533dd0e	14527
5de947e4-a507-4f10-a87c-6f2b8cc30477	14527
16437cac-04c8-4782-b574-d52d922e88ba	14536
793e6f29-46ef-4d5a-b82a-bef2e0262c7a	14536
8591dc39-238e-4147-9a9e-fc63cd1b420c	14536
793e6f29-46ef-4d5a-b82a-bef2e0262c7a	14541
0b5cd8e4-717e-4de6-90a8-0f714b978383	14541
a38560db-1cc6-46aa-99fb-a96f07d4d3f7	14541
af43a431-d50e-436a-94e6-47ca62a074a3	14541
14172b45-22e7-4f76-bce3-75c3461bebd7	14564
f22c8b8e-1f9c-4c89-9732-490628b4638e	14564
af43a431-d50e-436a-94e6-47ca62a074a3	14572
f8562cdd-dced-4d90-a549-fdede5533797	14572
f8562cdd-dced-4d90-a549-fdede5533797	14575
b34ad9be-cf12-4577-83a4-70d97011a9dc	14575
14172b45-22e7-4f76-bce3-75c3461bebd7	14596
f22c8b8e-1f9c-4c89-9732-490628b4638e	14596
f99a934c-4209-42df-b9c4-42e96df716db	14596
20ad0732-4a9f-4985-a30d-d193ae9150be	14596
72afe6f3-2973-4839-a9f2-868a8d19ff03	14596
5e7e0b8c-ccc5-48b6-95bf-940a25ccd1dd	14596
3ab86878-36b5-460f-b898-b3a2579a70c8	14596
313cf46f-dba0-4e4c-855c-ff5ef4db08a6	14596
ec562f72-f48f-46b7-a65e-ca76f66ac1e4	14596
62df3a66-0d80-4162-a0e3-2f61d942572c	14596
f99a934c-4209-42df-b9c4-42e96df716db	14601
20ad0732-4a9f-4985-a30d-d193ae9150be	14601
25752212-a8ab-4ed2-9aaf-af08c0ae6655	14601
72afe6f3-2973-4839-a9f2-868a8d19ff03	14601
25752212-a8ab-4ed2-9aaf-af08c0ae6655	14602
72afe6f3-2973-4839-a9f2-868a8d19ff03	14602
5e7e0b8c-ccc5-48b6-95bf-940a25ccd1dd	14602
3ab86878-36b5-460f-b898-b3a2579a70c8	14602
313cf46f-dba0-4e4c-855c-ff5ef4db08a6	14602
ec562f72-f48f-46b7-a65e-ca76f66ac1e4	14602
62df3a66-0d80-4162-a0e3-2f61d942572c	14602
6ef0cfaf-d8e3-4d88-bed7-517dcacaf8e8	14602
8c90d2d0-ad13-42bc-8807-a8597cb7a42c	14602
2ca9ae32-43c1-40b8-af57-cda5f94aee20	14602
aa1ebcf3-cd53-4101-b470-21bad02e1a01	14602
d5caa154-d2af-4ad5-a577-434a4c5eac35	14602
6e365845-a7fc-430d-9566-68076e06aed9	14602
6ef0cfaf-d8e3-4d88-bed7-517dcacaf8e8	14608
05ada3d9-a594-4fd4-85da-785c99bab253	14608
5e7e0b8c-ccc5-48b6-95bf-940a25ccd1dd	14613
3ab86878-36b5-460f-b898-b3a2579a70c8	14613
e2661489-15b2-4a5c-bb78-216dc8eb6700	14617
b0651e44-0083-4733-9310-e2dad0fe5403	14617
fbd92b85-d0d3-4f0c-a45c-e801e0affa2c	14619
8c90d2d0-ad13-42bc-8807-a8597cb7a42c	14620
2ca9ae32-43c1-40b8-af57-cda5f94aee20	14620
313cf46f-dba0-4e4c-855c-ff5ef4db08a6	14624
ec562f72-f48f-46b7-a65e-ca76f66ac1e4	14624
b409f5f4-ae5a-4d64-9846-01ea83738655	14625
1dfc3674-4b48-40c3-acef-51e06a8bfe3a	14625
644715f3-1418-4847-aded-cb474ea7547a	14629
350246cf-85e3-41ea-9402-808a86891988	14629
80d387a5-f602-4370-96cb-4e187274dc38	14629
b16331ad-1bbd-46ca-9b3f-de147007d69e	14629
943da25d-a6fc-4f98-96cb-73a14356dae4	14629
abe84afc-79cf-41a6-8cd4-508c06210b92	14629
8c90d2d0-ad13-42bc-8807-a8597cb7a42c	14631
2ca9ae32-43c1-40b8-af57-cda5f94aee20	14631
aa1ebcf3-cd53-4101-b470-21bad02e1a01	14632
6e365845-a7fc-430d-9566-68076e06aed9	14632
62df3a66-0d80-4162-a0e3-2f61d942572c	14636
6ef0cfaf-d8e3-4d88-bed7-517dcacaf8e8	14636
8c90d2d0-ad13-42bc-8807-a8597cb7a42c	14636
2ca9ae32-43c1-40b8-af57-cda5f94aee20	14636
aa1ebcf3-cd53-4101-b470-21bad02e1a01	14636
c9f0e75c-f281-421a-aa0c-64751440203b	14637
ccfbfd05-424e-4545-b69c-a09e7633819b	14637
7054d05d-31dc-47d0-96d9-86837c967e87	14637
1bf49031-ad63-4dce-9eff-92901a34a0dc	14637
1e791b25-684e-4069-92be-e821e66cf108	14641
d91322ca-542d-45ca-b262-6db74ba7a859	14641
4873aeeb-5519-4c2e-955a-b9b61a076cb3	14641
b1a9c83f-530d-4ed3-a344-539c6ce197bd	14641
10046744-4845-4723-b81c-a7fc5bfa477a	14641
aa1ebcf3-cd53-4101-b470-21bad02e1a01	14642
d5caa154-d2af-4ad5-a577-434a4c5eac35	14642
6e365845-a7fc-430d-9566-68076e06aed9	14642
7054d05d-31dc-47d0-96d9-86837c967e87	14643
1bf49031-ad63-4dce-9eff-92901a34a0dc	14643
6e365845-a7fc-430d-9566-68076e06aed9	14647
7054d05d-31dc-47d0-96d9-86837c967e87	14647
1bf49031-ad63-4dce-9eff-92901a34a0dc	14647
0b1c89e2-d266-43c9-9966-187634e68b2e	14647
9eaf1a52-9aa0-4d89-9185-cf70c37cf19e	14647
6da43cf5-2a09-4a4a-a378-533d8432d654	14651
94a91f30-31fd-4f0b-bab8-52e27ab7003e	14651
0b1c89e2-d266-43c9-9966-187634e68b2e	14653
0b1c89e2-d266-43c9-9966-187634e68b2e	14654
5435f11f-3a1d-4137-8438-9a58839d2700	14658
6349d1de-dc8a-4641-8ee3-858da18fb32f	14658
9eaf1a52-9aa0-4d89-9185-cf70c37cf19e	14659
5435f11f-3a1d-4137-8438-9a58839d2700	14659
fa8f33dc-ab46-4967-838b-2d2e8525272f	14663
410cb24a-dbb5-41c4-8507-eb9329968cbe	14663
80e814de-d5fa-4185-8661-00203227ad4b	14663
23dab20b-3a12-46ab-8724-5b21b6c7f540	14663
9eaf1a52-9aa0-4d89-9185-cf70c37cf19e	14665
5435f11f-3a1d-4137-8438-9a58839d2700	14665
6349d1de-dc8a-4641-8ee3-858da18fb32f	14665
df58a45f-fb32-4235-a7a0-e16c25b3124f	14665
6349d1de-dc8a-4641-8ee3-858da18fb32f	14666
df58a45f-fb32-4235-a7a0-e16c25b3124f	14666
80c0db99-91c6-4ff7-b990-34dc1c434d41	14666
f8438f9a-c632-4820-94dd-239b0ceda84b	14666
219a190f-283e-4d53-a51b-a2f7d40aa881	14666
df58a45f-fb32-4235-a7a0-e16c25b3124f	14670
80c0db99-91c6-4ff7-b990-34dc1c434d41	14670
219a190f-283e-4d53-a51b-a2f7d40aa881	14670
e2661489-15b2-4a5c-bb78-216dc8eb6700	14670
80c0db99-91c6-4ff7-b990-34dc1c434d41	14671
219a190f-283e-4d53-a51b-a2f7d40aa881	14671
e2661489-15b2-4a5c-bb78-216dc8eb6700	14671
621d7d7d-ac97-49c6-b929-3ccd448ce957	14671
e5adda06-5ce8-4c7e-a4e3-2be082f1d601	14675
c476c560-362e-4e0d-bdf7-41159f5c6228	14675
e2661489-15b2-4a5c-bb78-216dc8eb6700	14677
621d7d7d-ac97-49c6-b929-3ccd448ce957	14677
621d7d7d-ac97-49c6-b929-3ccd448ce957	14678
e883a076-2836-4283-8928-c5502ca4fff7	14678
e883a076-2836-4283-8928-c5502ca4fff7	14682
b0651e44-0083-4733-9310-e2dad0fe5403	14682
e883a076-2836-4283-8928-c5502ca4fff7	14683
b0651e44-0083-4733-9310-e2dad0fe5403	14683
92162b06-d352-4ee1-bc37-0102560e4e51	14685
3321bf94-72b1-49f4-b9dd-efdcd0ce60ee	14685
abe6a74f-a60e-41c8-86f8-e1f21f174659	14685
cd67c910-afbe-4775-a754-1efc698fad3f	14685
c336a3c6-0370-4560-9031-8e8fc4849d69	14690
943da25d-a6fc-4f98-96cb-73a14356dae4	14690
1e791b25-684e-4069-92be-e821e66cf108	14690
d91322ca-542d-45ca-b262-6db74ba7a859	14690
c336a3c6-0370-4560-9031-8e8fc4849d69	14691
943da25d-a6fc-4f98-96cb-73a14356dae4	14691
abe84afc-79cf-41a6-8cd4-508c06210b92	14691
1e791b25-684e-4069-92be-e821e66cf108	14691
ee89a523-133b-4928-8e62-1c2e80126981	14719
e3c0c4a1-06ff-4087-9e09-36c52533dd0e	14719
a58398c9-3ab4-4134-87b5-6e38fa800691	14724
fe96cbed-ccce-46ef-b3d9-36c87a54e816	14724
14478f23-9fca-4242-8654-51e5021f34c3	14728
644715f3-1418-4847-aded-cb474ea7547a	14728
b64b22fa-5672-4454-8482-533ca3405c75	14733
a2c33b51-f7a3-4d96-9ca3-3125b45fe870	14733
a2c33b51-f7a3-4d96-9ca3-3125b45fe870	14734
884832b1-d07c-4c5e-9441-468d9b6a98e1	14734
4eb3f3ae-5abd-476e-942a-6957b44cd0d8	14741
5564bd69-c445-4a75-8ed0-0b130f52f15a	14741
8f7df7d8-40bd-4164-bb99-77439a4c0b9e	14747
884832b1-d07c-4c5e-9441-468d9b6a98e1	14752
e7575b6f-3ff6-4fd8-a3d9-7462fb446170	14752
e7575b6f-3ff6-4fd8-a3d9-7462fb446170	14753
3378236e-4696-4006-a4ca-74ed3bef08cc	14753
b0651e44-0083-4733-9310-e2dad0fe5403	14762
c336a3c6-0370-4560-9031-8e8fc4849d69	14762
a2c33b51-f7a3-4d96-9ca3-3125b45fe870	14766
884832b1-d07c-4c5e-9441-468d9b6a98e1	14766
cc6cd962-a74f-4da0-b924-982627fc1ee3	14768
c696436b-f37e-4774-bbd9-f46456911ca5	14768
f3e5bf32-0235-4fcd-addb-4b70ac5fc31c	14768
1dfc3674-4b48-40c3-acef-51e06a8bfe3a	14772
c9f0e75c-f281-421a-aa0c-64751440203b	14772
17bb5c9d-52c0-4ffb-8f7d-798b2adf0005	14772
4eb3f3ae-5abd-476e-942a-6957b44cd0d8	14773
8f7df7d8-40bd-4164-bb99-77439a4c0b9e	14773
e7575b6f-3ff6-4fd8-a3d9-7462fb446170	14773
e3607055-7718-4126-ace7-99a91058580b	14498
350246cf-85e3-41ea-9402-808a86891988	14498
80d387a5-f602-4370-96cb-4e187274dc38	14509
b16331ad-1bbd-46ca-9b3f-de147007d69e	14509
05ada3d9-a594-4fd4-85da-785c99bab253	14623
943da25d-a6fc-4f98-96cb-73a14356dae4	14623
1e791b25-684e-4069-92be-e821e66cf108	14635
d91322ca-542d-45ca-b262-6db74ba7a859	14635
4873aeeb-5519-4c2e-955a-b9b61a076cb3	14635
b1a9c83f-530d-4ed3-a344-539c6ce197bd	14635
10046744-4845-4723-b81c-a7fc5bfa477a	14635
b30d30df-1de3-4ed1-969f-779ac663dcf1	14646
6da43cf5-2a09-4a4a-a378-533d8432d654	14646
a3569ef2-2a84-4620-9882-7ed1fef3992b	14646
fa8f33dc-ab46-4967-838b-2d2e8525272f	14646
80e814de-d5fa-4185-8661-00203227ad4b	14646
23dab20b-3a12-46ab-8724-5b21b6c7f540	14646
e5adda06-5ce8-4c7e-a4e3-2be082f1d601	14657
c476c560-362e-4e0d-bdf7-41159f5c6228	14657
92162b06-d352-4ee1-bc37-0102560e4e51	14669
3321bf94-72b1-49f4-b9dd-efdcd0ce60ee	14669
abe6a74f-a60e-41c8-86f8-e1f21f174659	14669
cd67c910-afbe-4775-a754-1efc698fad3f	14669
79509a4e-fb26-465f-8dbc-2c5e4e9841d4	14681
0e888165-f2c7-490f-ba16-9afd9ae97d2b	14681
0127f7dd-7666-42cf-b126-29fe5a99aa14	14689
24f8dcd0-1a12-403c-98f5-a2925672dc34	14689
6efcbce4-9bb0-4e58-8b5a-021e3dcab2c1	14689
4eb3f3ae-5abd-476e-942a-6957b44cd0d8	14689
0b5cd8e4-717e-4de6-90a8-0f714b978383	14737
af43a431-d50e-436a-94e6-47ca62a074a3	14737
3378236e-4696-4006-a4ca-74ed3bef08cc	14744
ee1057b2-3eae-445e-b1e9-a34f64eed053	14744
20ee5a19-dab6-44f9-ac5e-3730ccbba261	14750
cc6cd962-a74f-4da0-b924-982627fc1ee3	14750
f8562cdd-dced-4d90-a549-fdede5533797	14765
8f7df7d8-40bd-4164-bb99-77439a4c0b9e	14765
977d348e-9c6a-4016-b97e-9471d1ca2cc8	14771
809364a4-0940-4009-a7b5-aa1a9252a6a6	14771
e3607055-7718-4126-ace7-99a91058580b	14465
350246cf-85e3-41ea-9402-808a86891988	14465
80d387a5-f602-4370-96cb-4e187274dc38	14473
e3c0c4a1-06ff-4087-9e09-36c52533dd0e	14473
5de947e4-a507-4f10-a87c-6f2b8cc30477	14481
a58398c9-3ab4-4134-87b5-6e38fa800691	14481
fe96cbed-ccce-46ef-b3d9-36c87a54e816	14487
5921450c-c367-4cfa-b7da-e0154702334c	14487
4e091d3a-5b1f-4527-a718-41cd7b9f635f	14496
72bf3e9e-43e5-415a-80d1-75d240036ff4	14496
8489e93b-336d-4cae-a93d-5f28121995a1	14507
f4b14c73-5511-4f4d-9566-40799b583e96	14507
d473c7de-6405-487e-b74c-bdfe590e20bc	14520
05ada3d9-a594-4fd4-85da-785c99bab253	14520
b1a9c83f-530d-4ed3-a344-539c6ce197bd	14528
23dab20b-3a12-46ab-8724-5b21b6c7f540	14528
ee1057b2-3eae-445e-b1e9-a34f64eed053	14537
20ee5a19-dab6-44f9-ac5e-3730ccbba261	14537
cc6cd962-a74f-4da0-b924-982627fc1ee3	14537
816f0ab6-2b94-4ab4-b6b0-c56ab917a366	14537
c696436b-f37e-4774-bbd9-f46456911ca5	14540
f3e5bf32-0235-4fcd-addb-4b70ac5fc31c	14540
7a600c15-ddfa-4e2e-9d13-89fd1ce21b41	14540
c696436b-f37e-4774-bbd9-f46456911ca5	14573
f3e5bf32-0235-4fcd-addb-4b70ac5fc31c	14573
abe84afc-79cf-41a6-8cd4-508c06210b92	14597
d91322ca-542d-45ca-b262-6db74ba7a859	14597
4873aeeb-5519-4c2e-955a-b9b61a076cb3	14597
10046744-4845-4723-b81c-a7fc5bfa477a	14597
6da43cf5-2a09-4a4a-a378-533d8432d654	14597
94a91f30-31fd-4f0b-bab8-52e27ab7003e	14600
410cb24a-dbb5-41c4-8507-eb9329968cbe	14600
769a5a56-628b-4603-a091-b161bb00ed31	14600
cb8e78ce-084b-410f-b329-8debcde73c7c	14600
94a91f30-31fd-4f0b-bab8-52e27ab7003e	14609
fa8f33dc-ab46-4967-838b-2d2e8525272f	14609
2348c974-6d13-401b-be79-dbd4c4e13036	14612
d346ee21-c681-47da-b93e-7e5cbd283ccb	14612
410cb24a-dbb5-41c4-8507-eb9329968cbe	14621
80e814de-d5fa-4185-8661-00203227ad4b	14621
e5adda06-5ce8-4c7e-a4e3-2be082f1d601	14633
c476c560-362e-4e0d-bdf7-41159f5c6228	14633
92162b06-d352-4ee1-bc37-0102560e4e51	14633
11945d73-1042-4137-969a-674f12594e0e	14644
7a600c15-ddfa-4e2e-9d13-89fd1ce21b41	14644
ebdd2ce9-8c0b-48f2-ac04-c6ee847533a1	14644
3321bf94-72b1-49f4-b9dd-efdcd0ce60ee	14655
abe6a74f-a60e-41c8-86f8-e1f21f174659	14667
cd67c910-afbe-4775-a754-1efc698fad3f	14667
79509a4e-fb26-465f-8dbc-2c5e4e9841d4	14667
0e888165-f2c7-490f-ba16-9afd9ae97d2b	14667
0127f7dd-7666-42cf-b126-29fe5a99aa14	14679
24f8dcd0-1a12-403c-98f5-a2925672dc34	14679
e3c0c4a1-06ff-4087-9e09-36c52533dd0e	14727
5de947e4-a507-4f10-a87c-6f2b8cc30477	14727
769a5a56-628b-4603-a091-b161bb00ed31	14735
cb8e78ce-084b-410f-b329-8debcde73c7c	14735
76b95f28-ff04-42d6-9b23-f3d129019ebc	14742
2348c974-6d13-401b-be79-dbd4c4e13036	14742
d346ee21-c681-47da-b93e-7e5cbd283ccb	14748
d6086b6e-ec7b-49f8-856e-965a69217119	14748
6a5ad549-6f1f-41fc-813d-19dcc03174ca	14754
6e8f6b9d-9adc-414d-9c4f-0d6e8abfd2e8	14754
493f103d-4f82-4531-9eef-eb8082439c5d	14763
02877ffb-6f69-4964-85a2-c2cede8a0189	14763
a58398c9-3ab4-4134-87b5-6e38fa800691	14467
fe96cbed-ccce-46ef-b3d9-36c87a54e816	14467
5921450c-c367-4cfa-b7da-e0154702334c	14475
f4b14c73-5511-4f4d-9566-40799b583e96	14475
d473c7de-6405-487e-b74c-bdfe590e20bc	14483
c696436b-f37e-4774-bbd9-f46456911ca5	14483
f3e5bf32-0235-4fcd-addb-4b70ac5fc31c	14489
cb8e78ce-084b-410f-b329-8debcde73c7c	14489
b1a9c83f-530d-4ed3-a344-539c6ce197bd	14497
23dab20b-3a12-46ab-8724-5b21b6c7f540	14497
0b5cd8e4-717e-4de6-90a8-0f714b978383	14508
c9f0e75c-f281-421a-aa0c-64751440203b	14508
d346ee21-c681-47da-b93e-7e5cbd283ccb	14522
6e8f6b9d-9adc-414d-9c4f-0d6e8abfd2e8	14522
493f103d-4f82-4531-9eef-eb8082439c5d	14530
11945d73-1042-4137-969a-674f12594e0e	14530
abe84afc-79cf-41a6-8cd4-508c06210b92	14539
7a600c15-ddfa-4e2e-9d13-89fd1ce21b41	14539
ebdd2ce9-8c0b-48f2-ac04-c6ee847533a1	14539
769a5a56-628b-4603-a091-b161bb00ed31	14539
2348c974-6d13-401b-be79-dbd4c4e13036	14574
d6086b6e-ec7b-49f8-856e-965a69217119	14574
6a5ad549-6f1f-41fc-813d-19dcc03174ca	14599
76b95f28-ff04-42d6-9b23-f3d129019ebc	14599
02877ffb-6f69-4964-85a2-c2cede8a0189	14599
d5325532-6c9c-489d-84da-847f7034b466	14599
e4c128fd-a700-4575-a2b9-865fb371cb37	14599
4873aeeb-5519-4c2e-955a-b9b61a076cb3	14622
10046744-4845-4723-b81c-a7fc5bfa477a	14622
6da43cf5-2a09-4a4a-a378-533d8432d654	14634
fa8f33dc-ab46-4967-838b-2d2e8525272f	14634
80e814de-d5fa-4185-8661-00203227ad4b	14634
e5adda06-5ce8-4c7e-a4e3-2be082f1d601	14634
c476c560-362e-4e0d-bdf7-41159f5c6228	14634
92162b06-d352-4ee1-bc37-0102560e4e51	14645
3321bf94-72b1-49f4-b9dd-efdcd0ce60ee	14645
abe6a74f-a60e-41c8-86f8-e1f21f174659	14645
cd67c910-afbe-4775-a754-1efc698fad3f	14645
79509a4e-fb26-465f-8dbc-2c5e4e9841d4	14645
0e888165-f2c7-490f-ba16-9afd9ae97d2b	14656
0127f7dd-7666-42cf-b126-29fe5a99aa14	14656
24f8dcd0-1a12-403c-98f5-a2925672dc34	14668
6efcbce4-9bb0-4e58-8b5a-021e3dcab2c1	14668
5921450c-c367-4cfa-b7da-e0154702334c	14466
d473c7de-6405-487e-b74c-bdfe590e20bc	14466
94a91f30-31fd-4f0b-bab8-52e27ab7003e	14474
76b95f28-ff04-42d6-9b23-f3d129019ebc	14474
d5325532-6c9c-489d-84da-847f7034b466	14482
e4c128fd-a700-4575-a2b9-865fb371cb37	14482
d6086b6e-ec7b-49f8-856e-965a69217119	14488
6e8f6b9d-9adc-414d-9c4f-0d6e8abfd2e8	14472
\.


--
-- Data for Name: categories; Type: TABLE DATA; Schema: public; Owner: malob
--

COPY public.categories (id, label, pole_id, preference_id) FROM stdin;
5	Pôle Bar	1	1
6	Pôle Restauration	2	1
7	Pôle Catering	3	1
1	Pôle  Sécurité/secours	4	2
2	Pôle Accès, parking et riverains	11	2
8	Pôle Billetterie	8	2
10	Pôle Camping	7	2
13	Pôle Accréditations	13	4
15	Pôle Technique le dimanche	14	4
14	Pôle Autres	15	2
12	Pôle Accueil	10	3
11	Pôle Animations	9	3
3	Pôle Prévention	5	3
4	Pôle Environnement	12	3
9	Pôle Ticketterie	6	3
\.


--
-- Data for Name: festival; Type: TABLE DATA; Schema: public; Owner: malob
--

COPY public.festival (id, name, edition, start_date, end_date, location_name, location_city) FROM stdin;
2c075cc6-9140-4063-a728-e17c3c911386	Horizons Open Sea Festival	9	2026-06-05	2026-06-07	Sémaphore	Landéda
\.


--
-- Data for Name: jobs; Type: TABLE DATA; Schema: public; Owner: malob
--

COPY public.jobs (id, name, category_id, slot_id, required_volunteers, recruitment_type, responsible, sort_order) FROM stdin;
14460	Accès IS2	1	162	2	Normal	Denis Crenn Adrien Poder	0
14461	Accès IS2	1	163	2	Normal	Denis Crenn Adrien Poder	0
14462	Accès IS2	1	164	2	Normal	Denis Crenn Adrien Poder	0
14463	Accès IS2	1	134	2	Normal	Denis Crenn Adrien Poder	0
14464	Accès IS2	1	165	2	Normal	Denis Crenn Adrien Poder	0
14465	Accès IS2	1	166	2	Normal	Denis Crenn Adrien Poder	0
14466	Accès IS2	1	167	2	Normal	Denis Crenn Adrien Poder	0
14467	Accès IS2	1	168	2	Normal	Denis Crenn Adrien Poder	0
14468	Accès IS3	1	162	2	Normal	Denis Crenn Adrien Poder	1
14469	Accès IS3	1	163	2	Normal	Denis Crenn Adrien Poder	1
14470	Accès IS3	1	164	2	Normal	Denis Crenn Adrien Poder	1
14471	Accès IS3	1	134	2	Normal	Denis Crenn Adrien Poder	1
14472	Accès IS3	1	165	2	Normal	Denis Crenn Adrien Poder	1
14473	Accès IS3	1	166	2	Normal	Denis Crenn Adrien Poder	1
14474	Accès IS3	1	167	2	Normal	Denis Crenn Adrien Poder	1
14475	Accès IS3	1	168	2	Normal	Denis Crenn Adrien Poder	1
14476	Accès secours	1	162	2	Normal	Denis Crenn Adrien Poder	2
14477	Accès secours	1	163	2	Normal	Denis Crenn Adrien Poder	2
14478	Accès secours	1	164	2	Normal	Denis Crenn Adrien Poder	2
14479	Accès secours	1	134	2	Normal	Denis Crenn Adrien Poder	2
14480	Accès secours	1	165	2	Normal	Denis Crenn Adrien Poder	2
14481	Accès secours	1	166	2	Normal	Denis Crenn Adrien Poder	2
14482	Accès secours	1	167	2	Normal	Denis Crenn Adrien Poder	2
14483	Accès secours	1	168	2	Normal	Denis Crenn Adrien Poder	2
14484	Accès Backstage	1	163	2	Normal	Denis Crenn Adrien Poder	3
14485	Accès Backstage	1	164	2	Normal	Denis Crenn Adrien Poder	3
14486	Accès Backstage	1	165	2	Normal	Denis Crenn Adrien Poder	3
14487	Accès Backstage	1	166	2	Normal	Denis Crenn Adrien Poder	3
14488	Accès Backstage	1	167	2	Normal	Denis Crenn Adrien Poder	3
14489	Accès Backstage	1	168	2	Normal	Denis Crenn Adrien Poder	3
14490	Parking voitures - Entrée parking / Accueil	2	169	2	Normal	Tangui Audern Brice Abdebreiman	4
14491	Parking voitures - Entrée parking / Accueil	2	170	2	Normal	Tangui Audern Brice Abdebreiman	4
14492	Parking voitures - Entrée parking / Accueil	2	171	2	Normal	Tangui Audern Brice Abdebreiman	4
14493	Parking voitures - Entrée parking / Accueil	2	172	2	Normal	Tangui Audern Brice Abdebreiman	4
14494	Parking voitures - Entrée parking / Accueil	2	173	2	Normal	Tangui Audern Brice Abdebreiman	4
14495	Parking voitures - Entrée parking / Accueil	2	174	2	Normal	Tangui Audern Brice Abdebreiman	4
14496	Parking voitures - Entrée parking / Accueil	2	175	2	Normal	Tangui Audern Brice Abdebreiman	4
14497	Parking voitures - Entrée parking / Accueil	2	176	2	Normal	Tangui Audern Brice Abdebreiman	4
14498	Parking voitures - Entrée parking / Accueil	2	177	2	Normal	Tangui Audern Brice Abdebreiman	4
14499	Parking voitures - Entrée parking / Accueil	2	178	3	Normal	Tangui Audern Brice Abdebreiman	4
14500	Parking fourgons - Entrée parking / Accueil / Placement	2	169	2	Normal	Tangui Audern Brice Abdebreiman	5
14501	Parking fourgons - Entrée parking / Accueil / Placement	2	170	2	Normal	Tangui Audern Brice Abdebreiman	5
14502	Parking fourgons - Entrée parking / Accueil / Placement	2	171	2	Normal	Tangui Audern Brice Abdebreiman	5
14503	Parking fourgons - Entrée parking / Accueil / Placement	2	179	2	Normal	Tangui Audern Brice Abdebreiman	5
14504	Parking fourgons - Entrée parking / Accueil / Placement	2	172	2	Normal	Tangui Audern Brice Abdebreiman	5
14505	Parking fourgons - Entrée parking / Accueil / Placement	2	173	2	Normal	Tangui Audern Brice Abdebreiman	5
14506	Parking fourgons - Entrée parking / Accueil / Placement	2	174	2	Normal	Tangui Audern Brice Abdebreiman	5
14507	Parking fourgons - Entrée parking / Accueil / Placement	2	175	2	Normal	Tangui Audern Brice Abdebreiman	5
14508	Parking fourgons - Entrée parking / Accueil / Placement	2	176	2	Normal	Tangui Audern Brice Abdebreiman	5
14509	Parking fourgons - Entrée parking / Accueil / Placement	2	177	2	Normal	Tangui Audern Brice Abdebreiman	5
14510	Parking bénévoles - Entrée / Accueil	2	169	2	Normal	Tangui Audern Brice Abdebreiman	6
14511	Parking bénévoles - Entrée / Accueil	2	170	2	Normal	Tangui Audern Brice Abdebreiman	6
14512	Parking bénévoles - Entrée / Accueil	2	171	2	Normal	Tangui Audern Brice Abdebreiman	6
14513	Parking bénévoles - Entrée / Accueil	2	179	2	Normal	Tangui Audern Brice Abdebreiman	6
14514	Parking bénévoles - Entrée / Accueil	2	173	2	Normal	Tangui Audern Brice Abdebreiman	6
14515	Parking bénévoles - Entrée / Accueil	2	174	2	Normal	Tangui Audern Brice Abdebreiman	6
14516	Orientation festivaliers (bas Tour Noire)	2	180	2	Normal	Tangui Audern Brice Abdebreiman	7
14517	Orientation festivaliers (bas Tour Noire)	2	181	2	Normal	Tangui Audern Brice Abdebreiman	7
14518	Orientation festivaliers (bas Tour Noire)	2	163	2	Normal	Tangui Audern Brice Abdebreiman	7
14519	Orientation festivaliers (bas Tour Noire)	2	164	2	Normal	Tangui Audern Brice Abdebreiman	7
14520	Orientation festivaliers (bas Tour Noire)	2	166	2	Normal	Tangui Audern Brice Abdebreiman	7
14521	Orientation festivaliers (bas Tour Noire)	2	167	2	Normal	Tangui Audern Brice Abdebreiman	7
14522	Orientation festivaliers (bas Tour Noire)	2	168	2	Normal	Tangui Audern Brice Abdebreiman	7
14523	Orientation festivaliers (croisement Keravel/Tour noire)	2	180	2	Normal	Tangui Audern Brice Abdebreiman	8
14524	Orientation festivaliers (croisement Keravel/Tour noire)	2	181	2	Normal	Tangui Audern Brice Abdebreiman	8
14525	Orientation festivaliers (croisement Keravel/Tour noire)	2	163	2	Normal	Tangui Audern Brice Abdebreiman	8
14526	Orientation festivaliers (croisement Keravel/Tour noire)	2	164	2	Normal	Tangui Audern Brice Abdebreiman	8
14527	Orientation festivaliers (croisement Keravel/Tour noire)	2	165	2	Normal	Tangui Audern Brice Abdebreiman	8
14528	Orientation festivaliers (croisement Keravel/Tour noire)	2	166	2	Normal	Tangui Audern Brice Abdebreiman	8
14529	Orientation festivaliers (croisement Keravel/Tour noire)	2	167	2	Normal	Tangui Audern Brice Abdebreiman	8
14530	Orientation festivaliers (croisement Keravel/Tour noire)	2	168	2	Normal	Tangui Audern Brice Abdebreiman	8
14531	Stand prévention et prévention volante	3	163	4	Normal	Marie Babinot Tifaine Herry Franck Daouben	9
14532	Stand prévention et prévention volante	3	164	3	Normal	Marie Babinot Tifaine Herry Franck Daouben	9
14533	Stand prévention et prévention volante	3	182	4	Normal	Marie Babinot Tifaine Herry Franck Daouben	9
14534	Stand prévention et prévention volante	3	183	4	Normal	Marie Babinot Tifaine Herry Franck Daouben	9
14535	Stand prévention et prévention volante	3	184	4	Normal	Marie Babinot Tifaine Herry Franck Daouben	9
14536	Stand prévention et prévention volante	3	165	3	Normal	Marie Babinot Tifaine Herry Franck Daouben	9
14537	Stand prévention et prévention volante	3	166	4	Normal	Marie Babinot Tifaine Herry Franck Daouben	9
14538	Stand prévention et prévention volante	3	167	3	Normal	Marie Babinot Tifaine Herry Franck Daouben	9
14539	Stand prévention et prévention volante	3	168	4	Normal	Marie Babinot Tifaine Herry Franck Daouben	9
14540	Stand prévention et prévention volante	3	185	3	Normal	Marie Babinot Tifaine Herry Franck Daouben	9
14541	Stand prévention et prévention volante	3	186	4	Normal	Marie Babinot Tifaine Herry Franck Daouben	9
14542	Stand prévention et prévention volante	3	187	4	Normal	Marie Babinot Tifaine Herry Franck Daouben	9
14543	Stand prévention et prévention volante	3	178	2	Normal	Marie Babinot Tifaine Herry Franck Daouben	9
14544	Stand prévention et prévention volante (super-bénévoles Anthony et Marion)	3	164	1	Specialise	Marie Babinot Tifaine Herry Franck Daouben	10
14545	Stand prévention et prévention volante (super-bénévoles Anthony et Marion)	3	165	1	Specialise	Marie Babinot Tifaine Herry Franck Daouben	10
14546	Stand prévention et prévention volante (super-bénévoles Anthony et Marion)	3	167	1	Specialise	Marie Babinot Tifaine Herry Franck Daouben	10
14547	Stand prévention et prévention volante (super-bénévoles Anthony et Marion)	3	185	1	Specialise	Marie Babinot Tifaine Herry Franck Daouben	10
14548	Stand prévention et prévention volante (super-bénévoles Anthony et Marion)	3	178	1	Specialise	Marie Babinot Tifaine Herry Franck Daouben	10
14549	Camping et parking camion	3	188	3	Normal	Marie Babinot Tifaine Herry Franck Daouben	11
14550	Camping et parking camion	3	189	4	Normal	Marie Babinot Tifaine Herry Franck Daouben	11
14551	Camping et parking camion	3	190	4	Normal	Marie Babinot Tifaine Herry Franck Daouben	11
14552	Camping et parking camion	3	191	3	Normal	Marie Babinot Tifaine Herry Franck Daouben	11
14553	Camping et parking camion (super-bénévoles Anthony et Marion)	3	188	1	Specialise	Marie Babinot Tifaine Herry Franck Daouben	12
14554	Camping et parking camion (super-bénévoles Anthony et Marion)	3	191	1	Specialise	Marie Babinot Tifaine Herry Franck Daouben	12
14555	Vél'horizons et aide vélomixeur (remplacer par WC hors site?)	4	192	3	Specialise	Camille Gérard Maëla Le Picard	13
14556	Vél'horizons et aide vélomixeur (remplacer par WC hors site?)	4	189	2	Specialise	Camille Gérard Maëla Le Picard	13
14557	Vél'horizons et aide vélomixeur (remplacer par WC hors site?)	4	193	2	Specialise	Camille Gérard Maëla Le Picard	13
14558	Mission KK	4	194	2	Specialise	Camille Gérard Maëla Le Picard	14
14559	Mission KK	4	193	2	Specialise	Camille Gérard Maëla Le Picard	14
14560	Gestion WC hors site	4	182	2	Normal	Camille Gérard Maëla Le Picard	15
14561	Gestion WC hors site	4	193	2	Normal	Camille Gérard Maëla Le Picard	15
14562	Gestion WC site festival	4	163	2	Normal	Camille Gérard Maëla Le Picard	16
14563	Gestion WC site festival	4	183	2	Normal	Camille Gérard Maëla Le Picard	16
14564	Gestion WC site festival	4	186	2	Normal	Camille Gérard Maëla Le Picard	16
14565	Gestion WC site festival	4	164	3	Specialise	Camille Gérard Maëla Le Picard	17
14566	Gestion WC site festival	4	182	3	Specialise	Camille Gérard Maëla Le Picard	17
14567	Gestion WC site festival	4	194	1	Specialise	Camille Gérard Maëla Le Picard	17
14568	Gestion WC site festival	4	167	2	Specialise	Camille Gérard Maëla Le Picard	17
14569	Gestion WC site festival	4	185	3	Specialise	Camille Gérard Maëla Le Picard	17
14570	Tour des poubelles et gestion WC hors site	4	182	2	Normal	Camille Gérard Maëla Le Picard	18
14571	Tour des poubelles et gestion WC hors site	4	194	2	Normal	Camille Gérard Maëla Le Picard	18
14572	Tour des poubelles et gestion WC hors site	4	165	2	Normal	Camille Gérard Maëla Le Picard	18
14573	Tour des poubelles et gestion WC hors site	4	166	2	Normal	Camille Gérard Maëla Le Picard	18
14574	Tour des poubelles et gestion WC hors site	4	168	2	Normal	Camille Gérard Maëla Le Picard	18
14575	Tour des poubelles et gestion WC hors site	4	186	2	Normal	Camille Gérard Maëla Le Picard	18
14576	Tour des poubelles et gestion WC hors site	4	191	2	Normal	Camille Gérard Maëla Le Picard	18
14577	Tour des poubelles et gestion WC hors site	4	164	2	Specialise	Camille Gérard Maëla Le Picard	19
14578	Tour des poubelles et gestion WC hors site	4	194	2	Specialise	Camille Gérard Maëla Le Picard	19
14579	Tour des poubelles et gestion WC hors site	4	167	2	Specialise	Camille Gérard Maëla Le Picard	19
14580	Tour des poubelles et gestion WC hors site	4	185	2	Specialise	Camille Gérard Maëla Le Picard	19
14581	Bar super-bénévoles	5	163	19	Specialise	Aymeric Boizard Franck Le Nen Marina Chacun Kemo Audern	20
14582	Bar super-bénévoles	5	164	20	Specialise	Aymeric Boizard Franck Le Nen Marina Chacun Kemo Audern	20
14583	Bar super-bénévoles	5	182	21	Specialise	Aymeric Boizard Franck Le Nen Marina Chacun Kemo Audern	20
14584	Bar super-bénévoles	5	183	22	Specialise	Aymeric Boizard Franck Le Nen Marina Chacun Kemo Audern	20
14585	Bar super-bénévoles	5	166	10	Specialise	Aymeric Boizard Franck Le Nen Marina Chacun Kemo Audern	20
14586	Bar super-bénévoles	5	167	24	Specialise	Aymeric Boizard Franck Le Nen Marina Chacun Kemo Audern	20
14587	Bar super-bénévoles	5	168	17	Specialise	Aymeric Boizard Franck Le Nen Marina Chacun Kemo Audern	20
14588	Bar super-bénévoles	5	185	26	Specialise	Aymeric Boizard Franck Le Nen Marina Chacun Kemo Audern	20
14589	Bar super-bénévoles	5	186	26	Specialise	Aymeric Boizard Franck Le Nen Marina Chacun Kemo Audern	20
14590	Bar super-bénévoles	5	157	1	Specialise	Aymeric Boizard Franck Le Nen Marina Chacun Kemo Audern	20
14591	Bar	5	163	1	Normal	Aymeric Boizard Franck Le Nen Marina Chacun Kemo Audern	21
14592	Bar	5	164	2	Normal	Aymeric Boizard Franck Le Nen Marina Chacun Kemo Audern	21
14593	Bar	5	182	8	Normal	Aymeric Boizard Franck Le Nen Marina Chacun Kemo Audern	21
14594	Bar	5	183	7	Normal	Aymeric Boizard Franck Le Nen Marina Chacun Kemo Audern	21
14595	Bar	5	161	12	Normal	Aymeric Boizard Franck Le Nen Marina Chacun Kemo Audern	21
14596	Bar	5	165	10	Normal	Aymeric Boizard Franck Le Nen Marina Chacun Kemo Audern	21
14597	Bar	5	166	5	Normal	Aymeric Boizard Franck Le Nen Marina Chacun Kemo Audern	21
14598	Bar	5	167	3	Normal	Aymeric Boizard Franck Le Nen Marina Chacun Kemo Audern	21
14599	Bar	5	168	13	Normal	Aymeric Boizard Franck Le Nen Marina Chacun Kemo Audern	21
14600	Bar	5	185	4	Normal	Aymeric Boizard Franck Le Nen Marina Chacun Kemo Audern	21
14601	Bar	5	186	4	Normal	Aymeric Boizard Franck Le Nen Marina Chacun Kemo Audern	21
14602	Bar	5	157	13	Normal	Aymeric Boizard Franck Le Nen Marina Chacun Kemo Audern	21
14603	Bar catering	5	163	2	Normal	Aymeric Boizard Franck Le Nen Marina Chacun Kemo Audern	22
14604	Bar catering	5	164	2	Normal	Aymeric Boizard Franck Le Nen Marina Chacun Kemo Audern	22
14605	Bar catering	5	182	2	Normal	Aymeric Boizard Franck Le Nen Marina Chacun Kemo Audern	22
14606	Bar catering	5	183	2	Normal	Aymeric Boizard Franck Le Nen Marina Chacun Kemo Audern	22
14607	Bar catering	5	195	2	Normal	Aymeric Boizard Franck Le Nen Marina Chacun Kemo Audern	22
14608	Bar catering	5	165	2	Normal	Aymeric Boizard Franck Le Nen Marina Chacun Kemo Audern	22
14609	Bar catering	5	166	2	Normal	Aymeric Boizard Franck Le Nen Marina Chacun Kemo Audern	22
14610	Bar catering	5	167	2	Normal	Aymeric Boizard Franck Le Nen Marina Chacun Kemo Audern	22
14611	Bar catering	5	168	2	Normal	Aymeric Boizard Franck Le Nen Marina Chacun Kemo Audern	22
14612	Bar catering	5	185	2	Normal	Aymeric Boizard Franck Le Nen Marina Chacun Kemo Audern	22
14613	Bar catering	5	186	2	Normal	Aymeric Boizard Franck Le Nen Marina Chacun Kemo Audern	22
14614	Stand resto - Encaissement	6	171	1	Normal	Frédéric Loussouarn Anne Calvarin Carinne Abdebreiman Sebastien Leblay	23
14615	Stand resto - Encaissement	6	179	2	Normal	Frédéric Loussouarn Anne Calvarin Carinne Abdebreiman Sebastien Leblay	23
14616	Stand resto - Encaissement	6	172	2	Normal	Frédéric Loussouarn Anne Calvarin Carinne Abdebreiman Sebastien Leblay	23
14617	Stand resto - Encaissement	6	196	2	Normal	Frédéric Loussouarn Anne Calvarin Carinne Abdebreiman Sebastien Leblay	23
14618	Stand resto - Encaissement	6	197	2	Normal	Frédéric Loussouarn Anne Calvarin Carinne Abdebreiman Sebastien Leblay	23
14619	Stand resto - Encaissement	6	146	1	Normal	Frédéric Loussouarn Anne Calvarin Carinne Abdebreiman Sebastien Leblay	23
14620	Stand resto - Encaissement	6	174	2	Normal	Frédéric Loussouarn Anne Calvarin Carinne Abdebreiman Sebastien Leblay	23
14621	Stand resto - Encaissement	6	175	2	Normal	Frédéric Loussouarn Anne Calvarin Carinne Abdebreiman Sebastien Leblay	23
14622	Stand resto - Encaissement	6	176	2	Normal	Frédéric Loussouarn Anne Calvarin Carinne Abdebreiman Sebastien Leblay	23
14623	Stand resto - Encaissement	6	177	2	Normal	Frédéric Loussouarn Anne Calvarin Carinne Abdebreiman Sebastien Leblay	23
14624	Stand resto - Encaissement	6	198	2	Normal	Frédéric Loussouarn Anne Calvarin Carinne Abdebreiman Sebastien Leblay	23
14625	Stand resto - Encaissement	6	199	2	Normal	Frédéric Loussouarn Anne Calvarin Carinne Abdebreiman Sebastien Leblay	23
14626	Stand resto - service	6	171	1	Normal	Frédéric Loussouarn Anne Calvarin Carinne Abdebreiman Sebastien Leblay	24
14627	Stand resto - service	6	179	6	Normal	Frédéric Loussouarn Anne Calvarin Carinne Abdebreiman Sebastien Leblay	24
14628	Stand resto - service	6	172	5	Normal	Frédéric Loussouarn Anne Calvarin Carinne Abdebreiman Sebastien Leblay	24
14629	Stand resto - service	6	196	6	Normal	Frédéric Loussouarn Anne Calvarin Carinne Abdebreiman Sebastien Leblay	24
14630	Stand resto - service	6	197	4	Normal	Frédéric Loussouarn Anne Calvarin Carinne Abdebreiman Sebastien Leblay	24
14631	Stand resto - service	6	146	2	Normal	Frédéric Loussouarn Anne Calvarin Carinne Abdebreiman Sebastien Leblay	24
14632	Stand resto - service	6	174	2	Normal	Frédéric Loussouarn Anne Calvarin Carinne Abdebreiman Sebastien Leblay	24
14633	Stand resto - service	6	175	3	Normal	Frédéric Loussouarn Anne Calvarin Carinne Abdebreiman Sebastien Leblay	24
14634	Stand resto - service	6	176	5	Normal	Frédéric Loussouarn Anne Calvarin Carinne Abdebreiman Sebastien Leblay	24
14635	Stand resto - service	6	177	5	Normal	Frédéric Loussouarn Anne Calvarin Carinne Abdebreiman Sebastien Leblay	24
14636	Stand resto - service	6	198	5	Normal	Frédéric Loussouarn Anne Calvarin Carinne Abdebreiman Sebastien Leblay	24
14637	Stand resto - service	6	199	4	Normal	Frédéric Loussouarn Anne Calvarin Carinne Abdebreiman Sebastien Leblay	24
14638	Stand resto - assemblage / prépa	6	171	2	Normal	Frédéric Loussouarn Anne Calvarin Carinne Abdebreiman Sebastien Leblay	25
14639	Stand resto - assemblage / prépa	6	179	5	Normal	Frédéric Loussouarn Anne Calvarin Carinne Abdebreiman Sebastien Leblay	25
14640	Stand resto - assemblage / prépa	6	172	5	Normal	Frédéric Loussouarn Anne Calvarin Carinne Abdebreiman Sebastien Leblay	25
14641	Stand resto - assemblage / prépa	6	196	5	Normal	Frédéric Loussouarn Anne Calvarin Carinne Abdebreiman Sebastien Leblay	25
14642	Stand resto - assemblage / prépa	6	146	3	Normal	Frédéric Loussouarn Anne Calvarin Carinne Abdebreiman Sebastien Leblay	25
14643	Stand resto - assemblage / prépa	6	174	2	Normal	Frédéric Loussouarn Anne Calvarin Carinne Abdebreiman Sebastien Leblay	25
14644	Stand resto - assemblage / prépa	6	175	3	Normal	Frédéric Loussouarn Anne Calvarin Carinne Abdebreiman Sebastien Leblay	25
14645	Stand resto - assemblage / prépa	6	176	5	Normal	Frédéric Loussouarn Anne Calvarin Carinne Abdebreiman Sebastien Leblay	25
14646	Stand resto - assemblage / prépa	6	177	6	Normal	Frédéric Loussouarn Anne Calvarin Carinne Abdebreiman Sebastien Leblay	25
14647	Stand resto - assemblage / prépa	6	198	5	Normal	Frédéric Loussouarn Anne Calvarin Carinne Abdebreiman Sebastien Leblay	25
14648	Stand resto - frites	6	171	1	Normal	Frédéric Loussouarn Anne Calvarin Carinne Abdebreiman Sebastien Leblay	26
14649	Stand resto - frites	6	179	2	Normal	Frédéric Loussouarn Anne Calvarin Carinne Abdebreiman Sebastien Leblay	26
14650	Stand resto - frites	6	172	2	Normal	Frédéric Loussouarn Anne Calvarin Carinne Abdebreiman Sebastien Leblay	26
14651	Stand resto - frites	6	196	2	Normal	Frédéric Loussouarn Anne Calvarin Carinne Abdebreiman Sebastien Leblay	26
14652	Stand resto - frites	6	197	2	Normal	Frédéric Loussouarn Anne Calvarin Carinne Abdebreiman Sebastien Leblay	26
14653	Stand resto - frites	6	146	1	Normal	Frédéric Loussouarn Anne Calvarin Carinne Abdebreiman Sebastien Leblay	26
14654	Stand resto - frites	6	174	1	Normal	Frédéric Loussouarn Anne Calvarin Carinne Abdebreiman Sebastien Leblay	26
14655	Stand resto - frites	6	175	1	Normal	Frédéric Loussouarn Anne Calvarin Carinne Abdebreiman Sebastien Leblay	26
14656	Stand resto - frites	6	176	2	Normal	Frédéric Loussouarn Anne Calvarin Carinne Abdebreiman Sebastien Leblay	26
14657	Stand resto - frites	6	177	2	Normal	Frédéric Loussouarn Anne Calvarin Carinne Abdebreiman Sebastien Leblay	26
14658	Stand resto - frites	6	198	2	Normal	Frédéric Loussouarn Anne Calvarin Carinne Abdebreiman Sebastien Leblay	26
14659	Stand resto - frites	6	199	2	Normal	Frédéric Loussouarn Anne Calvarin Carinne Abdebreiman Sebastien Leblay	26
14660	Stand resto - cuisson frites	6	171	5	Normal	Frédéric Loussouarn Anne Calvarin Carinne Abdebreiman Sebastien Leblay	27
14661	Stand resto - cuisson frites	6	179	4	Normal	Frédéric Loussouarn Anne Calvarin Carinne Abdebreiman Sebastien Leblay	27
14662	Stand resto - cuisson frites	6	172	4	Normal	Frédéric Loussouarn Anne Calvarin Carinne Abdebreiman Sebastien Leblay	27
14663	Stand resto - cuisson frites	6	196	4	Normal	Frédéric Loussouarn Anne Calvarin Carinne Abdebreiman Sebastien Leblay	27
14664	Stand resto - cuisson frites	6	197	4	Normal	Frédéric Loussouarn Anne Calvarin Carinne Abdebreiman Sebastien Leblay	27
14665	Stand resto - cuisson frites	6	146	4	Normal	Frédéric Loussouarn Anne Calvarin Carinne Abdebreiman Sebastien Leblay	27
14666	Stand resto - cuisson frites	6	174	5	Normal	Frédéric Loussouarn Anne Calvarin Carinne Abdebreiman Sebastien Leblay	27
14667	Stand resto - cuisson frites	6	175	4	Normal	Frédéric Loussouarn Anne Calvarin Carinne Abdebreiman Sebastien Leblay	27
14668	Stand resto - cuisson frites	6	176	4	Normal	Frédéric Loussouarn Anne Calvarin Carinne Abdebreiman Sebastien Leblay	27
14669	Stand resto - cuisson frites	6	177	4	Normal	Frédéric Loussouarn Anne Calvarin Carinne Abdebreiman Sebastien Leblay	27
14670	Stand resto - cuisson frites	6	198	4	Normal	Frédéric Loussouarn Anne Calvarin Carinne Abdebreiman Sebastien Leblay	27
14671	Stand resto - cuisson frites	6	199	4	Normal	Frédéric Loussouarn Anne Calvarin Carinne Abdebreiman Sebastien Leblay	27
14672	Caravane WH - Dessert/Crêpes	6	171	2	Normal	Frédéric Loussouarn Anne Calvarin Carinne Abdebreiman Sebastien Leblay	28
14673	Caravane WH - Dessert/Crêpes	6	179	2	Normal	Frédéric Loussouarn Anne Calvarin Carinne Abdebreiman Sebastien Leblay	28
14674	Caravane WH - Dessert/Crêpes	6	172	2	Normal	Frédéric Loussouarn Anne Calvarin Carinne Abdebreiman Sebastien Leblay	28
14675	Caravane WH - Dessert/Crêpes	6	196	2	Normal	Frédéric Loussouarn Anne Calvarin Carinne Abdebreiman Sebastien Leblay	28
14676	Caravane WH - Dessert/Crêpes	6	197	2	Normal	Frédéric Loussouarn Anne Calvarin Carinne Abdebreiman Sebastien Leblay	28
14677	Caravane WH - Dessert/Crêpes	6	146	2	Normal	Frédéric Loussouarn Anne Calvarin Carinne Abdebreiman Sebastien Leblay	28
14678	Caravane WH - Dessert/Crêpes	6	174	2	Normal	Frédéric Loussouarn Anne Calvarin Carinne Abdebreiman Sebastien Leblay	28
14679	Caravane WH - Dessert/Crêpes	6	175	2	Normal	Frédéric Loussouarn Anne Calvarin Carinne Abdebreiman Sebastien Leblay	28
14680	Caravane WH - Dessert/Crêpes	6	176	2	Normal	Frédéric Loussouarn Anne Calvarin Carinne Abdebreiman Sebastien Leblay	28
14681	Caravane WH - Dessert/Crêpes	6	177	2	Normal	Frédéric Loussouarn Anne Calvarin Carinne Abdebreiman Sebastien Leblay	28
14682	Caravane WH - Dessert/Crêpes	6	198	2	Normal	Frédéric Loussouarn Anne Calvarin Carinne Abdebreiman Sebastien Leblay	28
14683	Caravane WH - Dessert/Crêpes	6	199	2	Normal	Frédéric Loussouarn Anne Calvarin Carinne Abdebreiman Sebastien Leblay	28
14684	Vaisselle / plonge	6	172	4	Normal	Frédéric Loussouarn Anne Calvarin Carinne Abdebreiman Sebastien Leblay	29
14685	Vaisselle / plonge	6	196	4	Normal	Frédéric Loussouarn Anne Calvarin Carinne Abdebreiman Sebastien Leblay	29
14686	Vaisselle / plonge	6	159	4	Normal	Frédéric Loussouarn Anne Calvarin Carinne Abdebreiman Sebastien Leblay	29
14687	Vaisselle / plonge	6	194	4	Normal	Frédéric Loussouarn Anne Calvarin Carinne Abdebreiman Sebastien Leblay	29
14688	Vaisselle / plonge	6	195	6	Normal	Frédéric Loussouarn Anne Calvarin Carinne Abdebreiman Sebastien Leblay	29
14689	Vaisselle / plonge	6	177	4	Normal	Frédéric Loussouarn Anne Calvarin Carinne Abdebreiman Sebastien Leblay	29
14690	Vaisselle / plonge	6	198	4	Normal	Frédéric Loussouarn Anne Calvarin Carinne Abdebreiman Sebastien Leblay	29
14691	Vaisselle / plonge	6	199	4	Normal	Frédéric Loussouarn Anne Calvarin Carinne Abdebreiman Sebastien Leblay	29
14692	Vaisselle / plonge	6	193	4	Normal	Frédéric Loussouarn Anne Calvarin Carinne Abdebreiman Sebastien Leblay	29
14693	Vaisselle / plonge	6	200	4	Normal	Frédéric Loussouarn Anne Calvarin Carinne Abdebreiman Sebastien Leblay	29
14694	Catering (super-bénévoles)	7	201	2	Specialise	Christelle Guiavarch Ludovic Guiavarch	30
14695	Catering (super-bénévoles)	7	163	2	Specialise	Christelle Guiavarch Ludovic Guiavarch	30
14696	Catering (super-bénévoles)	7	164	1	Specialise	Christelle Guiavarch Ludovic Guiavarch	30
14697	Catering (super-bénévoles)	7	202	3	Specialise	Christelle Guiavarch Ludovic Guiavarch	30
14698	Catering (super-bénévoles)	7	167	1	Specialise	Christelle Guiavarch Ludovic Guiavarch	30
14699	Catering (super-bénévoles)	7	168	2	Specialise	Christelle Guiavarch Ludovic Guiavarch	30
14700	Catering	7	201	1	Normal	Christelle Guiavarch Ludovic Guiavarch	31
14701	Catering	7	163	2	Normal	Christelle Guiavarch Ludovic Guiavarch	31
14702	Catering	7	164	3	Normal	Christelle Guiavarch Ludovic Guiavarch	31
14703	Catering	7	202	1	Normal	Christelle Guiavarch Ludovic Guiavarch	31
14704	Catering	7	167	3	Normal	Christelle Guiavarch Ludovic Guiavarch	31
14705	Catering	7	168	2	Normal	Christelle Guiavarch Ludovic Guiavarch	31
14706	Ticketterie (super bénévoles)	9	179	4	Specialise	Magali Bihannic Baptiste Le Masson	32
14707	Ticketterie (super bénévoles)	9	172	5	Specialise	Magali Bihannic Baptiste Le Masson	32
14708	Ticketterie (super bénévoles)	9	196	5	Specialise	Magali Bihannic Baptiste Le Masson	32
14709	Ticketterie (super bénévoles)	9	197	1	Specialise	Magali Bihannic Baptiste Le Masson	32
14710	Ticketterie (super bénévoles)	9	174	2	Specialise	Magali Bihannic Baptiste Le Masson	32
14711	Ticketterie (super bénévoles)	9	175	4	Specialise	Magali Bihannic Baptiste Le Masson	32
14712	Ticketterie (super bénévoles)	9	176	5	Specialise	Magali Bihannic Baptiste Le Masson	32
14713	Ticketterie (super bénévoles)	9	177	5	Specialise	Magali Bihannic Baptiste Le Masson	32
14714	Ticketterie (super bénévoles)	9	198	4	Specialise	Magali Bihannic Baptiste Le Masson	32
14715	Ticketterie (super bénévoles)	9	199	1	Specialise	Magali Bihannic Baptiste Le Masson	32
14716	Camping	10	170	4	Normal	André Normand Didier Blanc	33
14717	Camping	10	171	4	Normal	André Normand Didier Blanc	33
14718	Camping	10	172	2	Normal	André Normand Didier Blanc	33
14719	Camping	10	196	2	Normal	André Normand Didier Blanc	33
14720	Camping	10	203	2	Normal	André Normand Didier Blanc	33
14721	Camping	10	204	2	Normal	André Normand Didier Blanc	33
14722	Camping	10	194	2	Normal	André Normand Didier Blanc	33
14723	Camping	10	195	2	Normal	André Normand Didier Blanc	33
14724	Camping	10	165	2	Normal	André Normand Didier Blanc	33
14725	Camping	10	167	2	Normal	André Normand Didier Blanc	33
14726	Camping	10	168	2	Normal	André Normand Didier Blanc	33
14727	Camping	10	185	2	Normal	André Normand Didier Blanc	33
14728	Camping	10	186	2	Normal	André Normand Didier Blanc	33
14729	Camping	10	187	2	Normal	André Normand Didier Blanc	33
14730	Camping	10	205	2	Normal	André Normand Didier Blanc	33
14731	Camping	10	193	2	Normal	André Normand Didier Blanc	33
14732	Camping	10	206	2	Normal	André Normand Didier Blanc	33
14733	Chap anim (Arbre soleil, podcast mediation, etc...)	11	173	2	Normal	Nina Faidy Thomas Uboldi Nolwenn Hamon Marc Hervé	34
14734	Chap anim (Arbre soleil, podcast mediation, etc...)	11	174	2	Normal	Nina Faidy Thomas Uboldi Nolwenn Hamon Marc Hervé	34
14735	Chap anim (Arbre soleil, podcast mediation, etc...)	11	175	2	Normal	Nina Faidy Thomas Uboldi Nolwenn Hamon Marc Hervé	34
14736	Chap anim (Arbre soleil, podcast mediation, etc...)	11	176	2	Normal	Nina Faidy Thomas Uboldi Nolwenn Hamon Marc Hervé	34
14737	Chap anim (Arbre soleil, podcast mediation, etc...)	11	177	2	Normal	Nina Faidy Thomas Uboldi Nolwenn Hamon Marc Hervé	34
14738	Freep + brouette à disques (ven/sam)	11	171	2	Normal	Nina Faidy Thomas Uboldi Nolwenn Hamon Marc Hervé	35
14739	Freep + brouette à disques (ven/sam)	11	179	2	Normal	Nina Faidy Thomas Uboldi Nolwenn Hamon Marc Hervé	35
14740	Freep + brouette à disques (ven/sam)	11	172	2	Normal	Nina Faidy Thomas Uboldi Nolwenn Hamon Marc Hervé	35
14741	Freep + brouette à disques (ven/sam)	11	165	2	Normal	Nina Faidy Thomas Uboldi Nolwenn Hamon Marc Hervé	35
14742	Freep + brouette à disques (ven/sam)	11	166	2	Normal	Nina Faidy Thomas Uboldi Nolwenn Hamon Marc Hervé	35
14743	Freep + brouette à disques (ven/sam)	11	167	2	Normal	Nina Faidy Thomas Uboldi Nolwenn Hamon Marc Hervé	35
14744	Freep + brouette à disques (ven/sam)	11	207	2	Normal	Nina Faidy Thomas Uboldi Nolwenn Hamon Marc Hervé	35
14745	Pailettes (sur site)	11	163	1	Normal	Nina Faidy Thomas Uboldi Nolwenn Hamon Marc Hervé	36
14746	Pailettes (sur site)	11	164	2	Normal	Nina Faidy Thomas Uboldi Nolwenn Hamon Marc Hervé	36
14747	Pailettes (sur site)	11	165	1	Normal	Nina Faidy Thomas Uboldi Nolwenn Hamon Marc Hervé	36
14748	Pailettes (sur site)	11	166	2	Normal	Nina Faidy Thomas Uboldi Nolwenn Hamon Marc Hervé	36
14749	Pailettes (sur site)	11	167	1	Normal	Nina Faidy Thomas Uboldi Nolwenn Hamon Marc Hervé	36
14750	Pailettes (sur site)	11	207	2	Normal	Nina Faidy Thomas Uboldi Nolwenn Hamon Marc Hervé	36
14751	Blind Fest (camping)	11	189	1	Specialise	Nina Faidy Thomas Uboldi Nolwenn Hamon Marc Hervé	37
14752	Jeux en bois	11	173	2	Normal	Nina Faidy Thomas Uboldi Nolwenn Hamon Marc Hervé	38
14753	Jeux en bois	11	174	2	Normal	Nina Faidy Thomas Uboldi Nolwenn Hamon Marc Hervé	38
14754	Jeux en bois	11	175	2	Normal	Nina Faidy Thomas Uboldi Nolwenn Hamon Marc Hervé	38
14755	Jeux en bois	11	176	4	Normal	Nina Faidy Thomas Uboldi Nolwenn Hamon Marc Hervé	38
14756	Spectacle de danse (samedi sur le site)	11	208	2	Specialise	Nina Faidy Thomas Uboldi Nolwenn Hamon Marc Hervé	39
14757	Spectacle de danse (dimanche lieu secret)	11	209	2	Specialise	Nina Faidy Thomas Uboldi Nolwenn Hamon Marc Hervé	40
14758	Accueil, merch, com	12	154	2	Normal	Estelle Bruzac Marc Hervé	41
14759	Accueil, merch, com	12	179	2	Normal	Estelle Bruzac Marc Hervé	41
14760	Accueil, merch, com	12	172	2	Normal	Estelle Bruzac Marc Hervé	41
14761	Accueil, merch, com	12	197	2	Normal	Estelle Bruzac Marc Hervé	41
14762	Accueil, merch, com	12	173	2	Normal	Estelle Bruzac Marc Hervé	41
14763	Accueil, merch, com	12	175	2	Normal	Estelle Bruzac Marc Hervé	41
14764	Accueil, merch, com	12	176	2	Normal	Estelle Bruzac Marc Hervé	41
14765	Accueil, merch, com	12	177	2	Normal	Estelle Bruzac Marc Hervé	41
14766	Accueil, merch, com	12	199	2	Normal	Estelle Bruzac Marc Hervé	41
14767	Retours consignes	12	172	2	Normal	Estelle Bruzac Marc Hervé	42
14768	Retours consignes	12	196	3	Normal	Estelle Bruzac Marc Hervé	42
14769	Retours consignes	12	197	3	Normal	Estelle Bruzac Marc Hervé	42
14770	Retours consignes	12	176	2	Normal	Estelle Bruzac Marc Hervé	42
14771	Retours consignes	12	177	2	Normal	Estelle Bruzac Marc Hervé	42
14772	Retours consignes	12	198	3	Normal	Estelle Bruzac Marc Hervé	42
14773	Retours consignes	12	199	3	Normal	Estelle Bruzac Marc Hervé	42
14774	Accueil accréd (artistes, tech, assos etc)	13	210	1	Specialise	Baptiste Le Masson	43
14775	Accueil accréd (artistes, tech, assos etc)	13	211	1	Specialise	Baptiste Le Masson	43
14776	Accueil accréd (artistes, tech, assos etc)	13	180	1	Specialise	Baptiste Le Masson	43
14777	Accueil accréd (artistes, tech, assos etc)	13	181	1	Specialise	Baptiste Le Masson	43
14778	Accueil accréd (artistes, tech, assos etc)	13	163	1	Specialise	Baptiste Le Masson	43
14779	Accueil accréd (artistes, tech, assos etc)	13	164	1	Specialise	Baptiste Le Masson	43
14780	Accueil accréd (artistes, tech, assos etc)	13	182	1	Specialise	Baptiste Le Masson	43
14781	Accueil accréd (artistes, tech, assos etc)	13	188	1	Specialise	Baptiste Le Masson	43
14782	Accueil accréd (artistes, tech, assos etc)	13	189	1	Specialise	Baptiste Le Masson	43
14783	Accueil accréd (artistes, tech, assos etc)	13	173	1	Specialise	Baptiste Le Masson	43
14784	Accueil accréd (artistes, tech, assos etc)	13	174	1	Specialise	Baptiste Le Masson	43
14785	Accueil accréd (artistes, tech, assos etc)	13	175	1	Specialise	Baptiste Le Masson	43
14786	Accueil accréd (artistes, tech, assos etc)	13	176	1	Specialise	Baptiste Le Masson	43
14787	Accueil bénévoles	13	210	1	Specialise	Charles Flamanc, Marine Rabelle, Cécile Helleringer	44
14788	Accueil bénévoles	13	211	2	Specialise	Charles Flamanc, Marine Rabelle, Cécile Helleringer	44
14789	Accueil bénévoles	13	180	3	Specialise	Charles Flamanc, Marine Rabelle, Cécile Helleringer	44
14790	Accueil bénévoles	13	181	3	Specialise	Charles Flamanc, Marine Rabelle, Cécile Helleringer	44
14791	Accueil bénévoles	13	163	3	Specialise	Charles Flamanc, Marine Rabelle, Cécile Helleringer	44
14792	Accueil bénévoles	13	164	2	Specialise	Charles Flamanc, Marine Rabelle, Cécile Helleringer	44
14793	Accueil bénévoles	13	182	1	Specialise	Charles Flamanc, Marine Rabelle, Cécile Helleringer	44
14794	Accueil bénévoles	13	188	1	Specialise	Charles Flamanc, Marine Rabelle, Cécile Helleringer	44
14795	Accueil bénévoles	13	189	2	Specialise	Charles Flamanc, Marine Rabelle, Cécile Helleringer	44
14796	Accueil bénévoles	13	173	2	Specialise	Charles Flamanc, Marine Rabelle, Cécile Helleringer	44
14797	Accueil bénévoles	13	174	2	Specialise	Charles Flamanc, Marine Rabelle, Cécile Helleringer	44
14798	Accueil bénévoles	13	175	2	Specialise	Charles Flamanc, Marine Rabelle, Cécile Helleringer	44
14799	Accueil bénévoles	13	176	1	Specialise	Charles Flamanc, Marine Rabelle, Cécile Helleringer	44
14800	Bénévoles volants	14	180	2	Specialise	Charles Flamanc, Marine Rabelle, Cécile Helleringer	45
14801	Bénévoles volants	14	181	2	Specialise	Charles Flamanc, Marine Rabelle, Cécile Helleringer	45
14802	Bénévoles volants	14	163	2	Specialise	Charles Flamanc, Marine Rabelle, Cécile Helleringer	45
14803	Bénévoles volants	14	164	2	Specialise	Charles Flamanc, Marine Rabelle, Cécile Helleringer	45
14804	Bénévoles volants	14	182	2	Specialise	Charles Flamanc, Marine Rabelle, Cécile Helleringer	45
14805	Bénévoles volants	14	183	2	Specialise	Charles Flamanc, Marine Rabelle, Cécile Helleringer	45
14806	Bénévoles volants	14	194	2	Specialise	Charles Flamanc, Marine Rabelle, Cécile Helleringer	45
14807	Bénévoles volants	14	195	2	Specialise	Charles Flamanc, Marine Rabelle, Cécile Helleringer	45
14808	Bénévoles volants	14	165	2	Specialise	Charles Flamanc, Marine Rabelle, Cécile Helleringer	45
14809	Bénévoles volants	14	166	2	Specialise	Charles Flamanc, Marine Rabelle, Cécile Helleringer	45
14810	Bénévoles volants	14	167	2	Specialise	Charles Flamanc, Marine Rabelle, Cécile Helleringer	45
14811	Bénévoles volants	14	168	2	Specialise	Charles Flamanc, Marine Rabelle, Cécile Helleringer	45
14812	Bénévoles volants	14	185	2	Specialise	Charles Flamanc, Marine Rabelle, Cécile Helleringer	45
14813	Bénévoles volants	14	186	2	Specialise	Charles Flamanc, Marine Rabelle, Cécile Helleringer	45
14814	Bénévoles bien estar	14	180	2	Specialise	Charles Flamanc, Marine Rabelle, Cécile Helleringer	46
14815	Bénévoles bien estar	14	181	3	Specialise	Charles Flamanc, Marine Rabelle, Cécile Helleringer	46
14816	Bénévoles bien estar	14	163	2	Specialise	Charles Flamanc, Marine Rabelle, Cécile Helleringer	46
14817	Bénévoles bien estar	14	164	3	Specialise	Charles Flamanc, Marine Rabelle, Cécile Helleringer	46
14818	Bénévoles bien estar	14	182	3	Specialise	Charles Flamanc, Marine Rabelle, Cécile Helleringer	46
14819	Bénévoles bien estar	14	183	3	Specialise	Charles Flamanc, Marine Rabelle, Cécile Helleringer	46
14820	Bénévoles bien estar	14	165	2	Specialise	Charles Flamanc, Marine Rabelle, Cécile Helleringer	46
14821	Bénévoles bien estar	14	166	3	Specialise	Charles Flamanc, Marine Rabelle, Cécile Helleringer	46
14822	Bénévoles bien estar	14	167	2	Specialise	Charles Flamanc, Marine Rabelle, Cécile Helleringer	46
14823	Bénévoles bien estar	14	168	3	Specialise	Charles Flamanc, Marine Rabelle, Cécile Helleringer	46
14824	Bénévoles bien estar	14	185	3	Specialise	Charles Flamanc, Marine Rabelle, Cécile Helleringer	46
14825	Bénévoles bien estar	14	186	3	Specialise	Charles Flamanc, Marine Rabelle, Cécile Helleringer	46
14826	Transport tables, bancs et chaises et tonnelles vers port puis montage	15	212	4	Normal	Jessy	47
14827	Démontage lights site	15	212	2	Normal	Flo	48
14828	Montage buvettes bar	15	212	3	Normal	Jessy	49
14829	Transport mobilier palettes vers le Port	15	212	2	Normal	Noé, Loïc	50
\.


--
-- Data for Name: mail_templates; Type: TABLE DATA; Schema: public; Owner: malob
--

COPY public.mail_templates (id, title, subject, content, is_active, created_at, updated_at) FROM stdin;
31dafcb5-688a-47c6-88a2-589ed711c83d	Envoi Planning - V1	Envoi des plannings - {{festival_nom}}	<h2><span style="color: rgb(0, 128, 0);">Oyez Oyez</span></h2>Salut <b style="color: rgb(65, 117, 200);">{{prenom}}</b> !<div>Le festival se rapproche, on t'a donc fait planning aux petits ognons pour ce fameux weekend !<br>Tu le trouveras en pièce-jointe.</div><div>A bientôt pour {{festival_nom}}<br><span style="color: rgb(128, 0, 128);">rendez-vous {{festival_dates}} au {{festival_lieu}} de {{festival_ville}} !</span><br>🌊🌊</div>	t	2026-04-07 14:27:46.299865+00	2026-04-07 14:32:51.071193+00
\.


--
-- Data for Name: preferences; Type: TABLE DATA; Schema: public; Owner: malob
--

COPY public.preferences (id, label) FROM stdin;
2	Accueil du public
4	Logistique
1	Ravitaillement
3	Vie sur site
\.


--
-- Data for Name: slots; Type: TABLE DATA; Schema: public; Owner: malob
--

COPY public.slots (id, day_index, start_time, end_time) FROM stdin;
108	0	15	16
109	0	14	15
110	1	14	15
111	1	9	10
112	2	15	16
113	0	9	10
114	1	15	16
115	1	17	18
116	1	20	21
117	0	18	19
118	2	21	22
119	2	9	10
120	1	10	11
121	0	11	12
122	0	8	9
123	0	19	20
124	0	10	11
125	2	11	12
126	1	8	9
127	2	19	20
128	1	13	14
129	2	14	15
130	4	15	16
131	4	19	20
132	4	8	9
133	5	15	16
134	5	13	14
135	6	19	20
136	4	11	12
137	6	14	15
138	6	9	10
139	4	10	11
140	4	9	10
141	5	9	10
142	5	10	11
143	5	8	9
144	6	18	19
145	6	15	16
146	5	14	15
147	5	17	18
148	6	21	22
149	4	14	15
150	6	11	12
151	4	16	17
152	6	10	11
153	5	20	21
154	4	18	19
155	6	20	21
156	5	25	26
157	5	26	27
158	4	24	25
159	4	25	26
160	4	12	13
161	4	26	27
162	4	17	18
163	4	18	20
164	4	20	22
165	5	14	16
166	5	16	18
167	5	18	20
168	5	20	22
169	4	13	15
170	4	15	17
171	4	17	19
172	4	21	23
173	5	13	15
174	5	15	17
175	5	17	19
176	5	19	21
177	5	21	23
178	6	13	15
179	4	19	21
180	4	14	16
181	4	16	18
182	4	22	24
183	4	24	26
184	4	26	28
185	5	22	24
186	5	24	26
187	5	26	28
188	5	9	11
189	5	11	13
190	6	9	11
191	6	11	13
192	4	17	21
193	6	10	12
194	5	10	12
195	5	12	14
196	4	23	25
197	4	25	27
198	5	23	25
199	5	25	27
200	6	12	13
201	4	12	15
202	5	12	15
203	4	27	28
204	5	8	10
205	6	8	10
206	6	12	14
207	5	20	23
208	5	16	20
209	6	10	14
210	4	10	12
211	4	12	14
212	6	9	13
213	3	15	16
214	3	16	17
215	3	17	18
216	3	18	19
217	3	19	20
218	3	20	21
219	3	21	22
220	3	22	23
221	3	23	24
222	3	24	25
223	3	25	26
224	3	26	27
225	3	27	28
226	3	28	29
227	4	13	14
228	4	20	21
229	4	21	22
230	4	22	23
231	4	23	24
232	4	28	29
233	5	11	12
234	5	12	13
235	5	16	17
236	5	18	19
237	5	19	20
238	5	21	22
239	5	22	23
240	5	23	24
241	5	24	25
242	5	27	28
243	5	28	29
244	6	8	9
245	6	13	14
246	6	16	17
247	6	17	18
248	3	9	10
249	3	10	11
250	3	11	12
251	3	12	13
252	3	13	14
253	3	14	15
254	6	22	23
255	6	23	24
256	6	24	25
257	6	25	26
258	6	26	27
259	6	27	28
260	6	28	29
261	7	8	9
262	7	9	10
263	7	10	11
264	7	11	12
265	7	12	13
266	7	13	14
267	7	14	15
268	7	15	16
269	7	16	17
270	7	17	18
271	3	29	30
272	5	29	30
273	4	29	30
274	6	29	30
275	7	18	19
276	7	19	20
277	7	20	21
279	7	22	23
281	3	8	9
278	7	21	22
280	7	23	24
\.


--
-- Data for Name: subtasks; Type: TABLE DATA; Schema: public; Owner: malob
--

COPY public.subtasks (id, task_id, title, is_completed, "position") FROM stdin;
1845	364e1a96-57ea-4189-8866-b24d43bce9df	V1 : Gestion des formats de sortis finaux (PowerPoint, document récapitulatif Excel, Label de Bon Emploi)	f	0
1846	364e1a96-57ea-4189-8866-b24d43bce9df	V1 : Différencier le traitement anciens robots (R30IA...) des nouveaux (R50IA - avec un DATAID.csv)	t	0
1847	364e1a96-57ea-4189-8866-b24d43bce9df	V1 : Interface graphique minimaliste	t	0
1848	364e1a96-57ea-4189-8866-b24d43bce9df	V0 : Récupération des variables Karel (*.VR)	t	0
1849	364e1a96-57ea-4189-8866-b24d43bce9df	V0 : Récupération des variables Système (ex : sysvar.VA - sysmast.VA)	t	0
1850	364e1a96-57ea-4189-8866-b24d43bce9df	V0 : Parsing d'un backup robot complet (Entrée : dossier)	t	0
1851	364e1a96-57ea-4189-8866-b24d43bce9df	V0 : Conversion de Backup via FANUC/WinOLP/kconvars	t	0
1852	364e1a96-57ea-4189-8866-b24d43bce9df	Livrables : Version CLI en ligne de commande CMD - Pour Tablette	f	0
1853	364e1a96-57ea-4189-8866-b24d43bce9df	Livrables :  .exe avec interface graphique (TKINTER) - Pour PC	t	0
1854	364e1a96-57ea-4189-8866-b24d43bce9df	Nice To Have : visualiser label directement dans l'app	f	0
1855	364e1a96-57ea-4189-8866-b24d43bce9df	V3 : Recherche d'une chaine de charactère dans X backups chargés	t	0
1856	364e1a96-57ea-4189-8866-b24d43bce9df	V2 : Analyse des fichiers .LS → vérification de conformité (numéro de Payload doit être défini dans le robot, UserFrame, ToolFrame dans un premier temps)	f	0
163	f00a1d69-c96c-49da-b519-855bc4de84c6	Intégration	t	0
164	f00a1d69-c96c-49da-b519-855bc4de84c6	Charger des données en BDD	t	1
1739	0d521a18-372d-430f-9dfd-c693f7069173	système de rôle + panneau d'administration	f	0
1789	90176be8-da8a-4029-880c-ea7f85d657c0	Dropdown de profil pas aligné sur grand écran	t	0
1790	90176be8-da8a-4029-880c-ea7f85d657c0	calcul de la satisfaction assignment	t	0
1791	90176be8-da8a-4029-880c-ea7f85d657c0	ajout de Logger d'activity au niveau de Assignement	t	0
1792	90176be8-da8a-4029-880c-ea7f85d657c0	format de documents PDF pour envoi	t	0
1706	5a67cd53-ee00-4cbf-915d-359acfc0021a	séparer le noyau fonctionnel en package	t	0
1707	5a67cd53-ee00-4cbf-915d-359acfc0021a	utiliser les package pour l'import	t	0
1708	5a67cd53-ee00-4cbf-915d-359acfc0021a	import excel	t	0
1793	90176be8-da8a-4029-880c-ea7f85d657c0	amélioration du callback de log pour plus de précision assignment	t	0
1794	90176be8-da8a-4029-880c-ea7f85d657c0	filtrage par bénévole si double clic sur bénévole dans assignment	t	0
1795	90176be8-da8a-4029-880c-ea7f85d657c0	retravailler ordonnancement sous-tâche	t	0
\.


--
-- Data for Name: tags; Type: TABLE DATA; Schema: public; Owner: malob
--

COPY public.tags (id, name, color_hex) FROM stdin;
1	Développement	#f06c14
2	Intégration	#ee20c8
3	Backend	#22d3ee
4	Frontend	#4ed477
6	Noyau Fonctionnel	#c40808
8	FANUC	#f4e006
9	Horizons	#3b82f6
\.


--
-- Data for Name: task_attachments; Type: TABLE DATA; Schema: public; Owner: malob
--

COPY public.task_attachments (id, task_id, uploader_id, file_name, file_url, uploaded_at) FROM stdin;
\.


--
-- Data for Name: task_comments; Type: TABLE DATA; Schema: public; Owner: malob
--

COPY public.task_comments (id, task_id, author_id, content, created_at, updated_at) FROM stdin;
\.


--
-- Data for Name: task_tags; Type: TABLE DATA; Schema: public; Owner: malob
--

COPY public.task_tags (task_id, tag_id) FROM stdin;
f00a1d69-c96c-49da-b519-855bc4de84c6	2
f00a1d69-c96c-49da-b519-855bc4de84c6	1
5a67cd53-ee00-4cbf-915d-359acfc0021a	2
5a67cd53-ee00-4cbf-915d-359acfc0021a	1
5a67cd53-ee00-4cbf-915d-359acfc0021a	6
364e1a96-57ea-4189-8866-b24d43bce9df	8
364e1a96-57ea-4189-8866-b24d43bce9df	1
16708875-a88e-41ba-a630-15a4081db40c	1
16708875-a88e-41ba-a630-15a4081db40c	4
16708875-a88e-41ba-a630-15a4081db40c	9
ca1bc8ec-a6c5-47c0-9e81-b5e50700e531	3
ca1bc8ec-a6c5-47c0-9e81-b5e50700e531	9
f643dd4e-2412-4564-be35-4c9e7871ffed	8
f643dd4e-2412-4564-be35-4c9e7871ffed	1
90176be8-da8a-4029-880c-ea7f85d657c0	9
90176be8-da8a-4029-880c-ea7f85d657c0	1
0d521a18-372d-430f-9dfd-c693f7069173	9
0d521a18-372d-430f-9dfd-c693f7069173	1
\.


--
-- Data for Name: tasks; Type: TABLE DATA; Schema: public; Owner: malob
--

COPY public.tasks (id, title, description, type, status, priority, creator_id, assignee_id, due_date, opened_at, verification_opened_at, closed_at, google_calendar_event_id) FROM stdin;
5a67cd53-ee00-4cbf-915d-359acfc0021a	logique d'import / export des Postes	<ul><li></li><li>Ajouter au Backend les fonctions de Parsing de postes du noyau fonctionnel</li><li>Transformer le type de sortie <span style="color: rgb(2, 110, 78);"></span><strong><span style="color: rgb(2, 110, 78);">Objet python</span> -&gt; <span style="color: rgb(251, 255, 0);">JSON</span></strong><span style="color: rgb(251, 255, 0);"></span></li><li><span style="color: rgb(255, 255, 255);">lier ce processus à une route Backend</span><br></li><li><span style="color: rgb(255, 255, 255);">Prévoir un composant front </span><span style="color: rgb(6, 142, 33);">LoadingBar.vue</span></li></ul>	STANDARD	CLOSED	MEDIUM	0d9b1387-fc4d-4f21-aa5f-ce264f710055	0d9b1387-fc4d-4f21-aa5f-ce264f710055	2026-03-15 00:00:00+00	2026-03-12 16:23:54.314414+00	\N	2026-04-10 07:33:59.699665+00	\N
f00a1d69-c96c-49da-b519-855bc4de84c6	Intégrer les postes avec l'API		STANDARD	CLOSED	MEDIUM	0d9b1387-fc4d-4f21-aa5f-ce264f710055	0d9b1387-fc4d-4f21-aa5f-ce264f710055	2026-03-13 00:00:00+00	2026-03-12 15:54:54.199725+00	\N	2026-03-14 14:52:10.281109+00	\N
ca1bc8ec-a6c5-47c0-9e81-b5e50700e531	revoir mise à jour categorie/préférence page benevole		STANDARD	CLOSED	CRITICAL	0d9b1387-fc4d-4f21-aa5f-ce264f710055	0d9b1387-fc4d-4f21-aa5f-ce264f710055	\N	2026-03-17 22:03:37.933558+00	\N	2026-03-18 12:54:17.523877+00	\N
16708875-a88e-41ba-a630-15a4081db40c	Cahier des Charges — Interface d'Affectation	<h1><span style="color: rgb(255, 215, 0);"><p><span style="font-size: 1.5em;">Contexte</span></p></span></h1>\n<p><span style="color: rgb(255, 255, 255);">L'interface d'affectation permet aux coordinateurs de festival d'assigner des bénévoles à des postes de travail. Le noyau fonctionnel Python expose un algorithme génétique d'affectation via API. L'interface doit permettre de lancer cet algorithme, de visualiser son résultat, et de le modifier manuellement avec une ergonomie optimale. Les affectations sont persistées en base de données dans une table dédiée </span><span style="font-family: &quot;DM Mono&quot;, &quot;Fira Mono&quot;, ui-monospace, monospace; font-style: italic;"><span style="color: rgb(83, 83, 193);">assignements</span><span style="color: rgb(255, 255, 255);">.</span></span></p><p><span style="font-family: &quot;DM Mono&quot;, &quot;Fira Mono&quot;, ui-monospace, monospace; font-style: italic;"><br></span></p><h1><span style="color: rgb(255, 140, 0);">1. Panneau de synthèse global (sticky en haut)</span></h1><p>\n</p><p><span style="color: rgb(255, 255, 255);">Un bandeau permanent en haut de page, non scrollable, affichant en temps réel :</span></p><ul><li><span style="color: rgb(255, 255, 255);">Postes pourvus / total (ex: </span>34/52 postes<span style="color: rgb(255, 255, 255);">)</span></li><li><span style="color: rgb(255, 255, 255);">Bénévoles affectés / total (ex:</span> 47/80 bénévoles<span style="color: rgb(255, 255, 255);">)</span></li><li><span style="color: rgb(255, 255, 255);">Taux de satisfaction moyen global (score issu de l'algo génétique, recalculé après chaque modification manuelle)</span></li><li><span style="color: rgb(255, 255, 255);">Nombre d'heures moyen par jour sur l'ensemble des bénévoles</span></li><li><span style="color: rgb(255, 255, 255);">Bouton <strong>Lancer l'algorithme</strong> — déclenche l'affectation automatique via l'API Python avec les données bénévoles et postes déjà présentes en base. Pendant le calcul : état de chargement, blocage des interactions, indicateur de progression si l'API le supporte.</span></li><li><span style="color: rgb(255, 255, 255);">Bouton <strong>Sauvegarder</strong> — persiste l'état courant en bas. Distinction visuelle entre état "non sauvegardé" (badge ou couleur sur le bouton) et état "sauvegardé".</span></li><li><span style="color: rgb(255, 255, 255);">Boutons <strong>Undo / Redo</strong> (Ctrl+Z / Ctrl+Y) — navigation dans l'historique des actions manuelles. -&nbsp;L'historique est réinitialisé à chaque lancement de l'algorithme (le résultat algo devient le nouvel état de base)</span></li></ul><br><h1><span style="color: rgb(255, 140, 0);">2. Tableau central — Gantt des affectations</span></h1><span style="color: rgb(255, 140, 0);"><br></span><h2>Structure</h2>\n<p><span style="color: rgb(255, 255, 255);">Le tableau central reprend exactement le paradigme visuel du composant </span>PlanningGantt.vue<span style="color: rgb(255, 255, 255);"> existant : un diagramme de Gantt avec <strong>les jours du festival en colonnes</strong> et <strong>les postes en lignes</strong>, chaque créneau horaire étant représenté par un bloc positionné sur l'axe temporel.</span></p>\n<p><span style="color: rgb(255, 255, 255);">La différence fondamentale avec le Gantt existant est que chaque bloc de créneau (</span>GanttSlotBlock<span style="color: rgb(255, 255, 255);">) devient une </span><strong>zone de drop</strong><span style="color: rgb(255, 255, 255);"> affichant les bénévoles déjà affectés à ce poste sur ce créneau. Le type de recrutement sera </span><span style="font-weight: bold;"><span style="color: rgb(255, 0, 0);">obligatoirement et seulement</span> </span><span style="color: rgb(255, 255, 255);">le type de recrutement </span><span style="font-weight: bold; color: rgb(70, 236, 70);">normal</span><span style="color: rgb(255, 255, 255);">.</span></p><p><span style="color: rgb(255, 255, 255);"><br></span></p>\n<h2><span style="color: rgb(255, 255, 255);">Anatomie d'un bloc de créneau</span></h2>\n<p><span style="color: rgb(255, 255, 255);">Chaque bloc (équivalent du </span>GanttSlotBlock.vue<span style="color: rgb(255, 255, 255);"> actuel) affiche :</span></p>\n<ul>\n<li><span style="color: rgb(255, 255, 255);">Le nombre de bénévoles affectés sur le créneau vs. le nombre requis (</span>2/4<span style="color: rgb(255, 255, 255);">)</span></li>\n<li><span style="color: rgb(255, 255, 255);">Une petite carte par bénévole affecté sur ce poste, empilées, cliqué sur la carte ouvre le </span><span style="color: rgb(255, 140, 0);">BenevoleDetailModal</span><span style="color: rgb(255, 255, 255);">&nbsp;de ce bénévole</span></li>\n<li><span style="color: rgb(255, 255, 255);">La couleur de bord selon le taux de remplissage :\n</span><ul>\n<li><span style="color: rgb(255, 0, 0);"><strong>Vide</strong> </span><span style="color: rgb(255, 255, 255);">(0%) → rouge&nbsp;</span></li>\n<li><span style="color: rgb(255, 140, 0);"><strong>Partiel</strong> </span><span style="color: rgb(255, 255, 255);">(1–99%) → orange&nbsp;</span></li>\n<li><span style="color: rgb(0, 128, 0);"><strong>Plein</strong> </span><span style="color: rgb(255, 255, 255);">(100%) → vert&nbsp;</span></li>\n</ul>\n</li>\n<li><span style="color: rgb(255, 255, 255);">En survol : tooltip récapitulatif (nom du poste, créneau, liste des bénévoles affectés, places restantes)</span></li>\n</ul>\n<h3><span style="color: rgb(255, 255, 255);">Comportement drag and drop — zone de drop</span></h3>\n<p><span style="color: rgb(255, 255, 255);">Quand un drag de bénévole est en cours :</span></p>\n<ul>\n<li><span style="color: rgb(255, 255, 255);">Les blocs de créneaux <strong>valides</strong> (poste non plein + créneau compatible avec les disponibilités du bénévole + type de recrutement compatible) se mettent en surbrillance</span></li>\n<li><span style="color: rgb(255, 255, 255);">Les blocs </span><strong>invalides</strong><span style="color: rgb(255, 255, 255);"> sont grisées avec curseur </span>not-allowed</li>\n<li><span style="color: rgb(255, 255, 255);">Un drop sur un bloc invalide déclenche un comportement explicite :\n</span></li><ul>\n<li><strong>Incompatibilité de disponibilité ou de type</strong><span style="color: rgb(255, 255, 255);"> → affichage d'un toast </span><span style="font-style: italic; color: rgb(83, 83, 193);">./components/shared/Toast.vue</span></li></ul></ul><h2>Filtres du tableau</h2><ul><li><span style="color: rgb(255, 255, 255);">Mêmes filtres que pour le tableau de gantt des postes</span></li><li><span style="color: rgb(255, 255, 255);">Par état de remplissage (vide / partiel / plein)</span></li><li><span style="color: rgb(255, 255, 255);">Recherche textuelle sur le nom du poste</span></li></ul><span style="color: rgb(255, 255, 255);"><br></span><span style="color: rgb(255, 255, 255);"><br></span><h1><span style="color: rgb(255, 140, 0);">3. Liste latérale des bénévoles</span></h1><span style="color: rgb(255, 140, 0);"><br></span>\n<h2><span style="color: rgb(255, 255, 255);">Structure générale</span></h2>\n<p><span style="color: rgb(255, 255, 255);">Panneau latéral contenant la liste scrollable des bénévoles sous forme de cartes, :</span></p>\n<ul>\n<li><span style="color: rgb(255, 255, 255);"><strong>Non affectés</strong> — bénévoles sans aucune affectation courante </span><span style="color: rgb(121, 228, 119);">- bordure de la carte en vert clair</span></li>\n<li><span style="color: rgb(255, 255, 255);"><strong>Affectés</strong> — bénévoles ayant au moins une affectation </span><span style="color: rgb(228, 98, 98);">- bordure de la carte en rouge clair</span></li>\n</ul><span style="color: rgb(228, 98, 98);"><br></span>\n<h3><span style="color: rgb(255, 255, 255);">Contenu d'une carte bénévole</span></h3>\n<p><span style="color: rgb(255, 255, 255);">Chaque carte affiche en temps réel, sans ouvrir de menu :</span></p>\n<ul>\n<li><span style="color: rgb(255, 255, 255);">Prénom + Nom</span></li>\n<li><span style="color: rgb(255, 255, 255);">Badge type : </span><span style="color: rgb(255, 140, 0);">Spécialisé </span><span style="color: rgb(255, 255, 255);">ou </span><span style="color: rgb(255, 140, 0);">Normal&nbsp;</span><span style="color: rgb(255, 255, 255);">- Un bénévole normal est affecté maximum 6h/jour, Un bénévole Spécialisé est affecté maximum 2h/jour - état visuel nécéssaire pour marquer le dépassement (autorisé mais déconseillé)</span></li>\n<li><span style="color: rgb(255, 255, 255);">Statut d'affectation : </span>Non affecté<span style="color: rgb(255, 255, 255);"> / nombre d'heure affecté</span></li>\n<li><span style="color: rgb(255, 255, 255);">Taux de satisfaction sur les placements actuels</span></li>\n<li><span style="color: rgb(255, 255, 255);">Nombre de créneaux <strong>avec</strong> compagnon / <strong>sans</strong> compagnon (si des affinités sont définies)</span></li>\n<li><span style="color: rgb(255, 255, 255);">Nombre d'heures effectuées <strong>par jour</strong>, avec indicateur visuel (couleur ou icône) si la limite quotidienne est dépassée</span></li>\n<li><span style="color: rgb(255, 255, 255);">Préférence #1 (label de la catégorie préférée)</span></li></ul><span style="color: rgb(255, 255, 255);"><br></span><span style="color: rgb(255, 255, 255);">Un tooltip au suvol de la carte pourrait être une bonne idée pour éviter de surcharger la carte.</span><span style="color: rgb(255, 255, 255);"><br></span>\n<h3><span style="color: rgb(255, 255, 255);">Clic sur une carte</span></h3>\n<p><span style="color: rgb(255, 255, 255);">Ouvre le </span>BenevoleDetailModal.vue<span style="color: rgb(255, 255, 255);"> existant — aucun nouveau composant de détail à créer.</span></p>\n<h3><span style="color: rgb(255, 255, 255);">Filtres de la liste latérale (sticky)</span></h3>\n<ul>\n<li><span style="color: rgb(255, 255, 255);">Par statut d'affectation (Non affecté / Affecté)</span></li>\n<li><span style="color: rgb(255, 255, 255);">Par type (Normal / Spécialisé)</span></li>\n<li><span style="color: rgb(255, 255, 255);">Par taux de satisfaction (seuil)</span></li>\n<li><span style="color: rgb(255, 255, 255);">Par présence d'affinités (avec / sans compagnon)</span></li>\n<li><span style="color: rgb(255, 255, 255);">Par dépassement de limite horaire quotidienne</span></li>\n<li><span style="color: rgb(255, 255, 255);">Recherche textuelle sur le nom</span></li>\n</ul>\n<h3><span style="color: rgb(255, 255, 255);">Tri de la liste latérale</span></h3>\n<p><span style="color: rgb(255, 255, 255);">Sélecteur de tri à côté des filtres :</span></p>\n<ul>\n<li><span style="color: rgb(255, 255, 255);">Par nom (A→Z)</span></li>\n<li><span style="color: rgb(255, 255, 255);">Par taux de satisfaction (croissant / décroissant)</span></li>\n<li><span style="color: rgb(255, 255, 255);">Par nombre d'heures total</span></li>\n<li><span style="color: rgb(255, 255, 255);">Par statut (non affectés en premier)</span></li>\n</ul>\n\n<h2><span style="color: rgb(255, 255, 255);">4. Drag and Drop</span></h2>\n<h3><span style="color: rgb(255, 255, 255);">Interactions supportées</span></h3>\n<table><tbody><tr><th><span style="color: rgb(255, 255, 255);">Origine</span></th><th><span style="color: rgb(255, 255, 255);">Destination</span></th><th><span style="color: rgb(255, 255, 255);">Effet</span></th></tr></tbody><tbody><tr><td><span style="color: rgb(255, 255, 255);">Carte latérale</span></td><td><span style="color: rgb(255, 255, 255);">Bloc créneau (Gantt)</span></td><td><span style="color: rgb(255, 255, 255);">Affectation du bénévole au poste</span></td></tr><tr><td><span style="color: rgb(255, 255, 255);">Mini-carte bénévole (Gantt)</span></td><td><span style="color: rgb(255, 255, 255);">Panneau latéral</span></td><td><span style="color: rgb(255, 255, 255);">Désaffectation</span></td></tr><tr><td><span style="color: rgb(255, 255, 255);">Mini-carte bénévole (Gantt)</span></td><td><span style="color: rgb(255, 255, 255);">Autre bloc créneau (Gantt)</span></td><td><span style="color: rgb(255, 255, 255);">Réaffectation</span></td></tr></tbody></table>\n<h3><span style="color: rgb(255, 255, 255);">Ghost card</span></h3>\n<p><span style="color: rgb(255, 255, 255);">Pendant le drag :</span></p>\n<ul>\n<li><span style="color: rgb(255, 255, 255);">La carte ou mini-carte d'origine reste visible avec opacité réduite (empreinte translucide)</span></li>\n<li><span style="color: rgb(255, 255, 255);">Un aperçu de la carte suit le curseur (ghost card personnalisé)</span></li>\n<li><span style="color: rgb(255, 255, 255);">Les zones de drop valides/invalides s'activent immédiatement</span></li>\n</ul>\n<h3><span style="color: rgb(255, 255, 255);">Compatibilité contextuelle</span></h3>\n<p><span style="color: rgb(255, 255, 255);">Quand un bénévole est sélectionné ou en cours de drag :</span></p>\n<ul>\n<li><span style="color: rgb(255, 255, 255);">Les blocs <strong>compatibles</strong> se mettent en évidence dans le Gantt</span></li>\n<li><span style="color: rgb(255, 255, 255);">Les blocs <strong>incompatibles</strong> sont visuellement verrouillés (opacité réduite + icône)</span></li>\n</ul>\n<h3><span style="color: rgb(255, 255, 255);">Implémentation</span></h3>\n<p><span style="color: rgb(255, 255, 255);">Utiliser <strong>vue-draggable-next</strong> ou équivalent — l'HTML5 Drag API native ne permet pas le ghost card personnalisé ni la gestion fine des zones de drop.</span></p><br><h1><span style="color: rgb(255, 140, 0);">4. Persistance — Sauvegarde</span></h1>\n<ul>\n<li><span style="color: rgb(255, 255, 255);">L'état d'affectation courant est <strong>provisoire</strong> jusqu'à une sauvegarde explicite</span></li>\n<li><span style="color: rgb(255, 255, 255);">Le bouton <strong>Sauvegarder</strong> envoie l'état complet à l'API (table assignments)</span></li>\n<li><span style="color: rgb(255, 255, 255);">Indicateur visuel permanent :\n</span><ul>\n<li>● Non sauvegardé<span style="color: rgb(255, 255, 255);"> — badge rouge, bouton mis en évidence</span></li>\n<li>✓ Sauvegardé<span style="color: rgb(255, 255, 255);"> — badge vert discret</span></li>\n</ul>\n</li>\n<li><span style="color: rgb(255, 255, 255);">En cas de tentative de quitter la page avec des modifications non sauvegardées : </span><span style="color: rgb(255, 255, 255); font-weight: bold;">dialog de confirmation</span><span style="color: rgb(255, 255, 255);"> (</span>beforeunload<span style="color: rgb(255, 255, 255);">)</span></li></ul><br><h2><span style="color: rgb(255, 140, 0);">5. Contraintes techniques</span></h2>\n<ul>\n<li>Stack : <strong>Vue 3 + TypeScript + Tailwind CSS v4 + Pinia</strong></li>\n<li>Réutiliser BenevoleDetailModal.vue sans modification</li><li>Privilegier la réutilisation des composants du tableau de Gantt de poste si possible&nbsp;</li>\n<li>Réutiliser les types existants : Volunteer, Job, Slot, VolunteerPreference, VolunteerSlot</li>\n<li>Nouveau store Pinia dédié : useAssignmentStore — source de vérité unique pour les affectations courantes et l'historique des actions</li><li>Utilisation dès le départ des composables pour utiliser les vraies données et ne pas dépendre de mocks</li>\n<li>Nouvelle route : /assignments</li>\n<li>Les scores de satisfaction et métriques dérivées sont calculés côté frontend à partir des données existantes</li></ul><br>-----------------------------------------------------------------—<br><h2><span style="color: rgb(255, 255, 255);">Réutilisation des composants existants</span></h2>\n<table><tbody><tr><th>Composant existant</th><th>Rôle dans le nouveau Gantt</th></tr></tbody><tbody><tr><td>PlanningGantt.vue</td><td>Base structurelle à étendre ou forker</td></tr><tr><td>GanttSlotBlock.vue</td><td>À étendre pour afficher les bénévoles affectés et accepter les drops</td></tr><tr><td>PlanningFilters.vue</td><td>À réutiliser ou adapter pour les filtres du tableau</td></tr><tr><td>useFestivalDays.ts</td><td>Inchangé — fournit les colonnes jours</td></tr></tbody></table><br><p>\n\n\n\n\n\n</p>	STANDARD	CLOSED	HIGH	0d9b1387-fc4d-4f21-aa5f-ce264f710055	0d9b1387-fc4d-4f21-aa5f-ce264f710055	\N	2026-03-13 07:53:25.624569+00	\N	2026-04-07 09:24:20.261022+00	\N
f643dd4e-2412-4564-be35-4c9e7871ffed	Corection Bug REGPOS mal parsé dans l'application		STANDARD	CLOSED	CRITICAL	0d9b1387-fc4d-4f21-aa5f-ce264f710055	0d9b1387-fc4d-4f21-aa5f-ce264f710055	2026-03-20 00:00:00+00	2026-03-19 14:09:28.136475+00	\N	2026-03-23 10:25:20.050475+00	\N
90176be8-da8a-4029-880c-ea7f85d657c0	Tâches restantes avant fin V1	<h2><span style="color: rgb(255, 140, 0);">Cette tâche décrit dans la partie sous-tâches tout les points restant à travailler pour terminer la V1 de l'application</span></h2>	STANDARD	CLOSED	MEDIUM	0d9b1387-fc4d-4f21-aa5f-ce264f710055	0d9b1387-fc4d-4f21-aa5f-ce264f710055	\N	2026-03-25 15:49:22.946201+00	\N	2026-04-14 15:04:30.57281+00	\N
364e1a96-57ea-4189-8866-b24d43bce9df	FANUC Backup Analyser	<h1><span style="color: rgb(16, 209, 54);">OBJECTIF</span></h1><h2><span style="color: rgb(190, 0, 190);">V0 :</span></h2><ul><li><span style="color: rgb(255, 255, 255);">Conversion de Backup via FANUC/WinOLP/kconvars (</span><span style="color: rgb(193, 11, 11);"><span style="font-size: 1.25em;"><span style="font-weight: bold;"><span style="">attention :</span></span></span></span><span style="color: rgb(255, 255, 255);">&nbsp;Version différente en fonction de la génération du robot !) - Dans un 1er temps : Roboguide nécessaire.</span></li><li><span style="color: rgb(255, 255, 255);">Parsing d'un backup robot complet (Entrée : dossier direct)</span><br></li><li><span style="color: rgb(255, 255, 255);">Récupération des variables Système (ex : sysvar.VA - sysmast.VA)</span></li><li><span style="color: rgb(255, 255, 255);">Récupération des variables Karel (*.VR)</span></li></ul><h2><span style="color: rgb(190, 0, 190);">V1 :</span></h2><p></p><ul><li><span style="color: rgb(190, 0, 190);">&nbsp;<span style="color: rgb(255, 255, 255);">Interface graphique minimaliste</span></span></li><li><span style="color: rgb(255, 255, 255);">Gestion des formats de sortis finaux (PowerPoint, document récapitulatif Excel, </span><span style="color: rgb(250, 0, 0);"><span style="font-size: 1.25em;">Label de Bon Emploi</span></span><span style="color: rgb(255, 255, 255);">)</span></li></ul><p></p><br><h2><span style="color: rgb(190, 0, 190);">V2 :</span></h2><ul><li><span style="color: rgb(255, 255, 255);"><strike>Conversion .TP → .LS</strike>&nbsp;→ impossible ou extrêmement laborieuse en l'état</span></li><li><span style="color: rgb(255, 255, 255);">Analyse des fichiers .LS → vérification de conformité (numéro de Payload doit être défini dans le robot, UserFrame, ToolFrame </span><span style="font-size: 0.85em; color: rgb(153, 153, 153);">dans un premier temps</span><span style="color: rgb(255, 255, 255);">) → définition de la grammaire du langage TP par&nbsp;rétro-ingénierie ⇒ définition des règles de vérification à voir</span><br></li></ul><span style="color: rgb(47, 77, 228);"><span style="color: rgb(47, 77, 228);"><br></span></span><h2><span style="color: rgb(192, 0, 192);">V3:</span></h2><ul><li><span style="color: rgb(47, 77, 228);"><span style="color: rgb(255, 255, 255);">Recherche d'une chaine de charactère dans X backups chargés</span><br></span></li><li><span style="color: rgb(47, 77, 228);"><span style="color: rgb(255, 255, 255);">Comparateur de Backup ???</span></span></li></ul><span style="color: rgb(47, 77, 228);"><br></span><h1><span style="color: rgb(16, 234, 230);">UI</span></h1><ol><li><span style="color: rgb(255, 255, 255);">page de config définissant les variables voulues -- noms rentré à la main - </span><span style="color: rgb(36, 157, 249);"><span style="font-size: 0.85em;"><span style="">prévoir également un cas par défaut</span></span></span></li><li><span style="color: rgb(255, 255, 255);">&nbsp;L'utilisateur doit être capable de définir le format de sortie (<span style="font-style: italic;">PowerPoint, Excel, Label de bon emploi</span>)</span></li></ol><br><h1><span style="color: rgb(238, 254, 22);">LIVRABLES</span></h1><ol><li><span style="color: rgb(255, 255, 255);">&nbsp;.exe avec interface graphique (TKINTER) - </span><span style="font-size: 0.85em; color: rgb(92, 92, 92);">Pour PC</span></li><li><span style="color: rgb(255, 255, 255);">Version CLI en ligne de commande CMD - </span><span style="color: rgb(92, 92, 92);"><span style="font-size: 0.85em;">Pour Tablette</span></span></li></ol><br><h1><span style="color: rgb(241, 166, 4);">NOTES</span></h1><ul><li><span style="color: rgb(3, 200, 226);"><span style="color: rgb(255, 255, 255);">Les infos concernant le payload se trouvent dans : <span style="text-decoration-line: underline;">sysvars.VA</span>&nbsp; →&nbsp;<span style="font-style: italic;">$PLST_GRP1</span></span></span></li><li><span style="color: rgb(3, 200, 226);"><span style="color: rgb(255, 255, 255);">Les infos de calibrations se trouvent dans : <span style="text-decoration-line: underline;">sysmast.VA</span></span></span></li></ul><h3><ul><li><span style="color: rgb(55, 98, 225);">RECOMMENDATION :</span><span style="color: rgb(255, 255, 255);"> Faire une séparation en module Python pour une utilisation séparée</span></li></ul></h3>	STANDARD	OPEN	CRITICAL	0d9b1387-fc4d-4f21-aa5f-ce264f710055	0d9b1387-fc4d-4f21-aa5f-ce264f710055	2026-04-27 00:00:00+00	2026-03-13 08:21:18.855913+00	\N	\N	fdavr5ff1b0uiut8cpskofblq8
0d521a18-372d-430f-9dfd-c693f7069173	Idées V2 Application	<ol><li>Faire un système de rôle par pole afin de pouvoir potentiellement étendre l'application au delà du pôle bénévole + inclure un rôle Bénévole pour permettre l'inscription directement sur ce site</li></ol>	STANDARD	OPEN	LOW	0d9b1387-fc4d-4f21-aa5f-ce264f710055	0d9b1387-fc4d-4f21-aa5f-ce264f710055	\N	2026-04-10 12:03:54.203397+00	\N	\N	\N
\.


--
-- Data for Name: users; Type: TABLE DATA; Schema: public; Owner: malob
--

COPY public.users (id, username, email, password_hash, google_sub, role, profile_picture_url, calendar_id) FROM stdin;
0d9b1387-fc4d-4f21-aa5f-ce264f710055	Malo	malo.babinot@gmail.com	$2b$12$HTkM8AIhARsHumYQiK8O6uH65/XMlvKnQwVTbk4xVExDdQxgj2IlG	111836211255536956536	user	https://res.cloudinary.com/dz8tj03xd/image/upload/v1774276282/horizons/avatars/me1g3ct1nrvsgz7mqwh3.png	\N
\.


--
-- Data for Name: volunteer_preferences; Type: TABLE DATA; Schema: public; Owner: malob
--

COPY public.volunteer_preferences (volunteer_id, preference_id, rank) FROM stdin;
f1f89103-9492-40ec-be4b-3dab4ac2d3d7	1	1
f1f89103-9492-40ec-be4b-3dab4ac2d3d7	4	2
f1f89103-9492-40ec-be4b-3dab4ac2d3d7	3	3
f1f89103-9492-40ec-be4b-3dab4ac2d3d7	2	4
381c7d83-093e-4307-bfeb-b355dc32ffe4	1	1
381c7d83-093e-4307-bfeb-b355dc32ffe4	2	2
381c7d83-093e-4307-bfeb-b355dc32ffe4	3	3
381c7d83-093e-4307-bfeb-b355dc32ffe4	4	4
c3ee5e1e-4b3c-4599-8548-5ffb26a8f231	1	1
c3ee5e1e-4b3c-4599-8548-5ffb26a8f231	2	2
c3ee5e1e-4b3c-4599-8548-5ffb26a8f231	4	3
c3ee5e1e-4b3c-4599-8548-5ffb26a8f231	3	4
661bd48f-27e9-429e-894f-c49bbe00aa71	3	1
661bd48f-27e9-429e-894f-c49bbe00aa71	1	2
661bd48f-27e9-429e-894f-c49bbe00aa71	4	3
661bd48f-27e9-429e-894f-c49bbe00aa71	2	4
3ff5ffc0-4a27-489e-b177-5999aeb17453	3	1
3ff5ffc0-4a27-489e-b177-5999aeb17453	1	2
3ff5ffc0-4a27-489e-b177-5999aeb17453	2	3
3ff5ffc0-4a27-489e-b177-5999aeb17453	4	4
d8490c4b-eb3e-409b-9bef-5f487eac0cb4	3	1
d8490c4b-eb3e-409b-9bef-5f487eac0cb4	1	2
d8490c4b-eb3e-409b-9bef-5f487eac0cb4	4	3
d8490c4b-eb3e-409b-9bef-5f487eac0cb4	2	4
cd03fd9c-00ab-4c26-ab40-befa023efa30	1	1
cd03fd9c-00ab-4c26-ab40-befa023efa30	3	2
cd03fd9c-00ab-4c26-ab40-befa023efa30	2	3
cd03fd9c-00ab-4c26-ab40-befa023efa30	4	4
f75c7a6f-2f74-449d-b2fc-122557c7031d	1	1
f75c7a6f-2f74-449d-b2fc-122557c7031d	4	2
f75c7a6f-2f74-449d-b2fc-122557c7031d	3	3
f75c7a6f-2f74-449d-b2fc-122557c7031d	2	4
ebc9b29b-f659-41f0-b1f6-240307e388be	1	1
ebc9b29b-f659-41f0-b1f6-240307e388be	3	2
ebc9b29b-f659-41f0-b1f6-240307e388be	2	3
ebc9b29b-f659-41f0-b1f6-240307e388be	4	4
72d1f19d-7a6a-48f4-9116-16e45e3eb1d9	1	1
72d1f19d-7a6a-48f4-9116-16e45e3eb1d9	3	2
72d1f19d-7a6a-48f4-9116-16e45e3eb1d9	4	3
72d1f19d-7a6a-48f4-9116-16e45e3eb1d9	2	4
b1b5b015-d1da-4574-8f00-cbf1b69c5d0c	3	1
b1b5b015-d1da-4574-8f00-cbf1b69c5d0c	2	2
b1b5b015-d1da-4574-8f00-cbf1b69c5d0c	1	3
b1b5b015-d1da-4574-8f00-cbf1b69c5d0c	4	4
14172b45-22e7-4f76-bce3-75c3461bebd7	1	1
14172b45-22e7-4f76-bce3-75c3461bebd7	4	2
14172b45-22e7-4f76-bce3-75c3461bebd7	3	3
14172b45-22e7-4f76-bce3-75c3461bebd7	2	4
fbd92b85-d0d3-4f0c-a45c-e801e0affa2c	3	1
fbd92b85-d0d3-4f0c-a45c-e801e0affa2c	1	2
fbd92b85-d0d3-4f0c-a45c-e801e0affa2c	2	3
fbd92b85-d0d3-4f0c-a45c-e801e0affa2c	4	4
f22c8b8e-1f9c-4c89-9732-490628b4638e	1	1
f22c8b8e-1f9c-4c89-9732-490628b4638e	3	2
f22c8b8e-1f9c-4c89-9732-490628b4638e	4	3
f22c8b8e-1f9c-4c89-9732-490628b4638e	2	4
98cb6e10-5ec1-4c95-905b-573acc0e693b	1	1
98cb6e10-5ec1-4c95-905b-573acc0e693b	3	2
98cb6e10-5ec1-4c95-905b-573acc0e693b	2	3
98cb6e10-5ec1-4c95-905b-573acc0e693b	4	4
f99a934c-4209-42df-b9c4-42e96df716db	1	1
f99a934c-4209-42df-b9c4-42e96df716db	3	2
f99a934c-4209-42df-b9c4-42e96df716db	2	3
f99a934c-4209-42df-b9c4-42e96df716db	4	4
5e7e0b8c-ccc5-48b6-95bf-940a25ccd1dd	1	1
5e7e0b8c-ccc5-48b6-95bf-940a25ccd1dd	3	2
5e7e0b8c-ccc5-48b6-95bf-940a25ccd1dd	2	3
5e7e0b8c-ccc5-48b6-95bf-940a25ccd1dd	4	4
20ad0732-4a9f-4985-a30d-d193ae9150be	1	1
20ad0732-4a9f-4985-a30d-d193ae9150be	2	2
20ad0732-4a9f-4985-a30d-d193ae9150be	3	3
20ad0732-4a9f-4985-a30d-d193ae9150be	4	4
3ab86878-36b5-460f-b898-b3a2579a70c8	1	1
3ab86878-36b5-460f-b898-b3a2579a70c8	3	2
3ab86878-36b5-460f-b898-b3a2579a70c8	2	3
3ab86878-36b5-460f-b898-b3a2579a70c8	4	4
25752212-a8ab-4ed2-9aaf-af08c0ae6655	1	1
25752212-a8ab-4ed2-9aaf-af08c0ae6655	4	2
25752212-a8ab-4ed2-9aaf-af08c0ae6655	2	3
25752212-a8ab-4ed2-9aaf-af08c0ae6655	3	4
313cf46f-dba0-4e4c-855c-ff5ef4db08a6	1	1
313cf46f-dba0-4e4c-855c-ff5ef4db08a6	3	2
313cf46f-dba0-4e4c-855c-ff5ef4db08a6	2	3
313cf46f-dba0-4e4c-855c-ff5ef4db08a6	4	4
72afe6f3-2973-4839-a9f2-868a8d19ff03	1	1
72afe6f3-2973-4839-a9f2-868a8d19ff03	3	2
72afe6f3-2973-4839-a9f2-868a8d19ff03	4	3
72afe6f3-2973-4839-a9f2-868a8d19ff03	2	4
ec562f72-f48f-46b7-a65e-ca76f66ac1e4	1	1
ec562f72-f48f-46b7-a65e-ca76f66ac1e4	2	2
ec562f72-f48f-46b7-a65e-ca76f66ac1e4	3	3
ec562f72-f48f-46b7-a65e-ca76f66ac1e4	4	4
caf5bbf7-262f-44fa-a356-b93f192b81b4	2	1
caf5bbf7-262f-44fa-a356-b93f192b81b4	1	2
caf5bbf7-262f-44fa-a356-b93f192b81b4	3	3
caf5bbf7-262f-44fa-a356-b93f192b81b4	4	4
16437cac-04c8-4782-b574-d52d922e88ba	3	1
16437cac-04c8-4782-b574-d52d922e88ba	2	2
16437cac-04c8-4782-b574-d52d922e88ba	1	3
16437cac-04c8-4782-b574-d52d922e88ba	4	4
62df3a66-0d80-4162-a0e3-2f61d942572c	1	1
62df3a66-0d80-4162-a0e3-2f61d942572c	2	2
62df3a66-0d80-4162-a0e3-2f61d942572c	3	3
62df3a66-0d80-4162-a0e3-2f61d942572c	4	4
6ef0cfaf-d8e3-4d88-bed7-517dcacaf8e8	1	1
6ef0cfaf-d8e3-4d88-bed7-517dcacaf8e8	3	2
6ef0cfaf-d8e3-4d88-bed7-517dcacaf8e8	4	3
6ef0cfaf-d8e3-4d88-bed7-517dcacaf8e8	2	4
7573745b-b9ee-4067-b6b4-1185ca49264f	2	1
7573745b-b9ee-4067-b6b4-1185ca49264f	3	2
7573745b-b9ee-4067-b6b4-1185ca49264f	4	3
7573745b-b9ee-4067-b6b4-1185ca49264f	1	4
05ada3d9-a594-4fd4-85da-785c99bab253	1	1
05ada3d9-a594-4fd4-85da-785c99bab253	2	2
05ada3d9-a594-4fd4-85da-785c99bab253	3	3
05ada3d9-a594-4fd4-85da-785c99bab253	4	4
793e6f29-46ef-4d5a-b82a-bef2e0262c7a	3	1
793e6f29-46ef-4d5a-b82a-bef2e0262c7a	2	2
793e6f29-46ef-4d5a-b82a-bef2e0262c7a	1	3
793e6f29-46ef-4d5a-b82a-bef2e0262c7a	4	4
8c90d2d0-ad13-42bc-8807-a8597cb7a42c	1	1
8c90d2d0-ad13-42bc-8807-a8597cb7a42c	2	2
8c90d2d0-ad13-42bc-8807-a8597cb7a42c	4	3
8c90d2d0-ad13-42bc-8807-a8597cb7a42c	3	4
8f2c47c7-37c8-4a3a-b340-ef6d635f2254	1	1
8f2c47c7-37c8-4a3a-b340-ef6d635f2254	3	2
8f2c47c7-37c8-4a3a-b340-ef6d635f2254	2	3
8f2c47c7-37c8-4a3a-b340-ef6d635f2254	4	4
b409f5f4-ae5a-4d64-9846-01ea83738655	2	1
b409f5f4-ae5a-4d64-9846-01ea83738655	3	2
b409f5f4-ae5a-4d64-9846-01ea83738655	1	3
b409f5f4-ae5a-4d64-9846-01ea83738655	4	4
1dfc3674-4b48-40c3-acef-51e06a8bfe3a	4	1
1dfc3674-4b48-40c3-acef-51e06a8bfe3a	1	2
1dfc3674-4b48-40c3-acef-51e06a8bfe3a	2	3
1dfc3674-4b48-40c3-acef-51e06a8bfe3a	3	4
8591dc39-238e-4147-9a9e-fc63cd1b420c	3	1
8591dc39-238e-4147-9a9e-fc63cd1b420c	4	2
8591dc39-238e-4147-9a9e-fc63cd1b420c	1	3
8591dc39-238e-4147-9a9e-fc63cd1b420c	2	4
aa1ebcf3-cd53-4101-b470-21bad02e1a01	1	1
aa1ebcf3-cd53-4101-b470-21bad02e1a01	3	2
aa1ebcf3-cd53-4101-b470-21bad02e1a01	2	3
aa1ebcf3-cd53-4101-b470-21bad02e1a01	4	4
0b5cd8e4-717e-4de6-90a8-0f714b978383	3	1
0b5cd8e4-717e-4de6-90a8-0f714b978383	4	2
0b5cd8e4-717e-4de6-90a8-0f714b978383	2	3
0b5cd8e4-717e-4de6-90a8-0f714b978383	1	4
c9f0e75c-f281-421a-aa0c-64751440203b	4	1
c9f0e75c-f281-421a-aa0c-64751440203b	3	2
c9f0e75c-f281-421a-aa0c-64751440203b	2	3
c9f0e75c-f281-421a-aa0c-64751440203b	1	4
2ca9ae32-43c1-40b8-af57-cda5f94aee20	1	1
2ca9ae32-43c1-40b8-af57-cda5f94aee20	3	2
2ca9ae32-43c1-40b8-af57-cda5f94aee20	2	3
2ca9ae32-43c1-40b8-af57-cda5f94aee20	4	4
ccfbfd05-424e-4545-b69c-a09e7633819b	2	1
ccfbfd05-424e-4545-b69c-a09e7633819b	1	2
ccfbfd05-424e-4545-b69c-a09e7633819b	3	3
ccfbfd05-424e-4545-b69c-a09e7633819b	4	4
17bb5c9d-52c0-4ffb-8f7d-798b2adf0005	3	1
17bb5c9d-52c0-4ffb-8f7d-798b2adf0005	2	2
17bb5c9d-52c0-4ffb-8f7d-798b2adf0005	1	3
17bb5c9d-52c0-4ffb-8f7d-798b2adf0005	4	4
7054d05d-31dc-47d0-96d9-86837c967e87	1	1
7054d05d-31dc-47d0-96d9-86837c967e87	3	2
7054d05d-31dc-47d0-96d9-86837c967e87	2	3
7054d05d-31dc-47d0-96d9-86837c967e87	4	4
af43a431-d50e-436a-94e6-47ca62a074a3	3	1
af43a431-d50e-436a-94e6-47ca62a074a3	4	2
af43a431-d50e-436a-94e6-47ca62a074a3	2	3
af43a431-d50e-436a-94e6-47ca62a074a3	1	4
9eaf1a52-9aa0-4d89-9185-cf70c37cf19e	1	1
9eaf1a52-9aa0-4d89-9185-cf70c37cf19e	2	2
9eaf1a52-9aa0-4d89-9185-cf70c37cf19e	4	3
9eaf1a52-9aa0-4d89-9185-cf70c37cf19e	3	4
5435f11f-3a1d-4137-8438-9a58839d2700	1	1
5435f11f-3a1d-4137-8438-9a58839d2700	4	2
5435f11f-3a1d-4137-8438-9a58839d2700	3	3
5435f11f-3a1d-4137-8438-9a58839d2700	2	4
14478f23-9fca-4242-8654-51e5021f34c3	2	1
14478f23-9fca-4242-8654-51e5021f34c3	1	2
14478f23-9fca-4242-8654-51e5021f34c3	3	3
14478f23-9fca-4242-8654-51e5021f34c3	4	4
6349d1de-dc8a-4641-8ee3-858da18fb32f	1	1
6349d1de-dc8a-4641-8ee3-858da18fb32f	3	2
6349d1de-dc8a-4641-8ee3-858da18fb32f	4	3
6349d1de-dc8a-4641-8ee3-858da18fb32f	2	4
644715f3-1418-4847-aded-cb474ea7547a	2	1
644715f3-1418-4847-aded-cb474ea7547a	1	2
644715f3-1418-4847-aded-cb474ea7547a	3	3
644715f3-1418-4847-aded-cb474ea7547a	4	4
b64b22fa-5672-4454-8482-533ca3405c75	3	1
b64b22fa-5672-4454-8482-533ca3405c75	1	2
b64b22fa-5672-4454-8482-533ca3405c75	2	3
b64b22fa-5672-4454-8482-533ca3405c75	4	4
e3607055-7718-4126-ace7-99a91058580b	2	1
e3607055-7718-4126-ace7-99a91058580b	4	2
e3607055-7718-4126-ace7-99a91058580b	3	3
e3607055-7718-4126-ace7-99a91058580b	1	4
f8438f9a-c632-4820-94dd-239b0ceda84b	1	1
f8438f9a-c632-4820-94dd-239b0ceda84b	3	2
f8438f9a-c632-4820-94dd-239b0ceda84b	2	3
f8438f9a-c632-4820-94dd-239b0ceda84b	4	4
884832b1-d07c-4c5e-9441-468d9b6a98e1	3	1
884832b1-d07c-4c5e-9441-468d9b6a98e1	4	2
884832b1-d07c-4c5e-9441-468d9b6a98e1	2	3
884832b1-d07c-4c5e-9441-468d9b6a98e1	1	4
4eb3f3ae-5abd-476e-942a-6957b44cd0d8	3	1
4eb3f3ae-5abd-476e-942a-6957b44cd0d8	1	2
4eb3f3ae-5abd-476e-942a-6957b44cd0d8	2	3
4eb3f3ae-5abd-476e-942a-6957b44cd0d8	4	4
e2661489-15b2-4a5c-bb78-216dc8eb6700	1	1
e2661489-15b2-4a5c-bb78-216dc8eb6700	4	2
e2661489-15b2-4a5c-bb78-216dc8eb6700	2	3
e2661489-15b2-4a5c-bb78-216dc8eb6700	3	4
80d387a5-f602-4370-96cb-4e187274dc38	2	1
80d387a5-f602-4370-96cb-4e187274dc38	1	2
80d387a5-f602-4370-96cb-4e187274dc38	3	3
80d387a5-f602-4370-96cb-4e187274dc38	4	4
8f7df7d8-40bd-4164-bb99-77439a4c0b9e	3	1
8f7df7d8-40bd-4164-bb99-77439a4c0b9e	2	2
8f7df7d8-40bd-4164-bb99-77439a4c0b9e	4	3
8f7df7d8-40bd-4164-bb99-77439a4c0b9e	1	4
621d7d7d-ac97-49c6-b929-3ccd448ce957	1	1
621d7d7d-ac97-49c6-b929-3ccd448ce957	2	2
621d7d7d-ac97-49c6-b929-3ccd448ce957	3	3
621d7d7d-ac97-49c6-b929-3ccd448ce957	4	4
19b24f31-5529-478b-9b0f-d6da1d189297	2	1
19b24f31-5529-478b-9b0f-d6da1d189297	3	2
19b24f31-5529-478b-9b0f-d6da1d189297	1	3
19b24f31-5529-478b-9b0f-d6da1d189297	4	4
3378236e-4696-4006-a4ca-74ed3bef08cc	3	1
3378236e-4696-4006-a4ca-74ed3bef08cc	1	2
3378236e-4696-4006-a4ca-74ed3bef08cc	2	3
3378236e-4696-4006-a4ca-74ed3bef08cc	4	4
abe84afc-79cf-41a6-8cd4-508c06210b92	1	1
abe84afc-79cf-41a6-8cd4-508c06210b92	3	2
abe84afc-79cf-41a6-8cd4-508c06210b92	4	3
abe84afc-79cf-41a6-8cd4-508c06210b92	2	4
b1a9c83f-530d-4ed3-a344-539c6ce197bd	1	1
b1a9c83f-530d-4ed3-a344-539c6ce197bd	2	2
b1a9c83f-530d-4ed3-a344-539c6ce197bd	3	3
b1a9c83f-530d-4ed3-a344-539c6ce197bd	4	4
4e091d3a-5b1f-4527-a718-41cd7b9f635f	2	1
4e091d3a-5b1f-4527-a718-41cd7b9f635f	3	2
4e091d3a-5b1f-4527-a718-41cd7b9f635f	1	3
4e091d3a-5b1f-4527-a718-41cd7b9f635f	4	4
10046744-4845-4723-b81c-a7fc5bfa477a	1	1
10046744-4845-4723-b81c-a7fc5bfa477a	3	2
10046744-4845-4723-b81c-a7fc5bfa477a	2	3
10046744-4845-4723-b81c-a7fc5bfa477a	4	4
35948875-1a26-4afa-9285-ea9ba7d3036f	2	1
35948875-1a26-4afa-9285-ea9ba7d3036f	1	2
35948875-1a26-4afa-9285-ea9ba7d3036f	3	3
35948875-1a26-4afa-9285-ea9ba7d3036f	4	4
ee1057b2-3eae-445e-b1e9-a34f64eed053	3	1
ee1057b2-3eae-445e-b1e9-a34f64eed053	1	2
ee1057b2-3eae-445e-b1e9-a34f64eed053	4	3
ee1057b2-3eae-445e-b1e9-a34f64eed053	2	4
94a91f30-31fd-4f0b-bab8-52e27ab7003e	1	1
94a91f30-31fd-4f0b-bab8-52e27ab7003e	3	2
94a91f30-31fd-4f0b-bab8-52e27ab7003e	2	3
94a91f30-31fd-4f0b-bab8-52e27ab7003e	4	4
a3569ef2-2a84-4620-9882-7ed1fef3992b	1	1
a3569ef2-2a84-4620-9882-7ed1fef3992b	2	2
a3569ef2-2a84-4620-9882-7ed1fef3992b	3	3
a3569ef2-2a84-4620-9882-7ed1fef3992b	4	4
ee89a523-133b-4928-8e62-1c2e80126981	2	1
ee89a523-133b-4928-8e62-1c2e80126981	1	2
ee89a523-133b-4928-8e62-1c2e80126981	3	3
ee89a523-133b-4928-8e62-1c2e80126981	4	4
fa8f33dc-ab46-4967-838b-2d2e8525272f	1	1
fa8f33dc-ab46-4967-838b-2d2e8525272f	3	2
fa8f33dc-ab46-4967-838b-2d2e8525272f	4	3
fa8f33dc-ab46-4967-838b-2d2e8525272f	2	4
80e814de-d5fa-4185-8661-00203227ad4b	1	1
80e814de-d5fa-4185-8661-00203227ad4b	3	2
80e814de-d5fa-4185-8661-00203227ad4b	2	3
80e814de-d5fa-4185-8661-00203227ad4b	4	4
977d348e-9c6a-4016-b97e-9471d1ca2cc8	3	1
977d348e-9c6a-4016-b97e-9471d1ca2cc8	1	2
977d348e-9c6a-4016-b97e-9471d1ca2cc8	4	3
977d348e-9c6a-4016-b97e-9471d1ca2cc8	2	4
cc6cd962-a74f-4da0-b924-982627fc1ee3	3	1
cc6cd962-a74f-4da0-b924-982627fc1ee3	4	2
cc6cd962-a74f-4da0-b924-982627fc1ee3	1	3
cc6cd962-a74f-4da0-b924-982627fc1ee3	2	4
23dab20b-3a12-46ab-8724-5b21b6c7f540	1	1
23dab20b-3a12-46ab-8724-5b21b6c7f540	2	2
23dab20b-3a12-46ab-8724-5b21b6c7f540	3	3
23dab20b-3a12-46ab-8724-5b21b6c7f540	4	4
11945d73-1042-4137-969a-674f12594e0e	4	1
11945d73-1042-4137-969a-674f12594e0e	3	2
11945d73-1042-4137-969a-674f12594e0e	2	3
11945d73-1042-4137-969a-674f12594e0e	1	4
7a600c15-ddfa-4e2e-9d13-89fd1ce21b41	3	1
7a600c15-ddfa-4e2e-9d13-89fd1ce21b41	4	2
7a600c15-ddfa-4e2e-9d13-89fd1ce21b41	1	3
7a600c15-ddfa-4e2e-9d13-89fd1ce21b41	2	4
92162b06-d352-4ee1-bc37-0102560e4e51	1	1
92162b06-d352-4ee1-bc37-0102560e4e51	2	2
92162b06-d352-4ee1-bc37-0102560e4e51	3	3
92162b06-d352-4ee1-bc37-0102560e4e51	4	4
ebdd2ce9-8c0b-48f2-ac04-c6ee847533a1	4	1
ebdd2ce9-8c0b-48f2-ac04-c6ee847533a1	3	2
ebdd2ce9-8c0b-48f2-ac04-c6ee847533a1	2	3
ebdd2ce9-8c0b-48f2-ac04-c6ee847533a1	1	4
769a5a56-628b-4603-a091-b161bb00ed31	3	1
769a5a56-628b-4603-a091-b161bb00ed31	4	2
769a5a56-628b-4603-a091-b161bb00ed31	1	3
769a5a56-628b-4603-a091-b161bb00ed31	2	4
3321bf94-72b1-49f4-b9dd-efdcd0ce60ee	1	1
3321bf94-72b1-49f4-b9dd-efdcd0ce60ee	2	2
a38560db-1cc6-46aa-99fb-a96f07d4d3f7	3	1
a38560db-1cc6-46aa-99fb-a96f07d4d3f7	2	2
a38560db-1cc6-46aa-99fb-a96f07d4d3f7	4	3
a38560db-1cc6-46aa-99fb-a96f07d4d3f7	1	4
d5caa154-d2af-4ad5-a577-434a4c5eac35	1	1
d5caa154-d2af-4ad5-a577-434a4c5eac35	3	2
d5caa154-d2af-4ad5-a577-434a4c5eac35	2	3
d5caa154-d2af-4ad5-a577-434a4c5eac35	4	4
6e365845-a7fc-430d-9566-68076e06aed9	1	1
6e365845-a7fc-430d-9566-68076e06aed9	2	2
6e365845-a7fc-430d-9566-68076e06aed9	3	3
6e365845-a7fc-430d-9566-68076e06aed9	4	4
1bf49031-ad63-4dce-9eff-92901a34a0dc	1	1
1bf49031-ad63-4dce-9eff-92901a34a0dc	2	2
1bf49031-ad63-4dce-9eff-92901a34a0dc	3	3
1bf49031-ad63-4dce-9eff-92901a34a0dc	4	4
0b1c89e2-d266-43c9-9966-187634e68b2e	1	1
0b1c89e2-d266-43c9-9966-187634e68b2e	3	2
0b1c89e2-d266-43c9-9966-187634e68b2e	2	3
0b1c89e2-d266-43c9-9966-187634e68b2e	4	4
f8562cdd-dced-4d90-a549-fdede5533797	3	1
f8562cdd-dced-4d90-a549-fdede5533797	2	2
f8562cdd-dced-4d90-a549-fdede5533797	1	3
f8562cdd-dced-4d90-a549-fdede5533797	4	4
b34ad9be-cf12-4577-83a4-70d97011a9dc	3	1
b34ad9be-cf12-4577-83a4-70d97011a9dc	1	2
b34ad9be-cf12-4577-83a4-70d97011a9dc	2	3
b34ad9be-cf12-4577-83a4-70d97011a9dc	4	4
df58a45f-fb32-4235-a7a0-e16c25b3124f	1	1
df58a45f-fb32-4235-a7a0-e16c25b3124f	3	2
df58a45f-fb32-4235-a7a0-e16c25b3124f	2	3
df58a45f-fb32-4235-a7a0-e16c25b3124f	4	4
80c0db99-91c6-4ff7-b990-34dc1c434d41	1	1
80c0db99-91c6-4ff7-b990-34dc1c434d41	4	2
80c0db99-91c6-4ff7-b990-34dc1c434d41	3	3
80c0db99-91c6-4ff7-b990-34dc1c434d41	2	4
a2c33b51-f7a3-4d96-9ca3-3125b45fe870	3	1
a2c33b51-f7a3-4d96-9ca3-3125b45fe870	2	2
a2c33b51-f7a3-4d96-9ca3-3125b45fe870	1	3
a2c33b51-f7a3-4d96-9ca3-3125b45fe870	4	4
5564bd69-c445-4a75-8ed0-0b130f52f15a	3	1
5564bd69-c445-4a75-8ed0-0b130f52f15a	2	2
5564bd69-c445-4a75-8ed0-0b130f52f15a	1	3
5564bd69-c445-4a75-8ed0-0b130f52f15a	4	4
219a190f-283e-4d53-a51b-a2f7d40aa881	1	1
219a190f-283e-4d53-a51b-a2f7d40aa881	4	2
219a190f-283e-4d53-a51b-a2f7d40aa881	2	3
219a190f-283e-4d53-a51b-a2f7d40aa881	3	4
612182a8-c739-467f-bf23-da2e7c997fa9	2	1
612182a8-c739-467f-bf23-da2e7c997fa9	1	2
612182a8-c739-467f-bf23-da2e7c997fa9	3	3
612182a8-c739-467f-bf23-da2e7c997fa9	4	4
350246cf-85e3-41ea-9402-808a86891988	2	1
350246cf-85e3-41ea-9402-808a86891988	1	2
350246cf-85e3-41ea-9402-808a86891988	3	3
350246cf-85e3-41ea-9402-808a86891988	4	4
e883a076-2836-4283-8928-c5502ca4fff7	1	1
e883a076-2836-4283-8928-c5502ca4fff7	3	2
e883a076-2836-4283-8928-c5502ca4fff7	2	3
e883a076-2836-4283-8928-c5502ca4fff7	4	4
e7575b6f-3ff6-4fd8-a3d9-7462fb446170	3	1
e7575b6f-3ff6-4fd8-a3d9-7462fb446170	4	2
e7575b6f-3ff6-4fd8-a3d9-7462fb446170	2	3
e7575b6f-3ff6-4fd8-a3d9-7462fb446170	1	4
b0651e44-0083-4733-9310-e2dad0fe5403	1	1
b0651e44-0083-4733-9310-e2dad0fe5403	3	2
b0651e44-0083-4733-9310-e2dad0fe5403	2	3
b0651e44-0083-4733-9310-e2dad0fe5403	4	4
b16331ad-1bbd-46ca-9b3f-de147007d69e	2	1
b16331ad-1bbd-46ca-9b3f-de147007d69e	3	2
b16331ad-1bbd-46ca-9b3f-de147007d69e	1	3
b16331ad-1bbd-46ca-9b3f-de147007d69e	4	4
c336a3c6-0370-4560-9031-8e8fc4849d69	1	1
c336a3c6-0370-4560-9031-8e8fc4849d69	2	2
c336a3c6-0370-4560-9031-8e8fc4849d69	3	3
c336a3c6-0370-4560-9031-8e8fc4849d69	4	4
943da25d-a6fc-4f98-96cb-73a14356dae4	1	1
943da25d-a6fc-4f98-96cb-73a14356dae4	4	2
943da25d-a6fc-4f98-96cb-73a14356dae4	2	3
943da25d-a6fc-4f98-96cb-73a14356dae4	3	4
1e791b25-684e-4069-92be-e821e66cf108	1	1
1e791b25-684e-4069-92be-e821e66cf108	4	2
1e791b25-684e-4069-92be-e821e66cf108	3	3
1e791b25-684e-4069-92be-e821e66cf108	2	4
d91322ca-542d-45ca-b262-6db74ba7a859	1	1
d91322ca-542d-45ca-b262-6db74ba7a859	3	2
d91322ca-542d-45ca-b262-6db74ba7a859	2	3
d91322ca-542d-45ca-b262-6db74ba7a859	4	4
4873aeeb-5519-4c2e-955a-b9b61a076cb3	1	1
4873aeeb-5519-4c2e-955a-b9b61a076cb3	3	2
4873aeeb-5519-4c2e-955a-b9b61a076cb3	2	3
4873aeeb-5519-4c2e-955a-b9b61a076cb3	4	4
b30d30df-1de3-4ed1-969f-779ac663dcf1	1	1
b30d30df-1de3-4ed1-969f-779ac663dcf1	3	2
b30d30df-1de3-4ed1-969f-779ac663dcf1	2	3
b30d30df-1de3-4ed1-969f-779ac663dcf1	4	4
6da43cf5-2a09-4a4a-a378-533d8432d654	1	1
6da43cf5-2a09-4a4a-a378-533d8432d654	3	2
6da43cf5-2a09-4a4a-a378-533d8432d654	4	3
6da43cf5-2a09-4a4a-a378-533d8432d654	2	4
72bf3e9e-43e5-415a-80d1-75d240036ff4	2	1
72bf3e9e-43e5-415a-80d1-75d240036ff4	3	2
72bf3e9e-43e5-415a-80d1-75d240036ff4	1	3
72bf3e9e-43e5-415a-80d1-75d240036ff4	4	4
410cb24a-dbb5-41c4-8507-eb9329968cbe	1	1
410cb24a-dbb5-41c4-8507-eb9329968cbe	3	2
410cb24a-dbb5-41c4-8507-eb9329968cbe	2	3
410cb24a-dbb5-41c4-8507-eb9329968cbe	4	4
8489e93b-336d-4cae-a93d-5f28121995a1	2	1
8489e93b-336d-4cae-a93d-5f28121995a1	1	2
8489e93b-336d-4cae-a93d-5f28121995a1	3	3
8489e93b-336d-4cae-a93d-5f28121995a1	4	4
cab7ab67-16b8-4aab-b97c-afb82ad4c300	2	1
cab7ab67-16b8-4aab-b97c-afb82ad4c300	1	2
cab7ab67-16b8-4aab-b97c-afb82ad4c300	3	3
cab7ab67-16b8-4aab-b97c-afb82ad4c300	4	4
20ee5a19-dab6-44f9-ac5e-3730ccbba261	3	1
20ee5a19-dab6-44f9-ac5e-3730ccbba261	1	2
20ee5a19-dab6-44f9-ac5e-3730ccbba261	4	3
20ee5a19-dab6-44f9-ac5e-3730ccbba261	2	4
809364a4-0940-4009-a7b5-aa1a9252a6a6	3	1
809364a4-0940-4009-a7b5-aa1a9252a6a6	4	2
809364a4-0940-4009-a7b5-aa1a9252a6a6	1	3
809364a4-0940-4009-a7b5-aa1a9252a6a6	2	4
816f0ab6-2b94-4ab4-b6b0-c56ab917a366	3	1
816f0ab6-2b94-4ab4-b6b0-c56ab917a366	1	2
816f0ab6-2b94-4ab4-b6b0-c56ab917a366	2	3
816f0ab6-2b94-4ab4-b6b0-c56ab917a366	4	4
c696436b-f37e-4774-bbd9-f46456911ca5	3	1
c696436b-f37e-4774-bbd9-f46456911ca5	2	2
c696436b-f37e-4774-bbd9-f46456911ca5	1	3
c696436b-f37e-4774-bbd9-f46456911ca5	4	4
e5adda06-5ce8-4c7e-a4e3-2be082f1d601	1	1
e5adda06-5ce8-4c7e-a4e3-2be082f1d601	2	2
e5adda06-5ce8-4c7e-a4e3-2be082f1d601	3	3
e5adda06-5ce8-4c7e-a4e3-2be082f1d601	4	4
e3c0c4a1-06ff-4087-9e09-36c52533dd0e	2	1
e3c0c4a1-06ff-4087-9e09-36c52533dd0e	3	2
e3c0c4a1-06ff-4087-9e09-36c52533dd0e	4	3
e3c0c4a1-06ff-4087-9e09-36c52533dd0e	1	4
f3e5bf32-0235-4fcd-addb-4b70ac5fc31c	3	1
f3e5bf32-0235-4fcd-addb-4b70ac5fc31c	2	2
f3e5bf32-0235-4fcd-addb-4b70ac5fc31c	1	3
f3e5bf32-0235-4fcd-addb-4b70ac5fc31c	4	4
c476c560-362e-4e0d-bdf7-41159f5c6228	1	1
c476c560-362e-4e0d-bdf7-41159f5c6228	2	2
c476c560-362e-4e0d-bdf7-41159f5c6228	3	3
c476c560-362e-4e0d-bdf7-41159f5c6228	4	4
5de947e4-a507-4f10-a87c-6f2b8cc30477	2	1
5de947e4-a507-4f10-a87c-6f2b8cc30477	3	2
5de947e4-a507-4f10-a87c-6f2b8cc30477	4	3
5de947e4-a507-4f10-a87c-6f2b8cc30477	1	4
cb8e78ce-084b-410f-b329-8debcde73c7c	3	1
cb8e78ce-084b-410f-b329-8debcde73c7c	2	2
cb8e78ce-084b-410f-b329-8debcde73c7c	1	3
cb8e78ce-084b-410f-b329-8debcde73c7c	4	4
abe6a74f-a60e-41c8-86f8-e1f21f174659	1	1
3321bf94-72b1-49f4-b9dd-efdcd0ce60ee	3	3
3321bf94-72b1-49f4-b9dd-efdcd0ce60ee	4	4
76b95f28-ff04-42d6-9b23-f3d129019ebc	4	1
76b95f28-ff04-42d6-9b23-f3d129019ebc	3	2
76b95f28-ff04-42d6-9b23-f3d129019ebc	2	3
76b95f28-ff04-42d6-9b23-f3d129019ebc	1	4
2348c974-6d13-401b-be79-dbd4c4e13036	3	1
2348c974-6d13-401b-be79-dbd4c4e13036	4	2
2348c974-6d13-401b-be79-dbd4c4e13036	1	3
2348c974-6d13-401b-be79-dbd4c4e13036	2	4
cd67c910-afbe-4775-a754-1efc698fad3f	1	1
cd67c910-afbe-4775-a754-1efc698fad3f	2	2
cd67c910-afbe-4775-a754-1efc698fad3f	3	3
cd67c910-afbe-4775-a754-1efc698fad3f	4	4
02877ffb-6f69-4964-85a2-c2cede8a0189	4	1
02877ffb-6f69-4964-85a2-c2cede8a0189	3	2
02877ffb-6f69-4964-85a2-c2cede8a0189	2	3
02877ffb-6f69-4964-85a2-c2cede8a0189	1	4
fe96cbed-ccce-46ef-b3d9-36c87a54e816	2	1
fe96cbed-ccce-46ef-b3d9-36c87a54e816	3	2
fe96cbed-ccce-46ef-b3d9-36c87a54e816	4	3
fe96cbed-ccce-46ef-b3d9-36c87a54e816	1	4
6e8f6b9d-9adc-414d-9c4f-0d6e8abfd2e8	3	1
6e8f6b9d-9adc-414d-9c4f-0d6e8abfd2e8	2	2
6e8f6b9d-9adc-414d-9c4f-0d6e8abfd2e8	1	3
6e8f6b9d-9adc-414d-9c4f-0d6e8abfd2e8	4	4
0127f7dd-7666-42cf-b126-29fe5a99aa14	1	1
0127f7dd-7666-42cf-b126-29fe5a99aa14	2	2
0127f7dd-7666-42cf-b126-29fe5a99aa14	3	3
0127f7dd-7666-42cf-b126-29fe5a99aa14	4	4
f4b14c73-5511-4f4d-9566-40799b583e96	2	1
f4b14c73-5511-4f4d-9566-40799b583e96	3	2
f4b14c73-5511-4f4d-9566-40799b583e96	4	3
f4b14c73-5511-4f4d-9566-40799b583e96	1	4
493f103d-4f82-4531-9eef-eb8082439c5d	3	1
493f103d-4f82-4531-9eef-eb8082439c5d	2	2
493f103d-4f82-4531-9eef-eb8082439c5d	1	3
493f103d-4f82-4531-9eef-eb8082439c5d	4	4
6efcbce4-9bb0-4e58-8b5a-021e3dcab2c1	1	1
6efcbce4-9bb0-4e58-8b5a-021e3dcab2c1	2	2
6efcbce4-9bb0-4e58-8b5a-021e3dcab2c1	3	3
6efcbce4-9bb0-4e58-8b5a-021e3dcab2c1	4	4
d473c7de-6405-487e-b74c-bdfe590e20bc	2	1
d473c7de-6405-487e-b74c-bdfe590e20bc	3	2
d473c7de-6405-487e-b74c-bdfe590e20bc	4	3
d473c7de-6405-487e-b74c-bdfe590e20bc	1	4
abe6a74f-a60e-41c8-86f8-e1f21f174659	2	2
abe6a74f-a60e-41c8-86f8-e1f21f174659	3	3
abe6a74f-a60e-41c8-86f8-e1f21f174659	4	4
a58398c9-3ab4-4134-87b5-6e38fa800691	2	1
a58398c9-3ab4-4134-87b5-6e38fa800691	3	2
a58398c9-3ab4-4134-87b5-6e38fa800691	4	3
a58398c9-3ab4-4134-87b5-6e38fa800691	1	4
d346ee21-c681-47da-b93e-7e5cbd283ccb	3	1
d346ee21-c681-47da-b93e-7e5cbd283ccb	2	2
d346ee21-c681-47da-b93e-7e5cbd283ccb	1	3
d346ee21-c681-47da-b93e-7e5cbd283ccb	4	4
79509a4e-fb26-465f-8dbc-2c5e4e9841d4	1	1
79509a4e-fb26-465f-8dbc-2c5e4e9841d4	2	2
79509a4e-fb26-465f-8dbc-2c5e4e9841d4	3	3
79509a4e-fb26-465f-8dbc-2c5e4e9841d4	4	4
5921450c-c367-4cfa-b7da-e0154702334c	2	1
5921450c-c367-4cfa-b7da-e0154702334c	3	2
5921450c-c367-4cfa-b7da-e0154702334c	4	3
5921450c-c367-4cfa-b7da-e0154702334c	1	4
d6086b6e-ec7b-49f8-856e-965a69217119	3	1
d6086b6e-ec7b-49f8-856e-965a69217119	4	2
d6086b6e-ec7b-49f8-856e-965a69217119	1	3
d6086b6e-ec7b-49f8-856e-965a69217119	2	4
0e888165-f2c7-490f-ba16-9afd9ae97d2b	1	1
0e888165-f2c7-490f-ba16-9afd9ae97d2b	2	2
0e888165-f2c7-490f-ba16-9afd9ae97d2b	3	3
0e888165-f2c7-490f-ba16-9afd9ae97d2b	4	4
d5325532-6c9c-489d-84da-847f7034b466	4	1
d5325532-6c9c-489d-84da-847f7034b466	3	2
d5325532-6c9c-489d-84da-847f7034b466	2	3
d5325532-6c9c-489d-84da-847f7034b466	1	4
6a5ad549-6f1f-41fc-813d-19dcc03174ca	3	1
6a5ad549-6f1f-41fc-813d-19dcc03174ca	4	2
6a5ad549-6f1f-41fc-813d-19dcc03174ca	1	3
6a5ad549-6f1f-41fc-813d-19dcc03174ca	2	4
24f8dcd0-1a12-403c-98f5-a2925672dc34	1	1
24f8dcd0-1a12-403c-98f5-a2925672dc34	2	2
24f8dcd0-1a12-403c-98f5-a2925672dc34	3	3
24f8dcd0-1a12-403c-98f5-a2925672dc34	4	4
e4c128fd-a700-4575-a2b9-865fb371cb37	4	1
e4c128fd-a700-4575-a2b9-865fb371cb37	3	2
e4c128fd-a700-4575-a2b9-865fb371cb37	2	3
e4c128fd-a700-4575-a2b9-865fb371cb37	1	4
\.


--
-- Data for Name: volunteer_slots; Type: TABLE DATA; Schema: public; Owner: malob
--

COPY public.volunteer_slots (volunteer_id, slot_id) FROM stdin;
f1f89103-9492-40ec-be4b-3dab4ac2d3d7	213
f1f89103-9492-40ec-be4b-3dab4ac2d3d7	214
f1f89103-9492-40ec-be4b-3dab4ac2d3d7	215
f1f89103-9492-40ec-be4b-3dab4ac2d3d7	216
f1f89103-9492-40ec-be4b-3dab4ac2d3d7	217
f1f89103-9492-40ec-be4b-3dab4ac2d3d7	218
f1f89103-9492-40ec-be4b-3dab4ac2d3d7	219
f1f89103-9492-40ec-be4b-3dab4ac2d3d7	220
f1f89103-9492-40ec-be4b-3dab4ac2d3d7	221
f1f89103-9492-40ec-be4b-3dab4ac2d3d7	222
f1f89103-9492-40ec-be4b-3dab4ac2d3d7	223
f1f89103-9492-40ec-be4b-3dab4ac2d3d7	224
f1f89103-9492-40ec-be4b-3dab4ac2d3d7	225
f1f89103-9492-40ec-be4b-3dab4ac2d3d7	226
f1f89103-9492-40ec-be4b-3dab4ac2d3d7	271
f1f89103-9492-40ec-be4b-3dab4ac2d3d7	132
f1f89103-9492-40ec-be4b-3dab4ac2d3d7	140
f1f89103-9492-40ec-be4b-3dab4ac2d3d7	139
f1f89103-9492-40ec-be4b-3dab4ac2d3d7	136
f1f89103-9492-40ec-be4b-3dab4ac2d3d7	160
f1f89103-9492-40ec-be4b-3dab4ac2d3d7	227
f1f89103-9492-40ec-be4b-3dab4ac2d3d7	149
f1f89103-9492-40ec-be4b-3dab4ac2d3d7	130
f1f89103-9492-40ec-be4b-3dab4ac2d3d7	151
f1f89103-9492-40ec-be4b-3dab4ac2d3d7	162
f1f89103-9492-40ec-be4b-3dab4ac2d3d7	154
f1f89103-9492-40ec-be4b-3dab4ac2d3d7	131
f1f89103-9492-40ec-be4b-3dab4ac2d3d7	228
f1f89103-9492-40ec-be4b-3dab4ac2d3d7	229
f1f89103-9492-40ec-be4b-3dab4ac2d3d7	230
f1f89103-9492-40ec-be4b-3dab4ac2d3d7	231
f1f89103-9492-40ec-be4b-3dab4ac2d3d7	158
f1f89103-9492-40ec-be4b-3dab4ac2d3d7	159
f1f89103-9492-40ec-be4b-3dab4ac2d3d7	161
f1f89103-9492-40ec-be4b-3dab4ac2d3d7	203
f1f89103-9492-40ec-be4b-3dab4ac2d3d7	232
f1f89103-9492-40ec-be4b-3dab4ac2d3d7	273
f1f89103-9492-40ec-be4b-3dab4ac2d3d7	143
f1f89103-9492-40ec-be4b-3dab4ac2d3d7	141
f1f89103-9492-40ec-be4b-3dab4ac2d3d7	142
f1f89103-9492-40ec-be4b-3dab4ac2d3d7	233
f1f89103-9492-40ec-be4b-3dab4ac2d3d7	234
f1f89103-9492-40ec-be4b-3dab4ac2d3d7	134
f1f89103-9492-40ec-be4b-3dab4ac2d3d7	146
f1f89103-9492-40ec-be4b-3dab4ac2d3d7	133
f1f89103-9492-40ec-be4b-3dab4ac2d3d7	235
f1f89103-9492-40ec-be4b-3dab4ac2d3d7	147
f1f89103-9492-40ec-be4b-3dab4ac2d3d7	236
f1f89103-9492-40ec-be4b-3dab4ac2d3d7	237
f1f89103-9492-40ec-be4b-3dab4ac2d3d7	153
f1f89103-9492-40ec-be4b-3dab4ac2d3d7	238
f1f89103-9492-40ec-be4b-3dab4ac2d3d7	239
f1f89103-9492-40ec-be4b-3dab4ac2d3d7	240
f1f89103-9492-40ec-be4b-3dab4ac2d3d7	241
f1f89103-9492-40ec-be4b-3dab4ac2d3d7	156
f1f89103-9492-40ec-be4b-3dab4ac2d3d7	157
f1f89103-9492-40ec-be4b-3dab4ac2d3d7	242
f1f89103-9492-40ec-be4b-3dab4ac2d3d7	243
f1f89103-9492-40ec-be4b-3dab4ac2d3d7	272
f1f89103-9492-40ec-be4b-3dab4ac2d3d7	244
f1f89103-9492-40ec-be4b-3dab4ac2d3d7	138
f1f89103-9492-40ec-be4b-3dab4ac2d3d7	152
f1f89103-9492-40ec-be4b-3dab4ac2d3d7	150
f1f89103-9492-40ec-be4b-3dab4ac2d3d7	200
f1f89103-9492-40ec-be4b-3dab4ac2d3d7	245
f1f89103-9492-40ec-be4b-3dab4ac2d3d7	137
f1f89103-9492-40ec-be4b-3dab4ac2d3d7	145
f1f89103-9492-40ec-be4b-3dab4ac2d3d7	246
f1f89103-9492-40ec-be4b-3dab4ac2d3d7	247
f1f89103-9492-40ec-be4b-3dab4ac2d3d7	144
f1f89103-9492-40ec-be4b-3dab4ac2d3d7	135
381c7d83-093e-4307-bfeb-b355dc32ffe4	162
381c7d83-093e-4307-bfeb-b355dc32ffe4	154
381c7d83-093e-4307-bfeb-b355dc32ffe4	131
381c7d83-093e-4307-bfeb-b355dc32ffe4	228
381c7d83-093e-4307-bfeb-b355dc32ffe4	229
381c7d83-093e-4307-bfeb-b355dc32ffe4	230
381c7d83-093e-4307-bfeb-b355dc32ffe4	231
381c7d83-093e-4307-bfeb-b355dc32ffe4	158
381c7d83-093e-4307-bfeb-b355dc32ffe4	159
381c7d83-093e-4307-bfeb-b355dc32ffe4	161
381c7d83-093e-4307-bfeb-b355dc32ffe4	203
381c7d83-093e-4307-bfeb-b355dc32ffe4	232
381c7d83-093e-4307-bfeb-b355dc32ffe4	273
381c7d83-093e-4307-bfeb-b355dc32ffe4	143
381c7d83-093e-4307-bfeb-b355dc32ffe4	141
381c7d83-093e-4307-bfeb-b355dc32ffe4	142
381c7d83-093e-4307-bfeb-b355dc32ffe4	233
381c7d83-093e-4307-bfeb-b355dc32ffe4	234
381c7d83-093e-4307-bfeb-b355dc32ffe4	134
381c7d83-093e-4307-bfeb-b355dc32ffe4	146
381c7d83-093e-4307-bfeb-b355dc32ffe4	133
381c7d83-093e-4307-bfeb-b355dc32ffe4	235
381c7d83-093e-4307-bfeb-b355dc32ffe4	147
381c7d83-093e-4307-bfeb-b355dc32ffe4	236
381c7d83-093e-4307-bfeb-b355dc32ffe4	237
381c7d83-093e-4307-bfeb-b355dc32ffe4	153
381c7d83-093e-4307-bfeb-b355dc32ffe4	238
381c7d83-093e-4307-bfeb-b355dc32ffe4	239
381c7d83-093e-4307-bfeb-b355dc32ffe4	240
381c7d83-093e-4307-bfeb-b355dc32ffe4	241
381c7d83-093e-4307-bfeb-b355dc32ffe4	156
381c7d83-093e-4307-bfeb-b355dc32ffe4	157
381c7d83-093e-4307-bfeb-b355dc32ffe4	242
381c7d83-093e-4307-bfeb-b355dc32ffe4	243
381c7d83-093e-4307-bfeb-b355dc32ffe4	272
381c7d83-093e-4307-bfeb-b355dc32ffe4	244
381c7d83-093e-4307-bfeb-b355dc32ffe4	138
381c7d83-093e-4307-bfeb-b355dc32ffe4	152
381c7d83-093e-4307-bfeb-b355dc32ffe4	150
381c7d83-093e-4307-bfeb-b355dc32ffe4	200
381c7d83-093e-4307-bfeb-b355dc32ffe4	245
381c7d83-093e-4307-bfeb-b355dc32ffe4	137
381c7d83-093e-4307-bfeb-b355dc32ffe4	145
381c7d83-093e-4307-bfeb-b355dc32ffe4	246
c3ee5e1e-4b3c-4599-8548-5ffb26a8f231	160
c3ee5e1e-4b3c-4599-8548-5ffb26a8f231	227
c3ee5e1e-4b3c-4599-8548-5ffb26a8f231	149
c3ee5e1e-4b3c-4599-8548-5ffb26a8f231	130
c3ee5e1e-4b3c-4599-8548-5ffb26a8f231	151
c3ee5e1e-4b3c-4599-8548-5ffb26a8f231	162
c3ee5e1e-4b3c-4599-8548-5ffb26a8f231	154
c3ee5e1e-4b3c-4599-8548-5ffb26a8f231	131
c3ee5e1e-4b3c-4599-8548-5ffb26a8f231	228
c3ee5e1e-4b3c-4599-8548-5ffb26a8f231	229
c3ee5e1e-4b3c-4599-8548-5ffb26a8f231	230
c3ee5e1e-4b3c-4599-8548-5ffb26a8f231	231
c3ee5e1e-4b3c-4599-8548-5ffb26a8f231	158
c3ee5e1e-4b3c-4599-8548-5ffb26a8f231	159
c3ee5e1e-4b3c-4599-8548-5ffb26a8f231	161
c3ee5e1e-4b3c-4599-8548-5ffb26a8f231	203
c3ee5e1e-4b3c-4599-8548-5ffb26a8f231	232
c3ee5e1e-4b3c-4599-8548-5ffb26a8f231	273
c3ee5e1e-4b3c-4599-8548-5ffb26a8f231	143
c3ee5e1e-4b3c-4599-8548-5ffb26a8f231	141
c3ee5e1e-4b3c-4599-8548-5ffb26a8f231	142
c3ee5e1e-4b3c-4599-8548-5ffb26a8f231	233
c3ee5e1e-4b3c-4599-8548-5ffb26a8f231	234
c3ee5e1e-4b3c-4599-8548-5ffb26a8f231	134
c3ee5e1e-4b3c-4599-8548-5ffb26a8f231	146
c3ee5e1e-4b3c-4599-8548-5ffb26a8f231	133
c3ee5e1e-4b3c-4599-8548-5ffb26a8f231	235
c3ee5e1e-4b3c-4599-8548-5ffb26a8f231	147
c3ee5e1e-4b3c-4599-8548-5ffb26a8f231	236
c3ee5e1e-4b3c-4599-8548-5ffb26a8f231	237
c3ee5e1e-4b3c-4599-8548-5ffb26a8f231	153
c3ee5e1e-4b3c-4599-8548-5ffb26a8f231	238
c3ee5e1e-4b3c-4599-8548-5ffb26a8f231	239
c3ee5e1e-4b3c-4599-8548-5ffb26a8f231	240
c3ee5e1e-4b3c-4599-8548-5ffb26a8f231	241
c3ee5e1e-4b3c-4599-8548-5ffb26a8f231	156
c3ee5e1e-4b3c-4599-8548-5ffb26a8f231	157
c3ee5e1e-4b3c-4599-8548-5ffb26a8f231	242
c3ee5e1e-4b3c-4599-8548-5ffb26a8f231	243
c3ee5e1e-4b3c-4599-8548-5ffb26a8f231	272
c3ee5e1e-4b3c-4599-8548-5ffb26a8f231	244
c3ee5e1e-4b3c-4599-8548-5ffb26a8f231	138
c3ee5e1e-4b3c-4599-8548-5ffb26a8f231	152
c3ee5e1e-4b3c-4599-8548-5ffb26a8f231	150
c3ee5e1e-4b3c-4599-8548-5ffb26a8f231	200
c3ee5e1e-4b3c-4599-8548-5ffb26a8f231	245
c3ee5e1e-4b3c-4599-8548-5ffb26a8f231	137
c3ee5e1e-4b3c-4599-8548-5ffb26a8f231	145
c3ee5e1e-4b3c-4599-8548-5ffb26a8f231	246
c3ee5e1e-4b3c-4599-8548-5ffb26a8f231	247
c3ee5e1e-4b3c-4599-8548-5ffb26a8f231	144
c3ee5e1e-4b3c-4599-8548-5ffb26a8f231	135
c3ee5e1e-4b3c-4599-8548-5ffb26a8f231	155
c3ee5e1e-4b3c-4599-8548-5ffb26a8f231	148
c3ee5e1e-4b3c-4599-8548-5ffb26a8f231	254
c3ee5e1e-4b3c-4599-8548-5ffb26a8f231	255
c3ee5e1e-4b3c-4599-8548-5ffb26a8f231	256
c3ee5e1e-4b3c-4599-8548-5ffb26a8f231	257
c3ee5e1e-4b3c-4599-8548-5ffb26a8f231	258
c3ee5e1e-4b3c-4599-8548-5ffb26a8f231	259
c3ee5e1e-4b3c-4599-8548-5ffb26a8f231	260
c3ee5e1e-4b3c-4599-8548-5ffb26a8f231	274
c3ee5e1e-4b3c-4599-8548-5ffb26a8f231	261
c3ee5e1e-4b3c-4599-8548-5ffb26a8f231	262
c3ee5e1e-4b3c-4599-8548-5ffb26a8f231	263
c3ee5e1e-4b3c-4599-8548-5ffb26a8f231	264
c3ee5e1e-4b3c-4599-8548-5ffb26a8f231	265
c3ee5e1e-4b3c-4599-8548-5ffb26a8f231	266
c3ee5e1e-4b3c-4599-8548-5ffb26a8f231	267
c3ee5e1e-4b3c-4599-8548-5ffb26a8f231	268
c3ee5e1e-4b3c-4599-8548-5ffb26a8f231	269
c3ee5e1e-4b3c-4599-8548-5ffb26a8f231	270
3ff5ffc0-4a27-489e-b177-5999aeb17453	162
3ff5ffc0-4a27-489e-b177-5999aeb17453	154
3ff5ffc0-4a27-489e-b177-5999aeb17453	131
3ff5ffc0-4a27-489e-b177-5999aeb17453	228
3ff5ffc0-4a27-489e-b177-5999aeb17453	229
3ff5ffc0-4a27-489e-b177-5999aeb17453	230
3ff5ffc0-4a27-489e-b177-5999aeb17453	231
3ff5ffc0-4a27-489e-b177-5999aeb17453	158
3ff5ffc0-4a27-489e-b177-5999aeb17453	159
3ff5ffc0-4a27-489e-b177-5999aeb17453	161
3ff5ffc0-4a27-489e-b177-5999aeb17453	203
3ff5ffc0-4a27-489e-b177-5999aeb17453	232
3ff5ffc0-4a27-489e-b177-5999aeb17453	273
3ff5ffc0-4a27-489e-b177-5999aeb17453	143
3ff5ffc0-4a27-489e-b177-5999aeb17453	141
3ff5ffc0-4a27-489e-b177-5999aeb17453	142
3ff5ffc0-4a27-489e-b177-5999aeb17453	233
3ff5ffc0-4a27-489e-b177-5999aeb17453	234
3ff5ffc0-4a27-489e-b177-5999aeb17453	134
3ff5ffc0-4a27-489e-b177-5999aeb17453	146
3ff5ffc0-4a27-489e-b177-5999aeb17453	133
3ff5ffc0-4a27-489e-b177-5999aeb17453	235
3ff5ffc0-4a27-489e-b177-5999aeb17453	147
3ff5ffc0-4a27-489e-b177-5999aeb17453	236
3ff5ffc0-4a27-489e-b177-5999aeb17453	237
3ff5ffc0-4a27-489e-b177-5999aeb17453	153
3ff5ffc0-4a27-489e-b177-5999aeb17453	238
3ff5ffc0-4a27-489e-b177-5999aeb17453	239
3ff5ffc0-4a27-489e-b177-5999aeb17453	240
3ff5ffc0-4a27-489e-b177-5999aeb17453	241
3ff5ffc0-4a27-489e-b177-5999aeb17453	156
3ff5ffc0-4a27-489e-b177-5999aeb17453	157
3ff5ffc0-4a27-489e-b177-5999aeb17453	242
3ff5ffc0-4a27-489e-b177-5999aeb17453	243
3ff5ffc0-4a27-489e-b177-5999aeb17453	272
3ff5ffc0-4a27-489e-b177-5999aeb17453	244
3ff5ffc0-4a27-489e-b177-5999aeb17453	138
3ff5ffc0-4a27-489e-b177-5999aeb17453	152
3ff5ffc0-4a27-489e-b177-5999aeb17453	150
3ff5ffc0-4a27-489e-b177-5999aeb17453	200
3ff5ffc0-4a27-489e-b177-5999aeb17453	245
3ff5ffc0-4a27-489e-b177-5999aeb17453	137
3ff5ffc0-4a27-489e-b177-5999aeb17453	145
3ff5ffc0-4a27-489e-b177-5999aeb17453	246
3ff5ffc0-4a27-489e-b177-5999aeb17453	247
cd03fd9c-00ab-4c26-ab40-befa023efa30	154
cd03fd9c-00ab-4c26-ab40-befa023efa30	131
cd03fd9c-00ab-4c26-ab40-befa023efa30	228
cd03fd9c-00ab-4c26-ab40-befa023efa30	229
cd03fd9c-00ab-4c26-ab40-befa023efa30	230
cd03fd9c-00ab-4c26-ab40-befa023efa30	231
cd03fd9c-00ab-4c26-ab40-befa023efa30	158
cd03fd9c-00ab-4c26-ab40-befa023efa30	159
cd03fd9c-00ab-4c26-ab40-befa023efa30	161
cd03fd9c-00ab-4c26-ab40-befa023efa30	203
cd03fd9c-00ab-4c26-ab40-befa023efa30	232
cd03fd9c-00ab-4c26-ab40-befa023efa30	273
cd03fd9c-00ab-4c26-ab40-befa023efa30	143
cd03fd9c-00ab-4c26-ab40-befa023efa30	141
cd03fd9c-00ab-4c26-ab40-befa023efa30	142
cd03fd9c-00ab-4c26-ab40-befa023efa30	233
cd03fd9c-00ab-4c26-ab40-befa023efa30	234
cd03fd9c-00ab-4c26-ab40-befa023efa30	134
cd03fd9c-00ab-4c26-ab40-befa023efa30	146
cd03fd9c-00ab-4c26-ab40-befa023efa30	133
cd03fd9c-00ab-4c26-ab40-befa023efa30	235
cd03fd9c-00ab-4c26-ab40-befa023efa30	147
cd03fd9c-00ab-4c26-ab40-befa023efa30	236
cd03fd9c-00ab-4c26-ab40-befa023efa30	237
cd03fd9c-00ab-4c26-ab40-befa023efa30	153
cd03fd9c-00ab-4c26-ab40-befa023efa30	238
cd03fd9c-00ab-4c26-ab40-befa023efa30	239
cd03fd9c-00ab-4c26-ab40-befa023efa30	240
cd03fd9c-00ab-4c26-ab40-befa023efa30	241
cd03fd9c-00ab-4c26-ab40-befa023efa30	156
cd03fd9c-00ab-4c26-ab40-befa023efa30	157
cd03fd9c-00ab-4c26-ab40-befa023efa30	242
cd03fd9c-00ab-4c26-ab40-befa023efa30	243
cd03fd9c-00ab-4c26-ab40-befa023efa30	272
cd03fd9c-00ab-4c26-ab40-befa023efa30	244
cd03fd9c-00ab-4c26-ab40-befa023efa30	138
cd03fd9c-00ab-4c26-ab40-befa023efa30	152
cd03fd9c-00ab-4c26-ab40-befa023efa30	150
cd03fd9c-00ab-4c26-ab40-befa023efa30	200
cd03fd9c-00ab-4c26-ab40-befa023efa30	245
cd03fd9c-00ab-4c26-ab40-befa023efa30	137
cd03fd9c-00ab-4c26-ab40-befa023efa30	145
cd03fd9c-00ab-4c26-ab40-befa023efa30	246
cd03fd9c-00ab-4c26-ab40-befa023efa30	247
ebc9b29b-f659-41f0-b1f6-240307e388be	228
ebc9b29b-f659-41f0-b1f6-240307e388be	229
ebc9b29b-f659-41f0-b1f6-240307e388be	230
ebc9b29b-f659-41f0-b1f6-240307e388be	231
ebc9b29b-f659-41f0-b1f6-240307e388be	158
ebc9b29b-f659-41f0-b1f6-240307e388be	159
ebc9b29b-f659-41f0-b1f6-240307e388be	161
ebc9b29b-f659-41f0-b1f6-240307e388be	203
ebc9b29b-f659-41f0-b1f6-240307e388be	232
ebc9b29b-f659-41f0-b1f6-240307e388be	273
ebc9b29b-f659-41f0-b1f6-240307e388be	143
ebc9b29b-f659-41f0-b1f6-240307e388be	141
ebc9b29b-f659-41f0-b1f6-240307e388be	142
ebc9b29b-f659-41f0-b1f6-240307e388be	233
ebc9b29b-f659-41f0-b1f6-240307e388be	234
ebc9b29b-f659-41f0-b1f6-240307e388be	134
ebc9b29b-f659-41f0-b1f6-240307e388be	146
ebc9b29b-f659-41f0-b1f6-240307e388be	133
ebc9b29b-f659-41f0-b1f6-240307e388be	235
ebc9b29b-f659-41f0-b1f6-240307e388be	147
ebc9b29b-f659-41f0-b1f6-240307e388be	236
ebc9b29b-f659-41f0-b1f6-240307e388be	237
ebc9b29b-f659-41f0-b1f6-240307e388be	153
ebc9b29b-f659-41f0-b1f6-240307e388be	238
ebc9b29b-f659-41f0-b1f6-240307e388be	239
ebc9b29b-f659-41f0-b1f6-240307e388be	240
ebc9b29b-f659-41f0-b1f6-240307e388be	241
ebc9b29b-f659-41f0-b1f6-240307e388be	156
ebc9b29b-f659-41f0-b1f6-240307e388be	157
ebc9b29b-f659-41f0-b1f6-240307e388be	242
ebc9b29b-f659-41f0-b1f6-240307e388be	243
ebc9b29b-f659-41f0-b1f6-240307e388be	272
ebc9b29b-f659-41f0-b1f6-240307e388be	244
ebc9b29b-f659-41f0-b1f6-240307e388be	138
ebc9b29b-f659-41f0-b1f6-240307e388be	152
ebc9b29b-f659-41f0-b1f6-240307e388be	150
ebc9b29b-f659-41f0-b1f6-240307e388be	200
ebc9b29b-f659-41f0-b1f6-240307e388be	245
661bd48f-27e9-429e-894f-c49bbe00aa71	154
661bd48f-27e9-429e-894f-c49bbe00aa71	131
661bd48f-27e9-429e-894f-c49bbe00aa71	228
661bd48f-27e9-429e-894f-c49bbe00aa71	229
661bd48f-27e9-429e-894f-c49bbe00aa71	230
661bd48f-27e9-429e-894f-c49bbe00aa71	231
661bd48f-27e9-429e-894f-c49bbe00aa71	158
661bd48f-27e9-429e-894f-c49bbe00aa71	159
661bd48f-27e9-429e-894f-c49bbe00aa71	161
661bd48f-27e9-429e-894f-c49bbe00aa71	203
661bd48f-27e9-429e-894f-c49bbe00aa71	232
661bd48f-27e9-429e-894f-c49bbe00aa71	273
661bd48f-27e9-429e-894f-c49bbe00aa71	143
661bd48f-27e9-429e-894f-c49bbe00aa71	141
661bd48f-27e9-429e-894f-c49bbe00aa71	142
661bd48f-27e9-429e-894f-c49bbe00aa71	233
661bd48f-27e9-429e-894f-c49bbe00aa71	234
661bd48f-27e9-429e-894f-c49bbe00aa71	134
661bd48f-27e9-429e-894f-c49bbe00aa71	146
661bd48f-27e9-429e-894f-c49bbe00aa71	133
661bd48f-27e9-429e-894f-c49bbe00aa71	235
661bd48f-27e9-429e-894f-c49bbe00aa71	147
661bd48f-27e9-429e-894f-c49bbe00aa71	236
661bd48f-27e9-429e-894f-c49bbe00aa71	237
661bd48f-27e9-429e-894f-c49bbe00aa71	153
661bd48f-27e9-429e-894f-c49bbe00aa71	238
661bd48f-27e9-429e-894f-c49bbe00aa71	239
661bd48f-27e9-429e-894f-c49bbe00aa71	240
661bd48f-27e9-429e-894f-c49bbe00aa71	241
661bd48f-27e9-429e-894f-c49bbe00aa71	156
d8490c4b-eb3e-409b-9bef-5f487eac0cb4	248
d8490c4b-eb3e-409b-9bef-5f487eac0cb4	249
d8490c4b-eb3e-409b-9bef-5f487eac0cb4	250
d8490c4b-eb3e-409b-9bef-5f487eac0cb4	251
d8490c4b-eb3e-409b-9bef-5f487eac0cb4	252
d8490c4b-eb3e-409b-9bef-5f487eac0cb4	253
d8490c4b-eb3e-409b-9bef-5f487eac0cb4	213
d8490c4b-eb3e-409b-9bef-5f487eac0cb4	214
d8490c4b-eb3e-409b-9bef-5f487eac0cb4	215
d8490c4b-eb3e-409b-9bef-5f487eac0cb4	216
d8490c4b-eb3e-409b-9bef-5f487eac0cb4	217
d8490c4b-eb3e-409b-9bef-5f487eac0cb4	218
d8490c4b-eb3e-409b-9bef-5f487eac0cb4	219
d8490c4b-eb3e-409b-9bef-5f487eac0cb4	220
d8490c4b-eb3e-409b-9bef-5f487eac0cb4	221
d8490c4b-eb3e-409b-9bef-5f487eac0cb4	222
d8490c4b-eb3e-409b-9bef-5f487eac0cb4	223
d8490c4b-eb3e-409b-9bef-5f487eac0cb4	224
d8490c4b-eb3e-409b-9bef-5f487eac0cb4	225
d8490c4b-eb3e-409b-9bef-5f487eac0cb4	226
d8490c4b-eb3e-409b-9bef-5f487eac0cb4	271
d8490c4b-eb3e-409b-9bef-5f487eac0cb4	132
d8490c4b-eb3e-409b-9bef-5f487eac0cb4	140
d8490c4b-eb3e-409b-9bef-5f487eac0cb4	139
d8490c4b-eb3e-409b-9bef-5f487eac0cb4	136
d8490c4b-eb3e-409b-9bef-5f487eac0cb4	160
d8490c4b-eb3e-409b-9bef-5f487eac0cb4	227
d8490c4b-eb3e-409b-9bef-5f487eac0cb4	149
d8490c4b-eb3e-409b-9bef-5f487eac0cb4	130
d8490c4b-eb3e-409b-9bef-5f487eac0cb4	151
d8490c4b-eb3e-409b-9bef-5f487eac0cb4	162
d8490c4b-eb3e-409b-9bef-5f487eac0cb4	154
d8490c4b-eb3e-409b-9bef-5f487eac0cb4	131
d8490c4b-eb3e-409b-9bef-5f487eac0cb4	228
d8490c4b-eb3e-409b-9bef-5f487eac0cb4	229
d8490c4b-eb3e-409b-9bef-5f487eac0cb4	230
d8490c4b-eb3e-409b-9bef-5f487eac0cb4	231
d8490c4b-eb3e-409b-9bef-5f487eac0cb4	158
d8490c4b-eb3e-409b-9bef-5f487eac0cb4	159
d8490c4b-eb3e-409b-9bef-5f487eac0cb4	161
d8490c4b-eb3e-409b-9bef-5f487eac0cb4	203
d8490c4b-eb3e-409b-9bef-5f487eac0cb4	232
d8490c4b-eb3e-409b-9bef-5f487eac0cb4	273
d8490c4b-eb3e-409b-9bef-5f487eac0cb4	143
d8490c4b-eb3e-409b-9bef-5f487eac0cb4	141
d8490c4b-eb3e-409b-9bef-5f487eac0cb4	142
d8490c4b-eb3e-409b-9bef-5f487eac0cb4	233
d8490c4b-eb3e-409b-9bef-5f487eac0cb4	234
d8490c4b-eb3e-409b-9bef-5f487eac0cb4	134
d8490c4b-eb3e-409b-9bef-5f487eac0cb4	146
d8490c4b-eb3e-409b-9bef-5f487eac0cb4	133
d8490c4b-eb3e-409b-9bef-5f487eac0cb4	235
d8490c4b-eb3e-409b-9bef-5f487eac0cb4	147
d8490c4b-eb3e-409b-9bef-5f487eac0cb4	236
d8490c4b-eb3e-409b-9bef-5f487eac0cb4	237
d8490c4b-eb3e-409b-9bef-5f487eac0cb4	153
d8490c4b-eb3e-409b-9bef-5f487eac0cb4	238
d8490c4b-eb3e-409b-9bef-5f487eac0cb4	239
d8490c4b-eb3e-409b-9bef-5f487eac0cb4	240
d8490c4b-eb3e-409b-9bef-5f487eac0cb4	241
d8490c4b-eb3e-409b-9bef-5f487eac0cb4	156
d8490c4b-eb3e-409b-9bef-5f487eac0cb4	157
d8490c4b-eb3e-409b-9bef-5f487eac0cb4	242
d8490c4b-eb3e-409b-9bef-5f487eac0cb4	243
d8490c4b-eb3e-409b-9bef-5f487eac0cb4	272
d8490c4b-eb3e-409b-9bef-5f487eac0cb4	244
d8490c4b-eb3e-409b-9bef-5f487eac0cb4	138
d8490c4b-eb3e-409b-9bef-5f487eac0cb4	152
d8490c4b-eb3e-409b-9bef-5f487eac0cb4	150
d8490c4b-eb3e-409b-9bef-5f487eac0cb4	200
d8490c4b-eb3e-409b-9bef-5f487eac0cb4	245
d8490c4b-eb3e-409b-9bef-5f487eac0cb4	137
d8490c4b-eb3e-409b-9bef-5f487eac0cb4	145
d8490c4b-eb3e-409b-9bef-5f487eac0cb4	246
d8490c4b-eb3e-409b-9bef-5f487eac0cb4	247
f75c7a6f-2f74-449d-b2fc-122557c7031d	131
f75c7a6f-2f74-449d-b2fc-122557c7031d	228
f75c7a6f-2f74-449d-b2fc-122557c7031d	229
f75c7a6f-2f74-449d-b2fc-122557c7031d	230
f75c7a6f-2f74-449d-b2fc-122557c7031d	231
f75c7a6f-2f74-449d-b2fc-122557c7031d	158
f75c7a6f-2f74-449d-b2fc-122557c7031d	159
f75c7a6f-2f74-449d-b2fc-122557c7031d	161
f75c7a6f-2f74-449d-b2fc-122557c7031d	203
f75c7a6f-2f74-449d-b2fc-122557c7031d	232
f75c7a6f-2f74-449d-b2fc-122557c7031d	273
f75c7a6f-2f74-449d-b2fc-122557c7031d	143
f75c7a6f-2f74-449d-b2fc-122557c7031d	141
f75c7a6f-2f74-449d-b2fc-122557c7031d	142
f75c7a6f-2f74-449d-b2fc-122557c7031d	233
f75c7a6f-2f74-449d-b2fc-122557c7031d	234
f75c7a6f-2f74-449d-b2fc-122557c7031d	134
f75c7a6f-2f74-449d-b2fc-122557c7031d	146
f75c7a6f-2f74-449d-b2fc-122557c7031d	133
f75c7a6f-2f74-449d-b2fc-122557c7031d	235
f75c7a6f-2f74-449d-b2fc-122557c7031d	147
f75c7a6f-2f74-449d-b2fc-122557c7031d	236
f75c7a6f-2f74-449d-b2fc-122557c7031d	237
f75c7a6f-2f74-449d-b2fc-122557c7031d	153
f75c7a6f-2f74-449d-b2fc-122557c7031d	238
f75c7a6f-2f74-449d-b2fc-122557c7031d	239
f75c7a6f-2f74-449d-b2fc-122557c7031d	240
f75c7a6f-2f74-449d-b2fc-122557c7031d	241
f75c7a6f-2f74-449d-b2fc-122557c7031d	156
f75c7a6f-2f74-449d-b2fc-122557c7031d	157
f75c7a6f-2f74-449d-b2fc-122557c7031d	242
f75c7a6f-2f74-449d-b2fc-122557c7031d	243
f75c7a6f-2f74-449d-b2fc-122557c7031d	272
f75c7a6f-2f74-449d-b2fc-122557c7031d	244
f75c7a6f-2f74-449d-b2fc-122557c7031d	138
f75c7a6f-2f74-449d-b2fc-122557c7031d	152
f75c7a6f-2f74-449d-b2fc-122557c7031d	150
f75c7a6f-2f74-449d-b2fc-122557c7031d	200
f75c7a6f-2f74-449d-b2fc-122557c7031d	245
f75c7a6f-2f74-449d-b2fc-122557c7031d	137
f75c7a6f-2f74-449d-b2fc-122557c7031d	145
f75c7a6f-2f74-449d-b2fc-122557c7031d	246
f75c7a6f-2f74-449d-b2fc-122557c7031d	247
f75c7a6f-2f74-449d-b2fc-122557c7031d	144
f75c7a6f-2f74-449d-b2fc-122557c7031d	135
72d1f19d-7a6a-48f4-9116-16e45e3eb1d9	229
72d1f19d-7a6a-48f4-9116-16e45e3eb1d9	230
72d1f19d-7a6a-48f4-9116-16e45e3eb1d9	231
72d1f19d-7a6a-48f4-9116-16e45e3eb1d9	158
72d1f19d-7a6a-48f4-9116-16e45e3eb1d9	159
72d1f19d-7a6a-48f4-9116-16e45e3eb1d9	161
72d1f19d-7a6a-48f4-9116-16e45e3eb1d9	203
ebc9b29b-f659-41f0-b1f6-240307e388be	137
ebc9b29b-f659-41f0-b1f6-240307e388be	145
ebc9b29b-f659-41f0-b1f6-240307e388be	246
ebc9b29b-f659-41f0-b1f6-240307e388be	247
b1b5b015-d1da-4574-8f00-cbf1b69c5d0c	149
b1b5b015-d1da-4574-8f00-cbf1b69c5d0c	130
b1b5b015-d1da-4574-8f00-cbf1b69c5d0c	151
b1b5b015-d1da-4574-8f00-cbf1b69c5d0c	162
b1b5b015-d1da-4574-8f00-cbf1b69c5d0c	154
b1b5b015-d1da-4574-8f00-cbf1b69c5d0c	131
b1b5b015-d1da-4574-8f00-cbf1b69c5d0c	228
b1b5b015-d1da-4574-8f00-cbf1b69c5d0c	229
b1b5b015-d1da-4574-8f00-cbf1b69c5d0c	230
b1b5b015-d1da-4574-8f00-cbf1b69c5d0c	231
b1b5b015-d1da-4574-8f00-cbf1b69c5d0c	158
b1b5b015-d1da-4574-8f00-cbf1b69c5d0c	159
b1b5b015-d1da-4574-8f00-cbf1b69c5d0c	161
b1b5b015-d1da-4574-8f00-cbf1b69c5d0c	203
b1b5b015-d1da-4574-8f00-cbf1b69c5d0c	232
b1b5b015-d1da-4574-8f00-cbf1b69c5d0c	273
b1b5b015-d1da-4574-8f00-cbf1b69c5d0c	143
b1b5b015-d1da-4574-8f00-cbf1b69c5d0c	141
b1b5b015-d1da-4574-8f00-cbf1b69c5d0c	142
b1b5b015-d1da-4574-8f00-cbf1b69c5d0c	233
b1b5b015-d1da-4574-8f00-cbf1b69c5d0c	234
b1b5b015-d1da-4574-8f00-cbf1b69c5d0c	134
b1b5b015-d1da-4574-8f00-cbf1b69c5d0c	146
b1b5b015-d1da-4574-8f00-cbf1b69c5d0c	133
b1b5b015-d1da-4574-8f00-cbf1b69c5d0c	235
b1b5b015-d1da-4574-8f00-cbf1b69c5d0c	147
b1b5b015-d1da-4574-8f00-cbf1b69c5d0c	236
b1b5b015-d1da-4574-8f00-cbf1b69c5d0c	237
b1b5b015-d1da-4574-8f00-cbf1b69c5d0c	153
b1b5b015-d1da-4574-8f00-cbf1b69c5d0c	238
b1b5b015-d1da-4574-8f00-cbf1b69c5d0c	239
b1b5b015-d1da-4574-8f00-cbf1b69c5d0c	240
b1b5b015-d1da-4574-8f00-cbf1b69c5d0c	241
b1b5b015-d1da-4574-8f00-cbf1b69c5d0c	156
b1b5b015-d1da-4574-8f00-cbf1b69c5d0c	157
b1b5b015-d1da-4574-8f00-cbf1b69c5d0c	242
b1b5b015-d1da-4574-8f00-cbf1b69c5d0c	243
b1b5b015-d1da-4574-8f00-cbf1b69c5d0c	272
b1b5b015-d1da-4574-8f00-cbf1b69c5d0c	244
b1b5b015-d1da-4574-8f00-cbf1b69c5d0c	138
b1b5b015-d1da-4574-8f00-cbf1b69c5d0c	152
b1b5b015-d1da-4574-8f00-cbf1b69c5d0c	150
b1b5b015-d1da-4574-8f00-cbf1b69c5d0c	200
b1b5b015-d1da-4574-8f00-cbf1b69c5d0c	245
b1b5b015-d1da-4574-8f00-cbf1b69c5d0c	137
b1b5b015-d1da-4574-8f00-cbf1b69c5d0c	145
b1b5b015-d1da-4574-8f00-cbf1b69c5d0c	246
b1b5b015-d1da-4574-8f00-cbf1b69c5d0c	247
b1b5b015-d1da-4574-8f00-cbf1b69c5d0c	144
b1b5b015-d1da-4574-8f00-cbf1b69c5d0c	135
b1b5b015-d1da-4574-8f00-cbf1b69c5d0c	155
b1b5b015-d1da-4574-8f00-cbf1b69c5d0c	148
b1b5b015-d1da-4574-8f00-cbf1b69c5d0c	254
b1b5b015-d1da-4574-8f00-cbf1b69c5d0c	255
b1b5b015-d1da-4574-8f00-cbf1b69c5d0c	256
b1b5b015-d1da-4574-8f00-cbf1b69c5d0c	257
b1b5b015-d1da-4574-8f00-cbf1b69c5d0c	258
b1b5b015-d1da-4574-8f00-cbf1b69c5d0c	259
b1b5b015-d1da-4574-8f00-cbf1b69c5d0c	260
b1b5b015-d1da-4574-8f00-cbf1b69c5d0c	274
b1b5b015-d1da-4574-8f00-cbf1b69c5d0c	261
b1b5b015-d1da-4574-8f00-cbf1b69c5d0c	262
b1b5b015-d1da-4574-8f00-cbf1b69c5d0c	263
b1b5b015-d1da-4574-8f00-cbf1b69c5d0c	264
b1b5b015-d1da-4574-8f00-cbf1b69c5d0c	265
b1b5b015-d1da-4574-8f00-cbf1b69c5d0c	266
fbd92b85-d0d3-4f0c-a45c-e801e0affa2c	229
fbd92b85-d0d3-4f0c-a45c-e801e0affa2c	230
fbd92b85-d0d3-4f0c-a45c-e801e0affa2c	231
fbd92b85-d0d3-4f0c-a45c-e801e0affa2c	158
fbd92b85-d0d3-4f0c-a45c-e801e0affa2c	159
fbd92b85-d0d3-4f0c-a45c-e801e0affa2c	161
fbd92b85-d0d3-4f0c-a45c-e801e0affa2c	203
fbd92b85-d0d3-4f0c-a45c-e801e0affa2c	232
fbd92b85-d0d3-4f0c-a45c-e801e0affa2c	273
fbd92b85-d0d3-4f0c-a45c-e801e0affa2c	143
fbd92b85-d0d3-4f0c-a45c-e801e0affa2c	141
fbd92b85-d0d3-4f0c-a45c-e801e0affa2c	142
fbd92b85-d0d3-4f0c-a45c-e801e0affa2c	233
fbd92b85-d0d3-4f0c-a45c-e801e0affa2c	234
fbd92b85-d0d3-4f0c-a45c-e801e0affa2c	134
fbd92b85-d0d3-4f0c-a45c-e801e0affa2c	146
fbd92b85-d0d3-4f0c-a45c-e801e0affa2c	133
fbd92b85-d0d3-4f0c-a45c-e801e0affa2c	235
fbd92b85-d0d3-4f0c-a45c-e801e0affa2c	147
fbd92b85-d0d3-4f0c-a45c-e801e0affa2c	236
fbd92b85-d0d3-4f0c-a45c-e801e0affa2c	237
fbd92b85-d0d3-4f0c-a45c-e801e0affa2c	153
fbd92b85-d0d3-4f0c-a45c-e801e0affa2c	238
fbd92b85-d0d3-4f0c-a45c-e801e0affa2c	239
fbd92b85-d0d3-4f0c-a45c-e801e0affa2c	240
fbd92b85-d0d3-4f0c-a45c-e801e0affa2c	241
fbd92b85-d0d3-4f0c-a45c-e801e0affa2c	156
fbd92b85-d0d3-4f0c-a45c-e801e0affa2c	157
fbd92b85-d0d3-4f0c-a45c-e801e0affa2c	242
fbd92b85-d0d3-4f0c-a45c-e801e0affa2c	243
fbd92b85-d0d3-4f0c-a45c-e801e0affa2c	272
fbd92b85-d0d3-4f0c-a45c-e801e0affa2c	244
fbd92b85-d0d3-4f0c-a45c-e801e0affa2c	138
fbd92b85-d0d3-4f0c-a45c-e801e0affa2c	152
fbd92b85-d0d3-4f0c-a45c-e801e0affa2c	150
fbd92b85-d0d3-4f0c-a45c-e801e0affa2c	200
fbd92b85-d0d3-4f0c-a45c-e801e0affa2c	245
fbd92b85-d0d3-4f0c-a45c-e801e0affa2c	137
fbd92b85-d0d3-4f0c-a45c-e801e0affa2c	145
fbd92b85-d0d3-4f0c-a45c-e801e0affa2c	246
fbd92b85-d0d3-4f0c-a45c-e801e0affa2c	247
fbd92b85-d0d3-4f0c-a45c-e801e0affa2c	144
fbd92b85-d0d3-4f0c-a45c-e801e0affa2c	135
fbd92b85-d0d3-4f0c-a45c-e801e0affa2c	155
fbd92b85-d0d3-4f0c-a45c-e801e0affa2c	148
fbd92b85-d0d3-4f0c-a45c-e801e0affa2c	254
fbd92b85-d0d3-4f0c-a45c-e801e0affa2c	255
fbd92b85-d0d3-4f0c-a45c-e801e0affa2c	256
fbd92b85-d0d3-4f0c-a45c-e801e0affa2c	257
fbd92b85-d0d3-4f0c-a45c-e801e0affa2c	258
fbd92b85-d0d3-4f0c-a45c-e801e0affa2c	259
fbd92b85-d0d3-4f0c-a45c-e801e0affa2c	260
fbd92b85-d0d3-4f0c-a45c-e801e0affa2c	274
98cb6e10-5ec1-4c95-905b-573acc0e693b	151
98cb6e10-5ec1-4c95-905b-573acc0e693b	162
98cb6e10-5ec1-4c95-905b-573acc0e693b	154
98cb6e10-5ec1-4c95-905b-573acc0e693b	131
98cb6e10-5ec1-4c95-905b-573acc0e693b	228
98cb6e10-5ec1-4c95-905b-573acc0e693b	229
98cb6e10-5ec1-4c95-905b-573acc0e693b	230
98cb6e10-5ec1-4c95-905b-573acc0e693b	231
98cb6e10-5ec1-4c95-905b-573acc0e693b	158
98cb6e10-5ec1-4c95-905b-573acc0e693b	159
98cb6e10-5ec1-4c95-905b-573acc0e693b	161
98cb6e10-5ec1-4c95-905b-573acc0e693b	203
98cb6e10-5ec1-4c95-905b-573acc0e693b	232
98cb6e10-5ec1-4c95-905b-573acc0e693b	273
98cb6e10-5ec1-4c95-905b-573acc0e693b	143
98cb6e10-5ec1-4c95-905b-573acc0e693b	141
98cb6e10-5ec1-4c95-905b-573acc0e693b	142
98cb6e10-5ec1-4c95-905b-573acc0e693b	233
98cb6e10-5ec1-4c95-905b-573acc0e693b	234
98cb6e10-5ec1-4c95-905b-573acc0e693b	134
98cb6e10-5ec1-4c95-905b-573acc0e693b	146
98cb6e10-5ec1-4c95-905b-573acc0e693b	133
98cb6e10-5ec1-4c95-905b-573acc0e693b	235
98cb6e10-5ec1-4c95-905b-573acc0e693b	147
98cb6e10-5ec1-4c95-905b-573acc0e693b	236
98cb6e10-5ec1-4c95-905b-573acc0e693b	237
98cb6e10-5ec1-4c95-905b-573acc0e693b	153
98cb6e10-5ec1-4c95-905b-573acc0e693b	238
98cb6e10-5ec1-4c95-905b-573acc0e693b	239
98cb6e10-5ec1-4c95-905b-573acc0e693b	240
98cb6e10-5ec1-4c95-905b-573acc0e693b	241
98cb6e10-5ec1-4c95-905b-573acc0e693b	156
98cb6e10-5ec1-4c95-905b-573acc0e693b	157
98cb6e10-5ec1-4c95-905b-573acc0e693b	242
72d1f19d-7a6a-48f4-9116-16e45e3eb1d9	232
72d1f19d-7a6a-48f4-9116-16e45e3eb1d9	273
72d1f19d-7a6a-48f4-9116-16e45e3eb1d9	143
72d1f19d-7a6a-48f4-9116-16e45e3eb1d9	141
72d1f19d-7a6a-48f4-9116-16e45e3eb1d9	142
72d1f19d-7a6a-48f4-9116-16e45e3eb1d9	233
72d1f19d-7a6a-48f4-9116-16e45e3eb1d9	234
72d1f19d-7a6a-48f4-9116-16e45e3eb1d9	134
72d1f19d-7a6a-48f4-9116-16e45e3eb1d9	146
72d1f19d-7a6a-48f4-9116-16e45e3eb1d9	133
72d1f19d-7a6a-48f4-9116-16e45e3eb1d9	235
72d1f19d-7a6a-48f4-9116-16e45e3eb1d9	147
72d1f19d-7a6a-48f4-9116-16e45e3eb1d9	236
72d1f19d-7a6a-48f4-9116-16e45e3eb1d9	237
72d1f19d-7a6a-48f4-9116-16e45e3eb1d9	153
72d1f19d-7a6a-48f4-9116-16e45e3eb1d9	238
72d1f19d-7a6a-48f4-9116-16e45e3eb1d9	239
72d1f19d-7a6a-48f4-9116-16e45e3eb1d9	240
72d1f19d-7a6a-48f4-9116-16e45e3eb1d9	241
72d1f19d-7a6a-48f4-9116-16e45e3eb1d9	156
72d1f19d-7a6a-48f4-9116-16e45e3eb1d9	157
72d1f19d-7a6a-48f4-9116-16e45e3eb1d9	242
72d1f19d-7a6a-48f4-9116-16e45e3eb1d9	243
72d1f19d-7a6a-48f4-9116-16e45e3eb1d9	272
72d1f19d-7a6a-48f4-9116-16e45e3eb1d9	244
72d1f19d-7a6a-48f4-9116-16e45e3eb1d9	138
72d1f19d-7a6a-48f4-9116-16e45e3eb1d9	152
72d1f19d-7a6a-48f4-9116-16e45e3eb1d9	150
72d1f19d-7a6a-48f4-9116-16e45e3eb1d9	200
72d1f19d-7a6a-48f4-9116-16e45e3eb1d9	245
72d1f19d-7a6a-48f4-9116-16e45e3eb1d9	137
72d1f19d-7a6a-48f4-9116-16e45e3eb1d9	145
72d1f19d-7a6a-48f4-9116-16e45e3eb1d9	246
72d1f19d-7a6a-48f4-9116-16e45e3eb1d9	247
14172b45-22e7-4f76-bce3-75c3461bebd7	216
14172b45-22e7-4f76-bce3-75c3461bebd7	217
14172b45-22e7-4f76-bce3-75c3461bebd7	218
14172b45-22e7-4f76-bce3-75c3461bebd7	219
14172b45-22e7-4f76-bce3-75c3461bebd7	220
14172b45-22e7-4f76-bce3-75c3461bebd7	221
14172b45-22e7-4f76-bce3-75c3461bebd7	222
14172b45-22e7-4f76-bce3-75c3461bebd7	223
14172b45-22e7-4f76-bce3-75c3461bebd7	224
14172b45-22e7-4f76-bce3-75c3461bebd7	225
14172b45-22e7-4f76-bce3-75c3461bebd7	226
14172b45-22e7-4f76-bce3-75c3461bebd7	271
14172b45-22e7-4f76-bce3-75c3461bebd7	132
14172b45-22e7-4f76-bce3-75c3461bebd7	140
14172b45-22e7-4f76-bce3-75c3461bebd7	139
14172b45-22e7-4f76-bce3-75c3461bebd7	136
14172b45-22e7-4f76-bce3-75c3461bebd7	160
14172b45-22e7-4f76-bce3-75c3461bebd7	227
14172b45-22e7-4f76-bce3-75c3461bebd7	149
14172b45-22e7-4f76-bce3-75c3461bebd7	130
14172b45-22e7-4f76-bce3-75c3461bebd7	151
14172b45-22e7-4f76-bce3-75c3461bebd7	162
14172b45-22e7-4f76-bce3-75c3461bebd7	154
14172b45-22e7-4f76-bce3-75c3461bebd7	131
14172b45-22e7-4f76-bce3-75c3461bebd7	228
14172b45-22e7-4f76-bce3-75c3461bebd7	229
14172b45-22e7-4f76-bce3-75c3461bebd7	230
14172b45-22e7-4f76-bce3-75c3461bebd7	231
14172b45-22e7-4f76-bce3-75c3461bebd7	158
14172b45-22e7-4f76-bce3-75c3461bebd7	159
14172b45-22e7-4f76-bce3-75c3461bebd7	161
14172b45-22e7-4f76-bce3-75c3461bebd7	203
14172b45-22e7-4f76-bce3-75c3461bebd7	232
14172b45-22e7-4f76-bce3-75c3461bebd7	273
14172b45-22e7-4f76-bce3-75c3461bebd7	143
14172b45-22e7-4f76-bce3-75c3461bebd7	141
14172b45-22e7-4f76-bce3-75c3461bebd7	142
14172b45-22e7-4f76-bce3-75c3461bebd7	233
14172b45-22e7-4f76-bce3-75c3461bebd7	234
14172b45-22e7-4f76-bce3-75c3461bebd7	134
14172b45-22e7-4f76-bce3-75c3461bebd7	146
14172b45-22e7-4f76-bce3-75c3461bebd7	133
14172b45-22e7-4f76-bce3-75c3461bebd7	235
14172b45-22e7-4f76-bce3-75c3461bebd7	147
14172b45-22e7-4f76-bce3-75c3461bebd7	236
14172b45-22e7-4f76-bce3-75c3461bebd7	237
14172b45-22e7-4f76-bce3-75c3461bebd7	153
14172b45-22e7-4f76-bce3-75c3461bebd7	238
14172b45-22e7-4f76-bce3-75c3461bebd7	239
14172b45-22e7-4f76-bce3-75c3461bebd7	240
14172b45-22e7-4f76-bce3-75c3461bebd7	241
14172b45-22e7-4f76-bce3-75c3461bebd7	156
14172b45-22e7-4f76-bce3-75c3461bebd7	157
14172b45-22e7-4f76-bce3-75c3461bebd7	242
14172b45-22e7-4f76-bce3-75c3461bebd7	243
14172b45-22e7-4f76-bce3-75c3461bebd7	272
14172b45-22e7-4f76-bce3-75c3461bebd7	244
14172b45-22e7-4f76-bce3-75c3461bebd7	138
14172b45-22e7-4f76-bce3-75c3461bebd7	152
14172b45-22e7-4f76-bce3-75c3461bebd7	150
14172b45-22e7-4f76-bce3-75c3461bebd7	200
14172b45-22e7-4f76-bce3-75c3461bebd7	245
14172b45-22e7-4f76-bce3-75c3461bebd7	137
14172b45-22e7-4f76-bce3-75c3461bebd7	145
14172b45-22e7-4f76-bce3-75c3461bebd7	246
14172b45-22e7-4f76-bce3-75c3461bebd7	247
14172b45-22e7-4f76-bce3-75c3461bebd7	144
14172b45-22e7-4f76-bce3-75c3461bebd7	135
14172b45-22e7-4f76-bce3-75c3461bebd7	155
14172b45-22e7-4f76-bce3-75c3461bebd7	148
14172b45-22e7-4f76-bce3-75c3461bebd7	254
14172b45-22e7-4f76-bce3-75c3461bebd7	255
14172b45-22e7-4f76-bce3-75c3461bebd7	256
14172b45-22e7-4f76-bce3-75c3461bebd7	257
14172b45-22e7-4f76-bce3-75c3461bebd7	258
14172b45-22e7-4f76-bce3-75c3461bebd7	259
14172b45-22e7-4f76-bce3-75c3461bebd7	260
14172b45-22e7-4f76-bce3-75c3461bebd7	274
14172b45-22e7-4f76-bce3-75c3461bebd7	261
14172b45-22e7-4f76-bce3-75c3461bebd7	262
14172b45-22e7-4f76-bce3-75c3461bebd7	263
14172b45-22e7-4f76-bce3-75c3461bebd7	264
14172b45-22e7-4f76-bce3-75c3461bebd7	265
14172b45-22e7-4f76-bce3-75c3461bebd7	266
14172b45-22e7-4f76-bce3-75c3461bebd7	267
14172b45-22e7-4f76-bce3-75c3461bebd7	268
14172b45-22e7-4f76-bce3-75c3461bebd7	269
14172b45-22e7-4f76-bce3-75c3461bebd7	270
f22c8b8e-1f9c-4c89-9732-490628b4638e	151
f22c8b8e-1f9c-4c89-9732-490628b4638e	162
f22c8b8e-1f9c-4c89-9732-490628b4638e	154
f22c8b8e-1f9c-4c89-9732-490628b4638e	131
f22c8b8e-1f9c-4c89-9732-490628b4638e	228
f22c8b8e-1f9c-4c89-9732-490628b4638e	229
f22c8b8e-1f9c-4c89-9732-490628b4638e	230
f22c8b8e-1f9c-4c89-9732-490628b4638e	231
f22c8b8e-1f9c-4c89-9732-490628b4638e	158
f22c8b8e-1f9c-4c89-9732-490628b4638e	159
f22c8b8e-1f9c-4c89-9732-490628b4638e	161
f22c8b8e-1f9c-4c89-9732-490628b4638e	203
f22c8b8e-1f9c-4c89-9732-490628b4638e	232
f22c8b8e-1f9c-4c89-9732-490628b4638e	273
f22c8b8e-1f9c-4c89-9732-490628b4638e	143
f22c8b8e-1f9c-4c89-9732-490628b4638e	141
f22c8b8e-1f9c-4c89-9732-490628b4638e	142
f22c8b8e-1f9c-4c89-9732-490628b4638e	233
f22c8b8e-1f9c-4c89-9732-490628b4638e	234
f22c8b8e-1f9c-4c89-9732-490628b4638e	134
f22c8b8e-1f9c-4c89-9732-490628b4638e	146
f22c8b8e-1f9c-4c89-9732-490628b4638e	133
f22c8b8e-1f9c-4c89-9732-490628b4638e	235
f22c8b8e-1f9c-4c89-9732-490628b4638e	147
f22c8b8e-1f9c-4c89-9732-490628b4638e	236
f22c8b8e-1f9c-4c89-9732-490628b4638e	237
f22c8b8e-1f9c-4c89-9732-490628b4638e	153
f22c8b8e-1f9c-4c89-9732-490628b4638e	238
f22c8b8e-1f9c-4c89-9732-490628b4638e	239
f22c8b8e-1f9c-4c89-9732-490628b4638e	240
f22c8b8e-1f9c-4c89-9732-490628b4638e	241
f22c8b8e-1f9c-4c89-9732-490628b4638e	156
f22c8b8e-1f9c-4c89-9732-490628b4638e	157
f22c8b8e-1f9c-4c89-9732-490628b4638e	242
f22c8b8e-1f9c-4c89-9732-490628b4638e	243
f22c8b8e-1f9c-4c89-9732-490628b4638e	272
f22c8b8e-1f9c-4c89-9732-490628b4638e	244
f22c8b8e-1f9c-4c89-9732-490628b4638e	200
f22c8b8e-1f9c-4c89-9732-490628b4638e	245
f22c8b8e-1f9c-4c89-9732-490628b4638e	137
f22c8b8e-1f9c-4c89-9732-490628b4638e	145
f22c8b8e-1f9c-4c89-9732-490628b4638e	246
f22c8b8e-1f9c-4c89-9732-490628b4638e	247
f22c8b8e-1f9c-4c89-9732-490628b4638e	144
f22c8b8e-1f9c-4c89-9732-490628b4638e	135
f22c8b8e-1f9c-4c89-9732-490628b4638e	155
f22c8b8e-1f9c-4c89-9732-490628b4638e	148
f22c8b8e-1f9c-4c89-9732-490628b4638e	254
f22c8b8e-1f9c-4c89-9732-490628b4638e	255
f22c8b8e-1f9c-4c89-9732-490628b4638e	256
f22c8b8e-1f9c-4c89-9732-490628b4638e	257
f22c8b8e-1f9c-4c89-9732-490628b4638e	258
f22c8b8e-1f9c-4c89-9732-490628b4638e	259
f22c8b8e-1f9c-4c89-9732-490628b4638e	260
f22c8b8e-1f9c-4c89-9732-490628b4638e	274
f22c8b8e-1f9c-4c89-9732-490628b4638e	261
f22c8b8e-1f9c-4c89-9732-490628b4638e	262
f22c8b8e-1f9c-4c89-9732-490628b4638e	263
f22c8b8e-1f9c-4c89-9732-490628b4638e	264
f22c8b8e-1f9c-4c89-9732-490628b4638e	265
f22c8b8e-1f9c-4c89-9732-490628b4638e	266
f22c8b8e-1f9c-4c89-9732-490628b4638e	267
f22c8b8e-1f9c-4c89-9732-490628b4638e	268
f22c8b8e-1f9c-4c89-9732-490628b4638e	269
f22c8b8e-1f9c-4c89-9732-490628b4638e	270
f99a934c-4209-42df-b9c4-42e96df716db	162
f99a934c-4209-42df-b9c4-42e96df716db	154
f99a934c-4209-42df-b9c4-42e96df716db	131
f99a934c-4209-42df-b9c4-42e96df716db	228
f99a934c-4209-42df-b9c4-42e96df716db	229
f99a934c-4209-42df-b9c4-42e96df716db	230
f99a934c-4209-42df-b9c4-42e96df716db	231
f99a934c-4209-42df-b9c4-42e96df716db	158
f99a934c-4209-42df-b9c4-42e96df716db	159
f99a934c-4209-42df-b9c4-42e96df716db	161
f99a934c-4209-42df-b9c4-42e96df716db	203
f99a934c-4209-42df-b9c4-42e96df716db	232
f99a934c-4209-42df-b9c4-42e96df716db	273
f99a934c-4209-42df-b9c4-42e96df716db	143
f99a934c-4209-42df-b9c4-42e96df716db	141
f99a934c-4209-42df-b9c4-42e96df716db	142
f99a934c-4209-42df-b9c4-42e96df716db	233
f99a934c-4209-42df-b9c4-42e96df716db	234
f99a934c-4209-42df-b9c4-42e96df716db	134
f99a934c-4209-42df-b9c4-42e96df716db	146
f99a934c-4209-42df-b9c4-42e96df716db	133
f99a934c-4209-42df-b9c4-42e96df716db	235
f99a934c-4209-42df-b9c4-42e96df716db	147
f99a934c-4209-42df-b9c4-42e96df716db	236
f99a934c-4209-42df-b9c4-42e96df716db	237
f99a934c-4209-42df-b9c4-42e96df716db	153
f99a934c-4209-42df-b9c4-42e96df716db	238
f99a934c-4209-42df-b9c4-42e96df716db	239
f99a934c-4209-42df-b9c4-42e96df716db	240
f99a934c-4209-42df-b9c4-42e96df716db	241
f99a934c-4209-42df-b9c4-42e96df716db	156
f99a934c-4209-42df-b9c4-42e96df716db	157
f99a934c-4209-42df-b9c4-42e96df716db	242
f99a934c-4209-42df-b9c4-42e96df716db	243
f99a934c-4209-42df-b9c4-42e96df716db	272
f99a934c-4209-42df-b9c4-42e96df716db	244
f99a934c-4209-42df-b9c4-42e96df716db	138
f99a934c-4209-42df-b9c4-42e96df716db	152
f99a934c-4209-42df-b9c4-42e96df716db	150
20ad0732-4a9f-4985-a30d-d193ae9150be	149
20ad0732-4a9f-4985-a30d-d193ae9150be	130
20ad0732-4a9f-4985-a30d-d193ae9150be	151
20ad0732-4a9f-4985-a30d-d193ae9150be	162
20ad0732-4a9f-4985-a30d-d193ae9150be	154
20ad0732-4a9f-4985-a30d-d193ae9150be	131
20ad0732-4a9f-4985-a30d-d193ae9150be	228
20ad0732-4a9f-4985-a30d-d193ae9150be	229
20ad0732-4a9f-4985-a30d-d193ae9150be	230
20ad0732-4a9f-4985-a30d-d193ae9150be	231
20ad0732-4a9f-4985-a30d-d193ae9150be	158
20ad0732-4a9f-4985-a30d-d193ae9150be	159
20ad0732-4a9f-4985-a30d-d193ae9150be	161
20ad0732-4a9f-4985-a30d-d193ae9150be	203
20ad0732-4a9f-4985-a30d-d193ae9150be	232
20ad0732-4a9f-4985-a30d-d193ae9150be	273
20ad0732-4a9f-4985-a30d-d193ae9150be	143
20ad0732-4a9f-4985-a30d-d193ae9150be	141
20ad0732-4a9f-4985-a30d-d193ae9150be	142
20ad0732-4a9f-4985-a30d-d193ae9150be	233
20ad0732-4a9f-4985-a30d-d193ae9150be	234
20ad0732-4a9f-4985-a30d-d193ae9150be	134
20ad0732-4a9f-4985-a30d-d193ae9150be	146
20ad0732-4a9f-4985-a30d-d193ae9150be	133
20ad0732-4a9f-4985-a30d-d193ae9150be	235
20ad0732-4a9f-4985-a30d-d193ae9150be	147
20ad0732-4a9f-4985-a30d-d193ae9150be	236
20ad0732-4a9f-4985-a30d-d193ae9150be	237
20ad0732-4a9f-4985-a30d-d193ae9150be	153
20ad0732-4a9f-4985-a30d-d193ae9150be	238
20ad0732-4a9f-4985-a30d-d193ae9150be	239
20ad0732-4a9f-4985-a30d-d193ae9150be	240
20ad0732-4a9f-4985-a30d-d193ae9150be	241
20ad0732-4a9f-4985-a30d-d193ae9150be	156
20ad0732-4a9f-4985-a30d-d193ae9150be	157
20ad0732-4a9f-4985-a30d-d193ae9150be	242
20ad0732-4a9f-4985-a30d-d193ae9150be	243
20ad0732-4a9f-4985-a30d-d193ae9150be	272
20ad0732-4a9f-4985-a30d-d193ae9150be	244
20ad0732-4a9f-4985-a30d-d193ae9150be	138
20ad0732-4a9f-4985-a30d-d193ae9150be	152
25752212-a8ab-4ed2-9aaf-af08c0ae6655	228
25752212-a8ab-4ed2-9aaf-af08c0ae6655	229
25752212-a8ab-4ed2-9aaf-af08c0ae6655	230
25752212-a8ab-4ed2-9aaf-af08c0ae6655	231
25752212-a8ab-4ed2-9aaf-af08c0ae6655	158
25752212-a8ab-4ed2-9aaf-af08c0ae6655	159
25752212-a8ab-4ed2-9aaf-af08c0ae6655	161
25752212-a8ab-4ed2-9aaf-af08c0ae6655	203
25752212-a8ab-4ed2-9aaf-af08c0ae6655	232
25752212-a8ab-4ed2-9aaf-af08c0ae6655	273
25752212-a8ab-4ed2-9aaf-af08c0ae6655	143
25752212-a8ab-4ed2-9aaf-af08c0ae6655	141
25752212-a8ab-4ed2-9aaf-af08c0ae6655	142
25752212-a8ab-4ed2-9aaf-af08c0ae6655	233
25752212-a8ab-4ed2-9aaf-af08c0ae6655	234
25752212-a8ab-4ed2-9aaf-af08c0ae6655	134
25752212-a8ab-4ed2-9aaf-af08c0ae6655	146
25752212-a8ab-4ed2-9aaf-af08c0ae6655	133
25752212-a8ab-4ed2-9aaf-af08c0ae6655	235
25752212-a8ab-4ed2-9aaf-af08c0ae6655	147
25752212-a8ab-4ed2-9aaf-af08c0ae6655	236
25752212-a8ab-4ed2-9aaf-af08c0ae6655	237
25752212-a8ab-4ed2-9aaf-af08c0ae6655	153
25752212-a8ab-4ed2-9aaf-af08c0ae6655	238
25752212-a8ab-4ed2-9aaf-af08c0ae6655	239
25752212-a8ab-4ed2-9aaf-af08c0ae6655	240
25752212-a8ab-4ed2-9aaf-af08c0ae6655	241
25752212-a8ab-4ed2-9aaf-af08c0ae6655	156
25752212-a8ab-4ed2-9aaf-af08c0ae6655	157
25752212-a8ab-4ed2-9aaf-af08c0ae6655	242
25752212-a8ab-4ed2-9aaf-af08c0ae6655	243
25752212-a8ab-4ed2-9aaf-af08c0ae6655	272
25752212-a8ab-4ed2-9aaf-af08c0ae6655	244
25752212-a8ab-4ed2-9aaf-af08c0ae6655	138
25752212-a8ab-4ed2-9aaf-af08c0ae6655	152
25752212-a8ab-4ed2-9aaf-af08c0ae6655	150
25752212-a8ab-4ed2-9aaf-af08c0ae6655	200
25752212-a8ab-4ed2-9aaf-af08c0ae6655	245
25752212-a8ab-4ed2-9aaf-af08c0ae6655	137
25752212-a8ab-4ed2-9aaf-af08c0ae6655	145
25752212-a8ab-4ed2-9aaf-af08c0ae6655	246
25752212-a8ab-4ed2-9aaf-af08c0ae6655	247
25752212-a8ab-4ed2-9aaf-af08c0ae6655	144
25752212-a8ab-4ed2-9aaf-af08c0ae6655	135
25752212-a8ab-4ed2-9aaf-af08c0ae6655	155
72afe6f3-2973-4839-a9f2-868a8d19ff03	154
72afe6f3-2973-4839-a9f2-868a8d19ff03	131
98cb6e10-5ec1-4c95-905b-573acc0e693b	243
98cb6e10-5ec1-4c95-905b-573acc0e693b	272
98cb6e10-5ec1-4c95-905b-573acc0e693b	244
98cb6e10-5ec1-4c95-905b-573acc0e693b	138
98cb6e10-5ec1-4c95-905b-573acc0e693b	152
5e7e0b8c-ccc5-48b6-95bf-940a25ccd1dd	162
5e7e0b8c-ccc5-48b6-95bf-940a25ccd1dd	154
5e7e0b8c-ccc5-48b6-95bf-940a25ccd1dd	131
5e7e0b8c-ccc5-48b6-95bf-940a25ccd1dd	228
5e7e0b8c-ccc5-48b6-95bf-940a25ccd1dd	229
5e7e0b8c-ccc5-48b6-95bf-940a25ccd1dd	230
5e7e0b8c-ccc5-48b6-95bf-940a25ccd1dd	231
5e7e0b8c-ccc5-48b6-95bf-940a25ccd1dd	158
5e7e0b8c-ccc5-48b6-95bf-940a25ccd1dd	159
5e7e0b8c-ccc5-48b6-95bf-940a25ccd1dd	161
5e7e0b8c-ccc5-48b6-95bf-940a25ccd1dd	203
5e7e0b8c-ccc5-48b6-95bf-940a25ccd1dd	232
5e7e0b8c-ccc5-48b6-95bf-940a25ccd1dd	273
5e7e0b8c-ccc5-48b6-95bf-940a25ccd1dd	143
5e7e0b8c-ccc5-48b6-95bf-940a25ccd1dd	141
5e7e0b8c-ccc5-48b6-95bf-940a25ccd1dd	142
5e7e0b8c-ccc5-48b6-95bf-940a25ccd1dd	233
5e7e0b8c-ccc5-48b6-95bf-940a25ccd1dd	234
5e7e0b8c-ccc5-48b6-95bf-940a25ccd1dd	134
5e7e0b8c-ccc5-48b6-95bf-940a25ccd1dd	146
5e7e0b8c-ccc5-48b6-95bf-940a25ccd1dd	133
5e7e0b8c-ccc5-48b6-95bf-940a25ccd1dd	235
5e7e0b8c-ccc5-48b6-95bf-940a25ccd1dd	147
5e7e0b8c-ccc5-48b6-95bf-940a25ccd1dd	236
5e7e0b8c-ccc5-48b6-95bf-940a25ccd1dd	237
5e7e0b8c-ccc5-48b6-95bf-940a25ccd1dd	153
5e7e0b8c-ccc5-48b6-95bf-940a25ccd1dd	238
5e7e0b8c-ccc5-48b6-95bf-940a25ccd1dd	239
5e7e0b8c-ccc5-48b6-95bf-940a25ccd1dd	240
5e7e0b8c-ccc5-48b6-95bf-940a25ccd1dd	241
5e7e0b8c-ccc5-48b6-95bf-940a25ccd1dd	156
5e7e0b8c-ccc5-48b6-95bf-940a25ccd1dd	157
5e7e0b8c-ccc5-48b6-95bf-940a25ccd1dd	242
5e7e0b8c-ccc5-48b6-95bf-940a25ccd1dd	243
5e7e0b8c-ccc5-48b6-95bf-940a25ccd1dd	272
5e7e0b8c-ccc5-48b6-95bf-940a25ccd1dd	244
5e7e0b8c-ccc5-48b6-95bf-940a25ccd1dd	138
5e7e0b8c-ccc5-48b6-95bf-940a25ccd1dd	152
5e7e0b8c-ccc5-48b6-95bf-940a25ccd1dd	150
3ab86878-36b5-460f-b898-b3a2579a70c8	151
3ab86878-36b5-460f-b898-b3a2579a70c8	162
3ab86878-36b5-460f-b898-b3a2579a70c8	154
3ab86878-36b5-460f-b898-b3a2579a70c8	131
3ab86878-36b5-460f-b898-b3a2579a70c8	228
3ab86878-36b5-460f-b898-b3a2579a70c8	229
3ab86878-36b5-460f-b898-b3a2579a70c8	230
3ab86878-36b5-460f-b898-b3a2579a70c8	231
3ab86878-36b5-460f-b898-b3a2579a70c8	158
3ab86878-36b5-460f-b898-b3a2579a70c8	159
3ab86878-36b5-460f-b898-b3a2579a70c8	161
3ab86878-36b5-460f-b898-b3a2579a70c8	203
3ab86878-36b5-460f-b898-b3a2579a70c8	232
3ab86878-36b5-460f-b898-b3a2579a70c8	273
3ab86878-36b5-460f-b898-b3a2579a70c8	143
3ab86878-36b5-460f-b898-b3a2579a70c8	141
3ab86878-36b5-460f-b898-b3a2579a70c8	142
3ab86878-36b5-460f-b898-b3a2579a70c8	233
3ab86878-36b5-460f-b898-b3a2579a70c8	234
3ab86878-36b5-460f-b898-b3a2579a70c8	134
3ab86878-36b5-460f-b898-b3a2579a70c8	146
3ab86878-36b5-460f-b898-b3a2579a70c8	133
3ab86878-36b5-460f-b898-b3a2579a70c8	235
3ab86878-36b5-460f-b898-b3a2579a70c8	147
3ab86878-36b5-460f-b898-b3a2579a70c8	236
3ab86878-36b5-460f-b898-b3a2579a70c8	237
3ab86878-36b5-460f-b898-b3a2579a70c8	153
3ab86878-36b5-460f-b898-b3a2579a70c8	238
3ab86878-36b5-460f-b898-b3a2579a70c8	239
3ab86878-36b5-460f-b898-b3a2579a70c8	240
3ab86878-36b5-460f-b898-b3a2579a70c8	241
3ab86878-36b5-460f-b898-b3a2579a70c8	156
3ab86878-36b5-460f-b898-b3a2579a70c8	157
313cf46f-dba0-4e4c-855c-ff5ef4db08a6	151
313cf46f-dba0-4e4c-855c-ff5ef4db08a6	162
313cf46f-dba0-4e4c-855c-ff5ef4db08a6	154
313cf46f-dba0-4e4c-855c-ff5ef4db08a6	131
313cf46f-dba0-4e4c-855c-ff5ef4db08a6	228
313cf46f-dba0-4e4c-855c-ff5ef4db08a6	229
313cf46f-dba0-4e4c-855c-ff5ef4db08a6	230
313cf46f-dba0-4e4c-855c-ff5ef4db08a6	231
313cf46f-dba0-4e4c-855c-ff5ef4db08a6	158
313cf46f-dba0-4e4c-855c-ff5ef4db08a6	159
313cf46f-dba0-4e4c-855c-ff5ef4db08a6	161
313cf46f-dba0-4e4c-855c-ff5ef4db08a6	203
313cf46f-dba0-4e4c-855c-ff5ef4db08a6	232
313cf46f-dba0-4e4c-855c-ff5ef4db08a6	273
313cf46f-dba0-4e4c-855c-ff5ef4db08a6	143
313cf46f-dba0-4e4c-855c-ff5ef4db08a6	141
313cf46f-dba0-4e4c-855c-ff5ef4db08a6	142
313cf46f-dba0-4e4c-855c-ff5ef4db08a6	233
313cf46f-dba0-4e4c-855c-ff5ef4db08a6	234
313cf46f-dba0-4e4c-855c-ff5ef4db08a6	134
313cf46f-dba0-4e4c-855c-ff5ef4db08a6	146
313cf46f-dba0-4e4c-855c-ff5ef4db08a6	133
313cf46f-dba0-4e4c-855c-ff5ef4db08a6	235
313cf46f-dba0-4e4c-855c-ff5ef4db08a6	147
313cf46f-dba0-4e4c-855c-ff5ef4db08a6	236
313cf46f-dba0-4e4c-855c-ff5ef4db08a6	237
313cf46f-dba0-4e4c-855c-ff5ef4db08a6	153
313cf46f-dba0-4e4c-855c-ff5ef4db08a6	238
313cf46f-dba0-4e4c-855c-ff5ef4db08a6	239
313cf46f-dba0-4e4c-855c-ff5ef4db08a6	240
313cf46f-dba0-4e4c-855c-ff5ef4db08a6	241
313cf46f-dba0-4e4c-855c-ff5ef4db08a6	156
313cf46f-dba0-4e4c-855c-ff5ef4db08a6	157
313cf46f-dba0-4e4c-855c-ff5ef4db08a6	242
313cf46f-dba0-4e4c-855c-ff5ef4db08a6	243
313cf46f-dba0-4e4c-855c-ff5ef4db08a6	272
313cf46f-dba0-4e4c-855c-ff5ef4db08a6	244
313cf46f-dba0-4e4c-855c-ff5ef4db08a6	138
313cf46f-dba0-4e4c-855c-ff5ef4db08a6	152
313cf46f-dba0-4e4c-855c-ff5ef4db08a6	150
313cf46f-dba0-4e4c-855c-ff5ef4db08a6	200
313cf46f-dba0-4e4c-855c-ff5ef4db08a6	245
ec562f72-f48f-46b7-a65e-ca76f66ac1e4	251
ec562f72-f48f-46b7-a65e-ca76f66ac1e4	252
ec562f72-f48f-46b7-a65e-ca76f66ac1e4	253
ec562f72-f48f-46b7-a65e-ca76f66ac1e4	213
ec562f72-f48f-46b7-a65e-ca76f66ac1e4	214
ec562f72-f48f-46b7-a65e-ca76f66ac1e4	215
ec562f72-f48f-46b7-a65e-ca76f66ac1e4	216
ec562f72-f48f-46b7-a65e-ca76f66ac1e4	217
ec562f72-f48f-46b7-a65e-ca76f66ac1e4	218
ec562f72-f48f-46b7-a65e-ca76f66ac1e4	219
ec562f72-f48f-46b7-a65e-ca76f66ac1e4	220
ec562f72-f48f-46b7-a65e-ca76f66ac1e4	221
ec562f72-f48f-46b7-a65e-ca76f66ac1e4	222
ec562f72-f48f-46b7-a65e-ca76f66ac1e4	223
ec562f72-f48f-46b7-a65e-ca76f66ac1e4	224
ec562f72-f48f-46b7-a65e-ca76f66ac1e4	225
ec562f72-f48f-46b7-a65e-ca76f66ac1e4	226
ec562f72-f48f-46b7-a65e-ca76f66ac1e4	271
ec562f72-f48f-46b7-a65e-ca76f66ac1e4	160
ec562f72-f48f-46b7-a65e-ca76f66ac1e4	227
ec562f72-f48f-46b7-a65e-ca76f66ac1e4	149
ec562f72-f48f-46b7-a65e-ca76f66ac1e4	130
ec562f72-f48f-46b7-a65e-ca76f66ac1e4	151
ec562f72-f48f-46b7-a65e-ca76f66ac1e4	162
ec562f72-f48f-46b7-a65e-ca76f66ac1e4	154
ec562f72-f48f-46b7-a65e-ca76f66ac1e4	131
ec562f72-f48f-46b7-a65e-ca76f66ac1e4	228
ec562f72-f48f-46b7-a65e-ca76f66ac1e4	229
ec562f72-f48f-46b7-a65e-ca76f66ac1e4	230
ec562f72-f48f-46b7-a65e-ca76f66ac1e4	231
ec562f72-f48f-46b7-a65e-ca76f66ac1e4	158
ec562f72-f48f-46b7-a65e-ca76f66ac1e4	159
ec562f72-f48f-46b7-a65e-ca76f66ac1e4	161
ec562f72-f48f-46b7-a65e-ca76f66ac1e4	203
ec562f72-f48f-46b7-a65e-ca76f66ac1e4	232
ec562f72-f48f-46b7-a65e-ca76f66ac1e4	273
ec562f72-f48f-46b7-a65e-ca76f66ac1e4	234
ec562f72-f48f-46b7-a65e-ca76f66ac1e4	134
72afe6f3-2973-4839-a9f2-868a8d19ff03	228
72afe6f3-2973-4839-a9f2-868a8d19ff03	229
72afe6f3-2973-4839-a9f2-868a8d19ff03	230
72afe6f3-2973-4839-a9f2-868a8d19ff03	231
72afe6f3-2973-4839-a9f2-868a8d19ff03	158
72afe6f3-2973-4839-a9f2-868a8d19ff03	159
72afe6f3-2973-4839-a9f2-868a8d19ff03	161
72afe6f3-2973-4839-a9f2-868a8d19ff03	203
72afe6f3-2973-4839-a9f2-868a8d19ff03	232
72afe6f3-2973-4839-a9f2-868a8d19ff03	273
72afe6f3-2973-4839-a9f2-868a8d19ff03	143
72afe6f3-2973-4839-a9f2-868a8d19ff03	141
72afe6f3-2973-4839-a9f2-868a8d19ff03	142
72afe6f3-2973-4839-a9f2-868a8d19ff03	233
72afe6f3-2973-4839-a9f2-868a8d19ff03	234
72afe6f3-2973-4839-a9f2-868a8d19ff03	134
72afe6f3-2973-4839-a9f2-868a8d19ff03	146
72afe6f3-2973-4839-a9f2-868a8d19ff03	133
72afe6f3-2973-4839-a9f2-868a8d19ff03	235
72afe6f3-2973-4839-a9f2-868a8d19ff03	147
72afe6f3-2973-4839-a9f2-868a8d19ff03	236
72afe6f3-2973-4839-a9f2-868a8d19ff03	237
72afe6f3-2973-4839-a9f2-868a8d19ff03	153
72afe6f3-2973-4839-a9f2-868a8d19ff03	238
72afe6f3-2973-4839-a9f2-868a8d19ff03	239
72afe6f3-2973-4839-a9f2-868a8d19ff03	240
72afe6f3-2973-4839-a9f2-868a8d19ff03	241
72afe6f3-2973-4839-a9f2-868a8d19ff03	156
72afe6f3-2973-4839-a9f2-868a8d19ff03	157
72afe6f3-2973-4839-a9f2-868a8d19ff03	242
72afe6f3-2973-4839-a9f2-868a8d19ff03	243
72afe6f3-2973-4839-a9f2-868a8d19ff03	272
72afe6f3-2973-4839-a9f2-868a8d19ff03	244
72afe6f3-2973-4839-a9f2-868a8d19ff03	138
72afe6f3-2973-4839-a9f2-868a8d19ff03	152
72afe6f3-2973-4839-a9f2-868a8d19ff03	150
72afe6f3-2973-4839-a9f2-868a8d19ff03	200
72afe6f3-2973-4839-a9f2-868a8d19ff03	245
72afe6f3-2973-4839-a9f2-868a8d19ff03	137
72afe6f3-2973-4839-a9f2-868a8d19ff03	145
72afe6f3-2973-4839-a9f2-868a8d19ff03	246
72afe6f3-2973-4839-a9f2-868a8d19ff03	247
72afe6f3-2973-4839-a9f2-868a8d19ff03	144
72afe6f3-2973-4839-a9f2-868a8d19ff03	135
72afe6f3-2973-4839-a9f2-868a8d19ff03	155
caf5bbf7-262f-44fa-a356-b93f192b81b4	216
caf5bbf7-262f-44fa-a356-b93f192b81b4	217
caf5bbf7-262f-44fa-a356-b93f192b81b4	218
caf5bbf7-262f-44fa-a356-b93f192b81b4	219
caf5bbf7-262f-44fa-a356-b93f192b81b4	220
caf5bbf7-262f-44fa-a356-b93f192b81b4	221
caf5bbf7-262f-44fa-a356-b93f192b81b4	222
caf5bbf7-262f-44fa-a356-b93f192b81b4	223
caf5bbf7-262f-44fa-a356-b93f192b81b4	224
caf5bbf7-262f-44fa-a356-b93f192b81b4	225
caf5bbf7-262f-44fa-a356-b93f192b81b4	226
caf5bbf7-262f-44fa-a356-b93f192b81b4	271
caf5bbf7-262f-44fa-a356-b93f192b81b4	132
caf5bbf7-262f-44fa-a356-b93f192b81b4	140
caf5bbf7-262f-44fa-a356-b93f192b81b4	139
caf5bbf7-262f-44fa-a356-b93f192b81b4	136
caf5bbf7-262f-44fa-a356-b93f192b81b4	160
caf5bbf7-262f-44fa-a356-b93f192b81b4	227
caf5bbf7-262f-44fa-a356-b93f192b81b4	149
caf5bbf7-262f-44fa-a356-b93f192b81b4	130
caf5bbf7-262f-44fa-a356-b93f192b81b4	151
caf5bbf7-262f-44fa-a356-b93f192b81b4	162
caf5bbf7-262f-44fa-a356-b93f192b81b4	154
caf5bbf7-262f-44fa-a356-b93f192b81b4	131
caf5bbf7-262f-44fa-a356-b93f192b81b4	228
caf5bbf7-262f-44fa-a356-b93f192b81b4	229
caf5bbf7-262f-44fa-a356-b93f192b81b4	230
caf5bbf7-262f-44fa-a356-b93f192b81b4	231
caf5bbf7-262f-44fa-a356-b93f192b81b4	158
caf5bbf7-262f-44fa-a356-b93f192b81b4	159
caf5bbf7-262f-44fa-a356-b93f192b81b4	161
caf5bbf7-262f-44fa-a356-b93f192b81b4	203
caf5bbf7-262f-44fa-a356-b93f192b81b4	232
caf5bbf7-262f-44fa-a356-b93f192b81b4	273
caf5bbf7-262f-44fa-a356-b93f192b81b4	143
caf5bbf7-262f-44fa-a356-b93f192b81b4	141
caf5bbf7-262f-44fa-a356-b93f192b81b4	142
caf5bbf7-262f-44fa-a356-b93f192b81b4	233
caf5bbf7-262f-44fa-a356-b93f192b81b4	234
caf5bbf7-262f-44fa-a356-b93f192b81b4	134
caf5bbf7-262f-44fa-a356-b93f192b81b4	146
caf5bbf7-262f-44fa-a356-b93f192b81b4	133
caf5bbf7-262f-44fa-a356-b93f192b81b4	235
caf5bbf7-262f-44fa-a356-b93f192b81b4	147
caf5bbf7-262f-44fa-a356-b93f192b81b4	236
caf5bbf7-262f-44fa-a356-b93f192b81b4	237
caf5bbf7-262f-44fa-a356-b93f192b81b4	153
caf5bbf7-262f-44fa-a356-b93f192b81b4	238
caf5bbf7-262f-44fa-a356-b93f192b81b4	239
caf5bbf7-262f-44fa-a356-b93f192b81b4	240
caf5bbf7-262f-44fa-a356-b93f192b81b4	241
caf5bbf7-262f-44fa-a356-b93f192b81b4	156
caf5bbf7-262f-44fa-a356-b93f192b81b4	157
caf5bbf7-262f-44fa-a356-b93f192b81b4	242
caf5bbf7-262f-44fa-a356-b93f192b81b4	243
caf5bbf7-262f-44fa-a356-b93f192b81b4	272
caf5bbf7-262f-44fa-a356-b93f192b81b4	244
caf5bbf7-262f-44fa-a356-b93f192b81b4	138
caf5bbf7-262f-44fa-a356-b93f192b81b4	152
caf5bbf7-262f-44fa-a356-b93f192b81b4	150
caf5bbf7-262f-44fa-a356-b93f192b81b4	200
caf5bbf7-262f-44fa-a356-b93f192b81b4	245
caf5bbf7-262f-44fa-a356-b93f192b81b4	137
caf5bbf7-262f-44fa-a356-b93f192b81b4	145
caf5bbf7-262f-44fa-a356-b93f192b81b4	246
caf5bbf7-262f-44fa-a356-b93f192b81b4	247
caf5bbf7-262f-44fa-a356-b93f192b81b4	144
caf5bbf7-262f-44fa-a356-b93f192b81b4	135
caf5bbf7-262f-44fa-a356-b93f192b81b4	155
caf5bbf7-262f-44fa-a356-b93f192b81b4	148
caf5bbf7-262f-44fa-a356-b93f192b81b4	254
caf5bbf7-262f-44fa-a356-b93f192b81b4	255
caf5bbf7-262f-44fa-a356-b93f192b81b4	256
caf5bbf7-262f-44fa-a356-b93f192b81b4	257
caf5bbf7-262f-44fa-a356-b93f192b81b4	258
caf5bbf7-262f-44fa-a356-b93f192b81b4	259
caf5bbf7-262f-44fa-a356-b93f192b81b4	260
caf5bbf7-262f-44fa-a356-b93f192b81b4	274
caf5bbf7-262f-44fa-a356-b93f192b81b4	261
caf5bbf7-262f-44fa-a356-b93f192b81b4	262
caf5bbf7-262f-44fa-a356-b93f192b81b4	263
caf5bbf7-262f-44fa-a356-b93f192b81b4	264
62df3a66-0d80-4162-a0e3-2f61d942572c	131
62df3a66-0d80-4162-a0e3-2f61d942572c	228
62df3a66-0d80-4162-a0e3-2f61d942572c	229
62df3a66-0d80-4162-a0e3-2f61d942572c	230
62df3a66-0d80-4162-a0e3-2f61d942572c	231
62df3a66-0d80-4162-a0e3-2f61d942572c	158
62df3a66-0d80-4162-a0e3-2f61d942572c	159
62df3a66-0d80-4162-a0e3-2f61d942572c	161
62df3a66-0d80-4162-a0e3-2f61d942572c	203
62df3a66-0d80-4162-a0e3-2f61d942572c	232
62df3a66-0d80-4162-a0e3-2f61d942572c	273
62df3a66-0d80-4162-a0e3-2f61d942572c	143
62df3a66-0d80-4162-a0e3-2f61d942572c	141
62df3a66-0d80-4162-a0e3-2f61d942572c	142
62df3a66-0d80-4162-a0e3-2f61d942572c	233
62df3a66-0d80-4162-a0e3-2f61d942572c	234
62df3a66-0d80-4162-a0e3-2f61d942572c	134
62df3a66-0d80-4162-a0e3-2f61d942572c	146
62df3a66-0d80-4162-a0e3-2f61d942572c	133
62df3a66-0d80-4162-a0e3-2f61d942572c	235
62df3a66-0d80-4162-a0e3-2f61d942572c	147
62df3a66-0d80-4162-a0e3-2f61d942572c	236
62df3a66-0d80-4162-a0e3-2f61d942572c	237
62df3a66-0d80-4162-a0e3-2f61d942572c	153
62df3a66-0d80-4162-a0e3-2f61d942572c	238
62df3a66-0d80-4162-a0e3-2f61d942572c	239
62df3a66-0d80-4162-a0e3-2f61d942572c	240
62df3a66-0d80-4162-a0e3-2f61d942572c	241
62df3a66-0d80-4162-a0e3-2f61d942572c	156
62df3a66-0d80-4162-a0e3-2f61d942572c	157
ec562f72-f48f-46b7-a65e-ca76f66ac1e4	146
ec562f72-f48f-46b7-a65e-ca76f66ac1e4	133
ec562f72-f48f-46b7-a65e-ca76f66ac1e4	235
ec562f72-f48f-46b7-a65e-ca76f66ac1e4	147
ec562f72-f48f-46b7-a65e-ca76f66ac1e4	236
ec562f72-f48f-46b7-a65e-ca76f66ac1e4	237
ec562f72-f48f-46b7-a65e-ca76f66ac1e4	153
ec562f72-f48f-46b7-a65e-ca76f66ac1e4	238
ec562f72-f48f-46b7-a65e-ca76f66ac1e4	239
ec562f72-f48f-46b7-a65e-ca76f66ac1e4	240
ec562f72-f48f-46b7-a65e-ca76f66ac1e4	241
ec562f72-f48f-46b7-a65e-ca76f66ac1e4	156
ec562f72-f48f-46b7-a65e-ca76f66ac1e4	157
ec562f72-f48f-46b7-a65e-ca76f66ac1e4	242
ec562f72-f48f-46b7-a65e-ca76f66ac1e4	243
ec562f72-f48f-46b7-a65e-ca76f66ac1e4	272
ec562f72-f48f-46b7-a65e-ca76f66ac1e4	200
ec562f72-f48f-46b7-a65e-ca76f66ac1e4	245
ec562f72-f48f-46b7-a65e-ca76f66ac1e4	137
ec562f72-f48f-46b7-a65e-ca76f66ac1e4	145
ec562f72-f48f-46b7-a65e-ca76f66ac1e4	246
ec562f72-f48f-46b7-a65e-ca76f66ac1e4	247
ec562f72-f48f-46b7-a65e-ca76f66ac1e4	144
ec562f72-f48f-46b7-a65e-ca76f66ac1e4	135
16437cac-04c8-4782-b574-d52d922e88ba	154
16437cac-04c8-4782-b574-d52d922e88ba	131
16437cac-04c8-4782-b574-d52d922e88ba	228
16437cac-04c8-4782-b574-d52d922e88ba	229
16437cac-04c8-4782-b574-d52d922e88ba	230
16437cac-04c8-4782-b574-d52d922e88ba	231
16437cac-04c8-4782-b574-d52d922e88ba	158
16437cac-04c8-4782-b574-d52d922e88ba	159
16437cac-04c8-4782-b574-d52d922e88ba	161
16437cac-04c8-4782-b574-d52d922e88ba	203
16437cac-04c8-4782-b574-d52d922e88ba	232
16437cac-04c8-4782-b574-d52d922e88ba	273
16437cac-04c8-4782-b574-d52d922e88ba	143
16437cac-04c8-4782-b574-d52d922e88ba	141
16437cac-04c8-4782-b574-d52d922e88ba	142
16437cac-04c8-4782-b574-d52d922e88ba	233
16437cac-04c8-4782-b574-d52d922e88ba	234
16437cac-04c8-4782-b574-d52d922e88ba	134
16437cac-04c8-4782-b574-d52d922e88ba	146
16437cac-04c8-4782-b574-d52d922e88ba	133
16437cac-04c8-4782-b574-d52d922e88ba	235
16437cac-04c8-4782-b574-d52d922e88ba	147
16437cac-04c8-4782-b574-d52d922e88ba	236
16437cac-04c8-4782-b574-d52d922e88ba	237
16437cac-04c8-4782-b574-d52d922e88ba	153
16437cac-04c8-4782-b574-d52d922e88ba	238
16437cac-04c8-4782-b574-d52d922e88ba	239
16437cac-04c8-4782-b574-d52d922e88ba	240
16437cac-04c8-4782-b574-d52d922e88ba	241
16437cac-04c8-4782-b574-d52d922e88ba	156
16437cac-04c8-4782-b574-d52d922e88ba	157
16437cac-04c8-4782-b574-d52d922e88ba	242
16437cac-04c8-4782-b574-d52d922e88ba	243
16437cac-04c8-4782-b574-d52d922e88ba	272
16437cac-04c8-4782-b574-d52d922e88ba	244
16437cac-04c8-4782-b574-d52d922e88ba	138
16437cac-04c8-4782-b574-d52d922e88ba	152
16437cac-04c8-4782-b574-d52d922e88ba	150
16437cac-04c8-4782-b574-d52d922e88ba	200
16437cac-04c8-4782-b574-d52d922e88ba	245
6ef0cfaf-d8e3-4d88-bed7-517dcacaf8e8	162
6ef0cfaf-d8e3-4d88-bed7-517dcacaf8e8	154
6ef0cfaf-d8e3-4d88-bed7-517dcacaf8e8	131
6ef0cfaf-d8e3-4d88-bed7-517dcacaf8e8	228
6ef0cfaf-d8e3-4d88-bed7-517dcacaf8e8	229
6ef0cfaf-d8e3-4d88-bed7-517dcacaf8e8	230
6ef0cfaf-d8e3-4d88-bed7-517dcacaf8e8	231
6ef0cfaf-d8e3-4d88-bed7-517dcacaf8e8	158
6ef0cfaf-d8e3-4d88-bed7-517dcacaf8e8	159
6ef0cfaf-d8e3-4d88-bed7-517dcacaf8e8	161
6ef0cfaf-d8e3-4d88-bed7-517dcacaf8e8	203
6ef0cfaf-d8e3-4d88-bed7-517dcacaf8e8	232
6ef0cfaf-d8e3-4d88-bed7-517dcacaf8e8	273
6ef0cfaf-d8e3-4d88-bed7-517dcacaf8e8	143
6ef0cfaf-d8e3-4d88-bed7-517dcacaf8e8	141
6ef0cfaf-d8e3-4d88-bed7-517dcacaf8e8	142
6ef0cfaf-d8e3-4d88-bed7-517dcacaf8e8	233
6ef0cfaf-d8e3-4d88-bed7-517dcacaf8e8	234
6ef0cfaf-d8e3-4d88-bed7-517dcacaf8e8	134
6ef0cfaf-d8e3-4d88-bed7-517dcacaf8e8	146
6ef0cfaf-d8e3-4d88-bed7-517dcacaf8e8	133
6ef0cfaf-d8e3-4d88-bed7-517dcacaf8e8	235
6ef0cfaf-d8e3-4d88-bed7-517dcacaf8e8	147
6ef0cfaf-d8e3-4d88-bed7-517dcacaf8e8	236
6ef0cfaf-d8e3-4d88-bed7-517dcacaf8e8	237
6ef0cfaf-d8e3-4d88-bed7-517dcacaf8e8	153
6ef0cfaf-d8e3-4d88-bed7-517dcacaf8e8	238
6ef0cfaf-d8e3-4d88-bed7-517dcacaf8e8	239
6ef0cfaf-d8e3-4d88-bed7-517dcacaf8e8	240
6ef0cfaf-d8e3-4d88-bed7-517dcacaf8e8	241
6ef0cfaf-d8e3-4d88-bed7-517dcacaf8e8	156
6ef0cfaf-d8e3-4d88-bed7-517dcacaf8e8	157
6ef0cfaf-d8e3-4d88-bed7-517dcacaf8e8	242
6ef0cfaf-d8e3-4d88-bed7-517dcacaf8e8	243
6ef0cfaf-d8e3-4d88-bed7-517dcacaf8e8	272
6ef0cfaf-d8e3-4d88-bed7-517dcacaf8e8	244
6ef0cfaf-d8e3-4d88-bed7-517dcacaf8e8	138
6ef0cfaf-d8e3-4d88-bed7-517dcacaf8e8	152
6ef0cfaf-d8e3-4d88-bed7-517dcacaf8e8	150
6ef0cfaf-d8e3-4d88-bed7-517dcacaf8e8	200
6ef0cfaf-d8e3-4d88-bed7-517dcacaf8e8	245
6ef0cfaf-d8e3-4d88-bed7-517dcacaf8e8	137
6ef0cfaf-d8e3-4d88-bed7-517dcacaf8e8	145
6ef0cfaf-d8e3-4d88-bed7-517dcacaf8e8	246
05ada3d9-a594-4fd4-85da-785c99bab253	140
05ada3d9-a594-4fd4-85da-785c99bab253	139
05ada3d9-a594-4fd4-85da-785c99bab253	136
05ada3d9-a594-4fd4-85da-785c99bab253	160
05ada3d9-a594-4fd4-85da-785c99bab253	227
05ada3d9-a594-4fd4-85da-785c99bab253	149
05ada3d9-a594-4fd4-85da-785c99bab253	130
05ada3d9-a594-4fd4-85da-785c99bab253	151
05ada3d9-a594-4fd4-85da-785c99bab253	162
05ada3d9-a594-4fd4-85da-785c99bab253	154
05ada3d9-a594-4fd4-85da-785c99bab253	131
05ada3d9-a594-4fd4-85da-785c99bab253	228
05ada3d9-a594-4fd4-85da-785c99bab253	229
05ada3d9-a594-4fd4-85da-785c99bab253	230
05ada3d9-a594-4fd4-85da-785c99bab253	231
05ada3d9-a594-4fd4-85da-785c99bab253	158
05ada3d9-a594-4fd4-85da-785c99bab253	159
05ada3d9-a594-4fd4-85da-785c99bab253	161
05ada3d9-a594-4fd4-85da-785c99bab253	203
05ada3d9-a594-4fd4-85da-785c99bab253	232
05ada3d9-a594-4fd4-85da-785c99bab253	273
05ada3d9-a594-4fd4-85da-785c99bab253	143
05ada3d9-a594-4fd4-85da-785c99bab253	141
05ada3d9-a594-4fd4-85da-785c99bab253	142
05ada3d9-a594-4fd4-85da-785c99bab253	233
05ada3d9-a594-4fd4-85da-785c99bab253	234
05ada3d9-a594-4fd4-85da-785c99bab253	134
05ada3d9-a594-4fd4-85da-785c99bab253	146
05ada3d9-a594-4fd4-85da-785c99bab253	133
05ada3d9-a594-4fd4-85da-785c99bab253	235
05ada3d9-a594-4fd4-85da-785c99bab253	147
05ada3d9-a594-4fd4-85da-785c99bab253	236
05ada3d9-a594-4fd4-85da-785c99bab253	237
05ada3d9-a594-4fd4-85da-785c99bab253	153
05ada3d9-a594-4fd4-85da-785c99bab253	238
05ada3d9-a594-4fd4-85da-785c99bab253	239
05ada3d9-a594-4fd4-85da-785c99bab253	240
8c90d2d0-ad13-42bc-8807-a8597cb7a42c	131
8c90d2d0-ad13-42bc-8807-a8597cb7a42c	228
8c90d2d0-ad13-42bc-8807-a8597cb7a42c	229
8c90d2d0-ad13-42bc-8807-a8597cb7a42c	230
8c90d2d0-ad13-42bc-8807-a8597cb7a42c	231
8c90d2d0-ad13-42bc-8807-a8597cb7a42c	158
8c90d2d0-ad13-42bc-8807-a8597cb7a42c	159
8c90d2d0-ad13-42bc-8807-a8597cb7a42c	161
8c90d2d0-ad13-42bc-8807-a8597cb7a42c	203
8c90d2d0-ad13-42bc-8807-a8597cb7a42c	232
8c90d2d0-ad13-42bc-8807-a8597cb7a42c	273
8c90d2d0-ad13-42bc-8807-a8597cb7a42c	143
62df3a66-0d80-4162-a0e3-2f61d942572c	242
62df3a66-0d80-4162-a0e3-2f61d942572c	243
62df3a66-0d80-4162-a0e3-2f61d942572c	272
62df3a66-0d80-4162-a0e3-2f61d942572c	244
62df3a66-0d80-4162-a0e3-2f61d942572c	138
62df3a66-0d80-4162-a0e3-2f61d942572c	152
62df3a66-0d80-4162-a0e3-2f61d942572c	150
62df3a66-0d80-4162-a0e3-2f61d942572c	200
62df3a66-0d80-4162-a0e3-2f61d942572c	245
62df3a66-0d80-4162-a0e3-2f61d942572c	137
62df3a66-0d80-4162-a0e3-2f61d942572c	145
62df3a66-0d80-4162-a0e3-2f61d942572c	246
62df3a66-0d80-4162-a0e3-2f61d942572c	247
62df3a66-0d80-4162-a0e3-2f61d942572c	144
62df3a66-0d80-4162-a0e3-2f61d942572c	135
62df3a66-0d80-4162-a0e3-2f61d942572c	155
62df3a66-0d80-4162-a0e3-2f61d942572c	148
62df3a66-0d80-4162-a0e3-2f61d942572c	254
62df3a66-0d80-4162-a0e3-2f61d942572c	255
62df3a66-0d80-4162-a0e3-2f61d942572c	256
62df3a66-0d80-4162-a0e3-2f61d942572c	257
62df3a66-0d80-4162-a0e3-2f61d942572c	258
62df3a66-0d80-4162-a0e3-2f61d942572c	259
62df3a66-0d80-4162-a0e3-2f61d942572c	260
62df3a66-0d80-4162-a0e3-2f61d942572c	274
7573745b-b9ee-4067-b6b4-1185ca49264f	162
7573745b-b9ee-4067-b6b4-1185ca49264f	154
7573745b-b9ee-4067-b6b4-1185ca49264f	131
7573745b-b9ee-4067-b6b4-1185ca49264f	228
7573745b-b9ee-4067-b6b4-1185ca49264f	229
7573745b-b9ee-4067-b6b4-1185ca49264f	230
7573745b-b9ee-4067-b6b4-1185ca49264f	231
7573745b-b9ee-4067-b6b4-1185ca49264f	158
7573745b-b9ee-4067-b6b4-1185ca49264f	159
7573745b-b9ee-4067-b6b4-1185ca49264f	161
7573745b-b9ee-4067-b6b4-1185ca49264f	203
7573745b-b9ee-4067-b6b4-1185ca49264f	232
7573745b-b9ee-4067-b6b4-1185ca49264f	273
7573745b-b9ee-4067-b6b4-1185ca49264f	143
7573745b-b9ee-4067-b6b4-1185ca49264f	141
7573745b-b9ee-4067-b6b4-1185ca49264f	142
7573745b-b9ee-4067-b6b4-1185ca49264f	233
7573745b-b9ee-4067-b6b4-1185ca49264f	234
7573745b-b9ee-4067-b6b4-1185ca49264f	134
7573745b-b9ee-4067-b6b4-1185ca49264f	146
7573745b-b9ee-4067-b6b4-1185ca49264f	133
7573745b-b9ee-4067-b6b4-1185ca49264f	235
7573745b-b9ee-4067-b6b4-1185ca49264f	147
7573745b-b9ee-4067-b6b4-1185ca49264f	236
7573745b-b9ee-4067-b6b4-1185ca49264f	237
7573745b-b9ee-4067-b6b4-1185ca49264f	153
7573745b-b9ee-4067-b6b4-1185ca49264f	238
7573745b-b9ee-4067-b6b4-1185ca49264f	239
7573745b-b9ee-4067-b6b4-1185ca49264f	240
7573745b-b9ee-4067-b6b4-1185ca49264f	241
7573745b-b9ee-4067-b6b4-1185ca49264f	156
7573745b-b9ee-4067-b6b4-1185ca49264f	157
7573745b-b9ee-4067-b6b4-1185ca49264f	242
7573745b-b9ee-4067-b6b4-1185ca49264f	243
7573745b-b9ee-4067-b6b4-1185ca49264f	272
7573745b-b9ee-4067-b6b4-1185ca49264f	244
7573745b-b9ee-4067-b6b4-1185ca49264f	138
7573745b-b9ee-4067-b6b4-1185ca49264f	152
7573745b-b9ee-4067-b6b4-1185ca49264f	150
7573745b-b9ee-4067-b6b4-1185ca49264f	200
7573745b-b9ee-4067-b6b4-1185ca49264f	245
7573745b-b9ee-4067-b6b4-1185ca49264f	137
7573745b-b9ee-4067-b6b4-1185ca49264f	145
7573745b-b9ee-4067-b6b4-1185ca49264f	246
7573745b-b9ee-4067-b6b4-1185ca49264f	247
7573745b-b9ee-4067-b6b4-1185ca49264f	144
7573745b-b9ee-4067-b6b4-1185ca49264f	135
7573745b-b9ee-4067-b6b4-1185ca49264f	155
7573745b-b9ee-4067-b6b4-1185ca49264f	148
7573745b-b9ee-4067-b6b4-1185ca49264f	254
7573745b-b9ee-4067-b6b4-1185ca49264f	255
7573745b-b9ee-4067-b6b4-1185ca49264f	256
7573745b-b9ee-4067-b6b4-1185ca49264f	257
793e6f29-46ef-4d5a-b82a-bef2e0262c7a	154
793e6f29-46ef-4d5a-b82a-bef2e0262c7a	131
793e6f29-46ef-4d5a-b82a-bef2e0262c7a	228
793e6f29-46ef-4d5a-b82a-bef2e0262c7a	229
793e6f29-46ef-4d5a-b82a-bef2e0262c7a	230
793e6f29-46ef-4d5a-b82a-bef2e0262c7a	231
793e6f29-46ef-4d5a-b82a-bef2e0262c7a	158
793e6f29-46ef-4d5a-b82a-bef2e0262c7a	159
793e6f29-46ef-4d5a-b82a-bef2e0262c7a	161
793e6f29-46ef-4d5a-b82a-bef2e0262c7a	203
793e6f29-46ef-4d5a-b82a-bef2e0262c7a	232
793e6f29-46ef-4d5a-b82a-bef2e0262c7a	273
793e6f29-46ef-4d5a-b82a-bef2e0262c7a	143
793e6f29-46ef-4d5a-b82a-bef2e0262c7a	141
793e6f29-46ef-4d5a-b82a-bef2e0262c7a	142
793e6f29-46ef-4d5a-b82a-bef2e0262c7a	233
793e6f29-46ef-4d5a-b82a-bef2e0262c7a	234
793e6f29-46ef-4d5a-b82a-bef2e0262c7a	134
793e6f29-46ef-4d5a-b82a-bef2e0262c7a	146
793e6f29-46ef-4d5a-b82a-bef2e0262c7a	133
793e6f29-46ef-4d5a-b82a-bef2e0262c7a	235
793e6f29-46ef-4d5a-b82a-bef2e0262c7a	147
793e6f29-46ef-4d5a-b82a-bef2e0262c7a	236
793e6f29-46ef-4d5a-b82a-bef2e0262c7a	237
793e6f29-46ef-4d5a-b82a-bef2e0262c7a	153
793e6f29-46ef-4d5a-b82a-bef2e0262c7a	238
793e6f29-46ef-4d5a-b82a-bef2e0262c7a	239
793e6f29-46ef-4d5a-b82a-bef2e0262c7a	240
793e6f29-46ef-4d5a-b82a-bef2e0262c7a	241
793e6f29-46ef-4d5a-b82a-bef2e0262c7a	156
793e6f29-46ef-4d5a-b82a-bef2e0262c7a	157
793e6f29-46ef-4d5a-b82a-bef2e0262c7a	242
793e6f29-46ef-4d5a-b82a-bef2e0262c7a	243
793e6f29-46ef-4d5a-b82a-bef2e0262c7a	272
793e6f29-46ef-4d5a-b82a-bef2e0262c7a	244
793e6f29-46ef-4d5a-b82a-bef2e0262c7a	138
793e6f29-46ef-4d5a-b82a-bef2e0262c7a	152
793e6f29-46ef-4d5a-b82a-bef2e0262c7a	150
8f2c47c7-37c8-4a3a-b340-ef6d635f2254	248
8f2c47c7-37c8-4a3a-b340-ef6d635f2254	249
8f2c47c7-37c8-4a3a-b340-ef6d635f2254	250
8f2c47c7-37c8-4a3a-b340-ef6d635f2254	251
8f2c47c7-37c8-4a3a-b340-ef6d635f2254	252
8f2c47c7-37c8-4a3a-b340-ef6d635f2254	253
8f2c47c7-37c8-4a3a-b340-ef6d635f2254	213
8f2c47c7-37c8-4a3a-b340-ef6d635f2254	214
8f2c47c7-37c8-4a3a-b340-ef6d635f2254	215
8f2c47c7-37c8-4a3a-b340-ef6d635f2254	216
8f2c47c7-37c8-4a3a-b340-ef6d635f2254	217
8f2c47c7-37c8-4a3a-b340-ef6d635f2254	218
8f2c47c7-37c8-4a3a-b340-ef6d635f2254	219
8f2c47c7-37c8-4a3a-b340-ef6d635f2254	220
8f2c47c7-37c8-4a3a-b340-ef6d635f2254	221
8f2c47c7-37c8-4a3a-b340-ef6d635f2254	222
8f2c47c7-37c8-4a3a-b340-ef6d635f2254	223
8f2c47c7-37c8-4a3a-b340-ef6d635f2254	224
8f2c47c7-37c8-4a3a-b340-ef6d635f2254	225
8f2c47c7-37c8-4a3a-b340-ef6d635f2254	226
8f2c47c7-37c8-4a3a-b340-ef6d635f2254	271
8f2c47c7-37c8-4a3a-b340-ef6d635f2254	132
8f2c47c7-37c8-4a3a-b340-ef6d635f2254	140
8f2c47c7-37c8-4a3a-b340-ef6d635f2254	139
8f2c47c7-37c8-4a3a-b340-ef6d635f2254	136
8f2c47c7-37c8-4a3a-b340-ef6d635f2254	160
8f2c47c7-37c8-4a3a-b340-ef6d635f2254	227
8f2c47c7-37c8-4a3a-b340-ef6d635f2254	149
8f2c47c7-37c8-4a3a-b340-ef6d635f2254	130
8f2c47c7-37c8-4a3a-b340-ef6d635f2254	151
8f2c47c7-37c8-4a3a-b340-ef6d635f2254	162
8f2c47c7-37c8-4a3a-b340-ef6d635f2254	154
8f2c47c7-37c8-4a3a-b340-ef6d635f2254	131
8f2c47c7-37c8-4a3a-b340-ef6d635f2254	228
8f2c47c7-37c8-4a3a-b340-ef6d635f2254	229
8f2c47c7-37c8-4a3a-b340-ef6d635f2254	230
8f2c47c7-37c8-4a3a-b340-ef6d635f2254	231
8f2c47c7-37c8-4a3a-b340-ef6d635f2254	158
8f2c47c7-37c8-4a3a-b340-ef6d635f2254	159
8f2c47c7-37c8-4a3a-b340-ef6d635f2254	161
8f2c47c7-37c8-4a3a-b340-ef6d635f2254	203
8c90d2d0-ad13-42bc-8807-a8597cb7a42c	141
8c90d2d0-ad13-42bc-8807-a8597cb7a42c	142
8c90d2d0-ad13-42bc-8807-a8597cb7a42c	233
8c90d2d0-ad13-42bc-8807-a8597cb7a42c	234
8c90d2d0-ad13-42bc-8807-a8597cb7a42c	134
8c90d2d0-ad13-42bc-8807-a8597cb7a42c	146
8c90d2d0-ad13-42bc-8807-a8597cb7a42c	133
8c90d2d0-ad13-42bc-8807-a8597cb7a42c	235
8c90d2d0-ad13-42bc-8807-a8597cb7a42c	147
8c90d2d0-ad13-42bc-8807-a8597cb7a42c	236
8c90d2d0-ad13-42bc-8807-a8597cb7a42c	237
8c90d2d0-ad13-42bc-8807-a8597cb7a42c	153
8c90d2d0-ad13-42bc-8807-a8597cb7a42c	238
8c90d2d0-ad13-42bc-8807-a8597cb7a42c	239
8c90d2d0-ad13-42bc-8807-a8597cb7a42c	240
8c90d2d0-ad13-42bc-8807-a8597cb7a42c	241
8c90d2d0-ad13-42bc-8807-a8597cb7a42c	156
8c90d2d0-ad13-42bc-8807-a8597cb7a42c	157
8c90d2d0-ad13-42bc-8807-a8597cb7a42c	242
8c90d2d0-ad13-42bc-8807-a8597cb7a42c	243
8c90d2d0-ad13-42bc-8807-a8597cb7a42c	272
8c90d2d0-ad13-42bc-8807-a8597cb7a42c	244
8c90d2d0-ad13-42bc-8807-a8597cb7a42c	138
8c90d2d0-ad13-42bc-8807-a8597cb7a42c	152
8c90d2d0-ad13-42bc-8807-a8597cb7a42c	150
8c90d2d0-ad13-42bc-8807-a8597cb7a42c	200
8c90d2d0-ad13-42bc-8807-a8597cb7a42c	245
8c90d2d0-ad13-42bc-8807-a8597cb7a42c	137
8c90d2d0-ad13-42bc-8807-a8597cb7a42c	145
8c90d2d0-ad13-42bc-8807-a8597cb7a42c	246
b409f5f4-ae5a-4d64-9846-01ea83738655	134
b409f5f4-ae5a-4d64-9846-01ea83738655	146
b409f5f4-ae5a-4d64-9846-01ea83738655	133
b409f5f4-ae5a-4d64-9846-01ea83738655	235
b409f5f4-ae5a-4d64-9846-01ea83738655	147
b409f5f4-ae5a-4d64-9846-01ea83738655	236
b409f5f4-ae5a-4d64-9846-01ea83738655	237
b409f5f4-ae5a-4d64-9846-01ea83738655	153
b409f5f4-ae5a-4d64-9846-01ea83738655	238
b409f5f4-ae5a-4d64-9846-01ea83738655	239
b409f5f4-ae5a-4d64-9846-01ea83738655	240
b409f5f4-ae5a-4d64-9846-01ea83738655	241
b409f5f4-ae5a-4d64-9846-01ea83738655	156
b409f5f4-ae5a-4d64-9846-01ea83738655	157
b409f5f4-ae5a-4d64-9846-01ea83738655	242
b409f5f4-ae5a-4d64-9846-01ea83738655	243
b409f5f4-ae5a-4d64-9846-01ea83738655	272
b409f5f4-ae5a-4d64-9846-01ea83738655	244
b409f5f4-ae5a-4d64-9846-01ea83738655	138
b409f5f4-ae5a-4d64-9846-01ea83738655	152
b409f5f4-ae5a-4d64-9846-01ea83738655	150
b409f5f4-ae5a-4d64-9846-01ea83738655	200
b409f5f4-ae5a-4d64-9846-01ea83738655	245
b409f5f4-ae5a-4d64-9846-01ea83738655	137
8591dc39-238e-4147-9a9e-fc63cd1b420c	140
8591dc39-238e-4147-9a9e-fc63cd1b420c	139
8591dc39-238e-4147-9a9e-fc63cd1b420c	136
8591dc39-238e-4147-9a9e-fc63cd1b420c	160
8591dc39-238e-4147-9a9e-fc63cd1b420c	227
8591dc39-238e-4147-9a9e-fc63cd1b420c	149
8591dc39-238e-4147-9a9e-fc63cd1b420c	130
8591dc39-238e-4147-9a9e-fc63cd1b420c	151
8591dc39-238e-4147-9a9e-fc63cd1b420c	162
8591dc39-238e-4147-9a9e-fc63cd1b420c	154
8591dc39-238e-4147-9a9e-fc63cd1b420c	131
8591dc39-238e-4147-9a9e-fc63cd1b420c	228
8591dc39-238e-4147-9a9e-fc63cd1b420c	229
8591dc39-238e-4147-9a9e-fc63cd1b420c	230
8591dc39-238e-4147-9a9e-fc63cd1b420c	231
8591dc39-238e-4147-9a9e-fc63cd1b420c	158
8591dc39-238e-4147-9a9e-fc63cd1b420c	159
8591dc39-238e-4147-9a9e-fc63cd1b420c	161
8591dc39-238e-4147-9a9e-fc63cd1b420c	203
8591dc39-238e-4147-9a9e-fc63cd1b420c	232
8591dc39-238e-4147-9a9e-fc63cd1b420c	273
8591dc39-238e-4147-9a9e-fc63cd1b420c	143
8591dc39-238e-4147-9a9e-fc63cd1b420c	141
8591dc39-238e-4147-9a9e-fc63cd1b420c	142
8591dc39-238e-4147-9a9e-fc63cd1b420c	233
8591dc39-238e-4147-9a9e-fc63cd1b420c	234
8591dc39-238e-4147-9a9e-fc63cd1b420c	134
8591dc39-238e-4147-9a9e-fc63cd1b420c	146
8591dc39-238e-4147-9a9e-fc63cd1b420c	133
8591dc39-238e-4147-9a9e-fc63cd1b420c	235
8591dc39-238e-4147-9a9e-fc63cd1b420c	147
8591dc39-238e-4147-9a9e-fc63cd1b420c	236
8591dc39-238e-4147-9a9e-fc63cd1b420c	237
8591dc39-238e-4147-9a9e-fc63cd1b420c	153
8591dc39-238e-4147-9a9e-fc63cd1b420c	238
8591dc39-238e-4147-9a9e-fc63cd1b420c	239
8591dc39-238e-4147-9a9e-fc63cd1b420c	240
8591dc39-238e-4147-9a9e-fc63cd1b420c	241
8591dc39-238e-4147-9a9e-fc63cd1b420c	156
8591dc39-238e-4147-9a9e-fc63cd1b420c	157
8591dc39-238e-4147-9a9e-fc63cd1b420c	242
8591dc39-238e-4147-9a9e-fc63cd1b420c	243
8591dc39-238e-4147-9a9e-fc63cd1b420c	272
8591dc39-238e-4147-9a9e-fc63cd1b420c	244
8591dc39-238e-4147-9a9e-fc63cd1b420c	138
8591dc39-238e-4147-9a9e-fc63cd1b420c	152
8591dc39-238e-4147-9a9e-fc63cd1b420c	150
8591dc39-238e-4147-9a9e-fc63cd1b420c	200
8591dc39-238e-4147-9a9e-fc63cd1b420c	245
8591dc39-238e-4147-9a9e-fc63cd1b420c	137
8591dc39-238e-4147-9a9e-fc63cd1b420c	145
8591dc39-238e-4147-9a9e-fc63cd1b420c	246
8591dc39-238e-4147-9a9e-fc63cd1b420c	247
0b5cd8e4-717e-4de6-90a8-0f714b978383	236
0b5cd8e4-717e-4de6-90a8-0f714b978383	237
0b5cd8e4-717e-4de6-90a8-0f714b978383	153
0b5cd8e4-717e-4de6-90a8-0f714b978383	238
0b5cd8e4-717e-4de6-90a8-0f714b978383	239
0b5cd8e4-717e-4de6-90a8-0f714b978383	240
0b5cd8e4-717e-4de6-90a8-0f714b978383	241
0b5cd8e4-717e-4de6-90a8-0f714b978383	156
0b5cd8e4-717e-4de6-90a8-0f714b978383	157
0b5cd8e4-717e-4de6-90a8-0f714b978383	242
0b5cd8e4-717e-4de6-90a8-0f714b978383	243
0b5cd8e4-717e-4de6-90a8-0f714b978383	272
0b5cd8e4-717e-4de6-90a8-0f714b978383	244
0b5cd8e4-717e-4de6-90a8-0f714b978383	138
0b5cd8e4-717e-4de6-90a8-0f714b978383	152
0b5cd8e4-717e-4de6-90a8-0f714b978383	150
0b5cd8e4-717e-4de6-90a8-0f714b978383	200
0b5cd8e4-717e-4de6-90a8-0f714b978383	245
0b5cd8e4-717e-4de6-90a8-0f714b978383	137
0b5cd8e4-717e-4de6-90a8-0f714b978383	145
0b5cd8e4-717e-4de6-90a8-0f714b978383	246
0b5cd8e4-717e-4de6-90a8-0f714b978383	247
0b5cd8e4-717e-4de6-90a8-0f714b978383	144
0b5cd8e4-717e-4de6-90a8-0f714b978383	135
2ca9ae32-43c1-40b8-af57-cda5f94aee20	154
2ca9ae32-43c1-40b8-af57-cda5f94aee20	131
2ca9ae32-43c1-40b8-af57-cda5f94aee20	228
2ca9ae32-43c1-40b8-af57-cda5f94aee20	229
2ca9ae32-43c1-40b8-af57-cda5f94aee20	230
2ca9ae32-43c1-40b8-af57-cda5f94aee20	231
2ca9ae32-43c1-40b8-af57-cda5f94aee20	158
2ca9ae32-43c1-40b8-af57-cda5f94aee20	159
2ca9ae32-43c1-40b8-af57-cda5f94aee20	161
2ca9ae32-43c1-40b8-af57-cda5f94aee20	203
2ca9ae32-43c1-40b8-af57-cda5f94aee20	232
2ca9ae32-43c1-40b8-af57-cda5f94aee20	273
2ca9ae32-43c1-40b8-af57-cda5f94aee20	143
2ca9ae32-43c1-40b8-af57-cda5f94aee20	141
2ca9ae32-43c1-40b8-af57-cda5f94aee20	142
2ca9ae32-43c1-40b8-af57-cda5f94aee20	233
2ca9ae32-43c1-40b8-af57-cda5f94aee20	234
2ca9ae32-43c1-40b8-af57-cda5f94aee20	134
2ca9ae32-43c1-40b8-af57-cda5f94aee20	146
2ca9ae32-43c1-40b8-af57-cda5f94aee20	133
2ca9ae32-43c1-40b8-af57-cda5f94aee20	235
2ca9ae32-43c1-40b8-af57-cda5f94aee20	147
2ca9ae32-43c1-40b8-af57-cda5f94aee20	236
2ca9ae32-43c1-40b8-af57-cda5f94aee20	237
2ca9ae32-43c1-40b8-af57-cda5f94aee20	153
2ca9ae32-43c1-40b8-af57-cda5f94aee20	238
8f2c47c7-37c8-4a3a-b340-ef6d635f2254	232
8f2c47c7-37c8-4a3a-b340-ef6d635f2254	273
8f2c47c7-37c8-4a3a-b340-ef6d635f2254	143
1dfc3674-4b48-40c3-acef-51e06a8bfe3a	231
1dfc3674-4b48-40c3-acef-51e06a8bfe3a	158
1dfc3674-4b48-40c3-acef-51e06a8bfe3a	159
1dfc3674-4b48-40c3-acef-51e06a8bfe3a	161
1dfc3674-4b48-40c3-acef-51e06a8bfe3a	203
1dfc3674-4b48-40c3-acef-51e06a8bfe3a	232
1dfc3674-4b48-40c3-acef-51e06a8bfe3a	273
1dfc3674-4b48-40c3-acef-51e06a8bfe3a	239
1dfc3674-4b48-40c3-acef-51e06a8bfe3a	240
1dfc3674-4b48-40c3-acef-51e06a8bfe3a	241
1dfc3674-4b48-40c3-acef-51e06a8bfe3a	156
1dfc3674-4b48-40c3-acef-51e06a8bfe3a	157
1dfc3674-4b48-40c3-acef-51e06a8bfe3a	242
1dfc3674-4b48-40c3-acef-51e06a8bfe3a	243
1dfc3674-4b48-40c3-acef-51e06a8bfe3a	272
1dfc3674-4b48-40c3-acef-51e06a8bfe3a	244
1dfc3674-4b48-40c3-acef-51e06a8bfe3a	138
1dfc3674-4b48-40c3-acef-51e06a8bfe3a	152
1dfc3674-4b48-40c3-acef-51e06a8bfe3a	150
1dfc3674-4b48-40c3-acef-51e06a8bfe3a	200
1dfc3674-4b48-40c3-acef-51e06a8bfe3a	245
1dfc3674-4b48-40c3-acef-51e06a8bfe3a	137
1dfc3674-4b48-40c3-acef-51e06a8bfe3a	145
1dfc3674-4b48-40c3-acef-51e06a8bfe3a	246
1dfc3674-4b48-40c3-acef-51e06a8bfe3a	247
1dfc3674-4b48-40c3-acef-51e06a8bfe3a	144
1dfc3674-4b48-40c3-acef-51e06a8bfe3a	135
aa1ebcf3-cd53-4101-b470-21bad02e1a01	250
aa1ebcf3-cd53-4101-b470-21bad02e1a01	251
aa1ebcf3-cd53-4101-b470-21bad02e1a01	252
aa1ebcf3-cd53-4101-b470-21bad02e1a01	253
aa1ebcf3-cd53-4101-b470-21bad02e1a01	213
aa1ebcf3-cd53-4101-b470-21bad02e1a01	214
aa1ebcf3-cd53-4101-b470-21bad02e1a01	215
aa1ebcf3-cd53-4101-b470-21bad02e1a01	216
aa1ebcf3-cd53-4101-b470-21bad02e1a01	217
aa1ebcf3-cd53-4101-b470-21bad02e1a01	218
aa1ebcf3-cd53-4101-b470-21bad02e1a01	219
aa1ebcf3-cd53-4101-b470-21bad02e1a01	220
aa1ebcf3-cd53-4101-b470-21bad02e1a01	221
aa1ebcf3-cd53-4101-b470-21bad02e1a01	222
aa1ebcf3-cd53-4101-b470-21bad02e1a01	223
aa1ebcf3-cd53-4101-b470-21bad02e1a01	224
aa1ebcf3-cd53-4101-b470-21bad02e1a01	225
aa1ebcf3-cd53-4101-b470-21bad02e1a01	226
aa1ebcf3-cd53-4101-b470-21bad02e1a01	271
aa1ebcf3-cd53-4101-b470-21bad02e1a01	132
aa1ebcf3-cd53-4101-b470-21bad02e1a01	140
aa1ebcf3-cd53-4101-b470-21bad02e1a01	139
aa1ebcf3-cd53-4101-b470-21bad02e1a01	136
aa1ebcf3-cd53-4101-b470-21bad02e1a01	160
aa1ebcf3-cd53-4101-b470-21bad02e1a01	227
aa1ebcf3-cd53-4101-b470-21bad02e1a01	149
aa1ebcf3-cd53-4101-b470-21bad02e1a01	130
aa1ebcf3-cd53-4101-b470-21bad02e1a01	151
aa1ebcf3-cd53-4101-b470-21bad02e1a01	162
aa1ebcf3-cd53-4101-b470-21bad02e1a01	154
aa1ebcf3-cd53-4101-b470-21bad02e1a01	131
aa1ebcf3-cd53-4101-b470-21bad02e1a01	228
aa1ebcf3-cd53-4101-b470-21bad02e1a01	229
aa1ebcf3-cd53-4101-b470-21bad02e1a01	230
aa1ebcf3-cd53-4101-b470-21bad02e1a01	231
aa1ebcf3-cd53-4101-b470-21bad02e1a01	158
aa1ebcf3-cd53-4101-b470-21bad02e1a01	159
aa1ebcf3-cd53-4101-b470-21bad02e1a01	161
aa1ebcf3-cd53-4101-b470-21bad02e1a01	203
aa1ebcf3-cd53-4101-b470-21bad02e1a01	232
aa1ebcf3-cd53-4101-b470-21bad02e1a01	273
aa1ebcf3-cd53-4101-b470-21bad02e1a01	143
aa1ebcf3-cd53-4101-b470-21bad02e1a01	141
aa1ebcf3-cd53-4101-b470-21bad02e1a01	142
aa1ebcf3-cd53-4101-b470-21bad02e1a01	233
aa1ebcf3-cd53-4101-b470-21bad02e1a01	234
aa1ebcf3-cd53-4101-b470-21bad02e1a01	134
aa1ebcf3-cd53-4101-b470-21bad02e1a01	146
aa1ebcf3-cd53-4101-b470-21bad02e1a01	133
aa1ebcf3-cd53-4101-b470-21bad02e1a01	235
aa1ebcf3-cd53-4101-b470-21bad02e1a01	147
aa1ebcf3-cd53-4101-b470-21bad02e1a01	236
aa1ebcf3-cd53-4101-b470-21bad02e1a01	237
aa1ebcf3-cd53-4101-b470-21bad02e1a01	153
aa1ebcf3-cd53-4101-b470-21bad02e1a01	238
aa1ebcf3-cd53-4101-b470-21bad02e1a01	239
aa1ebcf3-cd53-4101-b470-21bad02e1a01	240
aa1ebcf3-cd53-4101-b470-21bad02e1a01	241
aa1ebcf3-cd53-4101-b470-21bad02e1a01	156
aa1ebcf3-cd53-4101-b470-21bad02e1a01	157
aa1ebcf3-cd53-4101-b470-21bad02e1a01	242
aa1ebcf3-cd53-4101-b470-21bad02e1a01	243
aa1ebcf3-cd53-4101-b470-21bad02e1a01	272
aa1ebcf3-cd53-4101-b470-21bad02e1a01	244
aa1ebcf3-cd53-4101-b470-21bad02e1a01	138
aa1ebcf3-cd53-4101-b470-21bad02e1a01	152
aa1ebcf3-cd53-4101-b470-21bad02e1a01	150
aa1ebcf3-cd53-4101-b470-21bad02e1a01	200
aa1ebcf3-cd53-4101-b470-21bad02e1a01	245
aa1ebcf3-cd53-4101-b470-21bad02e1a01	137
aa1ebcf3-cd53-4101-b470-21bad02e1a01	145
aa1ebcf3-cd53-4101-b470-21bad02e1a01	246
aa1ebcf3-cd53-4101-b470-21bad02e1a01	247
aa1ebcf3-cd53-4101-b470-21bad02e1a01	144
aa1ebcf3-cd53-4101-b470-21bad02e1a01	135
aa1ebcf3-cd53-4101-b470-21bad02e1a01	155
aa1ebcf3-cd53-4101-b470-21bad02e1a01	148
aa1ebcf3-cd53-4101-b470-21bad02e1a01	254
aa1ebcf3-cd53-4101-b470-21bad02e1a01	255
aa1ebcf3-cd53-4101-b470-21bad02e1a01	256
aa1ebcf3-cd53-4101-b470-21bad02e1a01	257
aa1ebcf3-cd53-4101-b470-21bad02e1a01	258
aa1ebcf3-cd53-4101-b470-21bad02e1a01	259
aa1ebcf3-cd53-4101-b470-21bad02e1a01	260
aa1ebcf3-cd53-4101-b470-21bad02e1a01	274
aa1ebcf3-cd53-4101-b470-21bad02e1a01	261
aa1ebcf3-cd53-4101-b470-21bad02e1a01	262
aa1ebcf3-cd53-4101-b470-21bad02e1a01	263
aa1ebcf3-cd53-4101-b470-21bad02e1a01	264
aa1ebcf3-cd53-4101-b470-21bad02e1a01	265
aa1ebcf3-cd53-4101-b470-21bad02e1a01	266
aa1ebcf3-cd53-4101-b470-21bad02e1a01	267
aa1ebcf3-cd53-4101-b470-21bad02e1a01	268
aa1ebcf3-cd53-4101-b470-21bad02e1a01	269
c9f0e75c-f281-421a-aa0c-64751440203b	236
c9f0e75c-f281-421a-aa0c-64751440203b	237
c9f0e75c-f281-421a-aa0c-64751440203b	153
c9f0e75c-f281-421a-aa0c-64751440203b	238
c9f0e75c-f281-421a-aa0c-64751440203b	239
c9f0e75c-f281-421a-aa0c-64751440203b	240
c9f0e75c-f281-421a-aa0c-64751440203b	241
c9f0e75c-f281-421a-aa0c-64751440203b	156
c9f0e75c-f281-421a-aa0c-64751440203b	157
c9f0e75c-f281-421a-aa0c-64751440203b	242
c9f0e75c-f281-421a-aa0c-64751440203b	243
c9f0e75c-f281-421a-aa0c-64751440203b	272
c9f0e75c-f281-421a-aa0c-64751440203b	244
c9f0e75c-f281-421a-aa0c-64751440203b	138
c9f0e75c-f281-421a-aa0c-64751440203b	152
c9f0e75c-f281-421a-aa0c-64751440203b	150
c9f0e75c-f281-421a-aa0c-64751440203b	200
c9f0e75c-f281-421a-aa0c-64751440203b	245
c9f0e75c-f281-421a-aa0c-64751440203b	137
c9f0e75c-f281-421a-aa0c-64751440203b	145
c9f0e75c-f281-421a-aa0c-64751440203b	246
c9f0e75c-f281-421a-aa0c-64751440203b	247
c9f0e75c-f281-421a-aa0c-64751440203b	144
c9f0e75c-f281-421a-aa0c-64751440203b	135
ccfbfd05-424e-4545-b69c-a09e7633819b	143
ccfbfd05-424e-4545-b69c-a09e7633819b	141
ccfbfd05-424e-4545-b69c-a09e7633819b	142
ccfbfd05-424e-4545-b69c-a09e7633819b	233
ccfbfd05-424e-4545-b69c-a09e7633819b	234
ccfbfd05-424e-4545-b69c-a09e7633819b	134
ccfbfd05-424e-4545-b69c-a09e7633819b	146
ccfbfd05-424e-4545-b69c-a09e7633819b	133
ccfbfd05-424e-4545-b69c-a09e7633819b	235
2ca9ae32-43c1-40b8-af57-cda5f94aee20	239
2ca9ae32-43c1-40b8-af57-cda5f94aee20	240
2ca9ae32-43c1-40b8-af57-cda5f94aee20	241
2ca9ae32-43c1-40b8-af57-cda5f94aee20	156
2ca9ae32-43c1-40b8-af57-cda5f94aee20	157
2ca9ae32-43c1-40b8-af57-cda5f94aee20	242
2ca9ae32-43c1-40b8-af57-cda5f94aee20	243
2ca9ae32-43c1-40b8-af57-cda5f94aee20	272
2ca9ae32-43c1-40b8-af57-cda5f94aee20	244
2ca9ae32-43c1-40b8-af57-cda5f94aee20	138
2ca9ae32-43c1-40b8-af57-cda5f94aee20	152
2ca9ae32-43c1-40b8-af57-cda5f94aee20	150
2ca9ae32-43c1-40b8-af57-cda5f94aee20	200
2ca9ae32-43c1-40b8-af57-cda5f94aee20	245
2ca9ae32-43c1-40b8-af57-cda5f94aee20	137
2ca9ae32-43c1-40b8-af57-cda5f94aee20	145
2ca9ae32-43c1-40b8-af57-cda5f94aee20	246
a38560db-1cc6-46aa-99fb-a96f07d4d3f7	216
a38560db-1cc6-46aa-99fb-a96f07d4d3f7	217
a38560db-1cc6-46aa-99fb-a96f07d4d3f7	218
a38560db-1cc6-46aa-99fb-a96f07d4d3f7	219
a38560db-1cc6-46aa-99fb-a96f07d4d3f7	220
a38560db-1cc6-46aa-99fb-a96f07d4d3f7	221
a38560db-1cc6-46aa-99fb-a96f07d4d3f7	222
a38560db-1cc6-46aa-99fb-a96f07d4d3f7	223
a38560db-1cc6-46aa-99fb-a96f07d4d3f7	224
a38560db-1cc6-46aa-99fb-a96f07d4d3f7	225
a38560db-1cc6-46aa-99fb-a96f07d4d3f7	226
a38560db-1cc6-46aa-99fb-a96f07d4d3f7	271
a38560db-1cc6-46aa-99fb-a96f07d4d3f7	132
a38560db-1cc6-46aa-99fb-a96f07d4d3f7	140
a38560db-1cc6-46aa-99fb-a96f07d4d3f7	139
a38560db-1cc6-46aa-99fb-a96f07d4d3f7	136
a38560db-1cc6-46aa-99fb-a96f07d4d3f7	160
a38560db-1cc6-46aa-99fb-a96f07d4d3f7	227
a38560db-1cc6-46aa-99fb-a96f07d4d3f7	149
a38560db-1cc6-46aa-99fb-a96f07d4d3f7	130
a38560db-1cc6-46aa-99fb-a96f07d4d3f7	151
a38560db-1cc6-46aa-99fb-a96f07d4d3f7	162
a38560db-1cc6-46aa-99fb-a96f07d4d3f7	154
a38560db-1cc6-46aa-99fb-a96f07d4d3f7	131
a38560db-1cc6-46aa-99fb-a96f07d4d3f7	228
a38560db-1cc6-46aa-99fb-a96f07d4d3f7	229
a38560db-1cc6-46aa-99fb-a96f07d4d3f7	230
a38560db-1cc6-46aa-99fb-a96f07d4d3f7	231
a38560db-1cc6-46aa-99fb-a96f07d4d3f7	158
a38560db-1cc6-46aa-99fb-a96f07d4d3f7	159
a38560db-1cc6-46aa-99fb-a96f07d4d3f7	161
a38560db-1cc6-46aa-99fb-a96f07d4d3f7	203
a38560db-1cc6-46aa-99fb-a96f07d4d3f7	232
a38560db-1cc6-46aa-99fb-a96f07d4d3f7	273
a38560db-1cc6-46aa-99fb-a96f07d4d3f7	143
a38560db-1cc6-46aa-99fb-a96f07d4d3f7	141
a38560db-1cc6-46aa-99fb-a96f07d4d3f7	142
a38560db-1cc6-46aa-99fb-a96f07d4d3f7	233
a38560db-1cc6-46aa-99fb-a96f07d4d3f7	234
a38560db-1cc6-46aa-99fb-a96f07d4d3f7	134
a38560db-1cc6-46aa-99fb-a96f07d4d3f7	146
a38560db-1cc6-46aa-99fb-a96f07d4d3f7	133
a38560db-1cc6-46aa-99fb-a96f07d4d3f7	235
a38560db-1cc6-46aa-99fb-a96f07d4d3f7	147
a38560db-1cc6-46aa-99fb-a96f07d4d3f7	236
a38560db-1cc6-46aa-99fb-a96f07d4d3f7	237
a38560db-1cc6-46aa-99fb-a96f07d4d3f7	153
a38560db-1cc6-46aa-99fb-a96f07d4d3f7	238
a38560db-1cc6-46aa-99fb-a96f07d4d3f7	239
a38560db-1cc6-46aa-99fb-a96f07d4d3f7	240
a38560db-1cc6-46aa-99fb-a96f07d4d3f7	241
a38560db-1cc6-46aa-99fb-a96f07d4d3f7	156
a38560db-1cc6-46aa-99fb-a96f07d4d3f7	157
a38560db-1cc6-46aa-99fb-a96f07d4d3f7	242
a38560db-1cc6-46aa-99fb-a96f07d4d3f7	243
a38560db-1cc6-46aa-99fb-a96f07d4d3f7	272
a38560db-1cc6-46aa-99fb-a96f07d4d3f7	244
a38560db-1cc6-46aa-99fb-a96f07d4d3f7	138
a38560db-1cc6-46aa-99fb-a96f07d4d3f7	152
a38560db-1cc6-46aa-99fb-a96f07d4d3f7	150
a38560db-1cc6-46aa-99fb-a96f07d4d3f7	200
a38560db-1cc6-46aa-99fb-a96f07d4d3f7	245
a38560db-1cc6-46aa-99fb-a96f07d4d3f7	137
a38560db-1cc6-46aa-99fb-a96f07d4d3f7	145
a38560db-1cc6-46aa-99fb-a96f07d4d3f7	246
a38560db-1cc6-46aa-99fb-a96f07d4d3f7	247
a38560db-1cc6-46aa-99fb-a96f07d4d3f7	144
a38560db-1cc6-46aa-99fb-a96f07d4d3f7	135
a38560db-1cc6-46aa-99fb-a96f07d4d3f7	155
a38560db-1cc6-46aa-99fb-a96f07d4d3f7	148
a38560db-1cc6-46aa-99fb-a96f07d4d3f7	254
a38560db-1cc6-46aa-99fb-a96f07d4d3f7	255
a38560db-1cc6-46aa-99fb-a96f07d4d3f7	256
a38560db-1cc6-46aa-99fb-a96f07d4d3f7	257
a38560db-1cc6-46aa-99fb-a96f07d4d3f7	258
a38560db-1cc6-46aa-99fb-a96f07d4d3f7	259
a38560db-1cc6-46aa-99fb-a96f07d4d3f7	260
a38560db-1cc6-46aa-99fb-a96f07d4d3f7	274
a38560db-1cc6-46aa-99fb-a96f07d4d3f7	261
a38560db-1cc6-46aa-99fb-a96f07d4d3f7	262
a38560db-1cc6-46aa-99fb-a96f07d4d3f7	263
a38560db-1cc6-46aa-99fb-a96f07d4d3f7	264
d5caa154-d2af-4ad5-a577-434a4c5eac35	154
d5caa154-d2af-4ad5-a577-434a4c5eac35	131
d5caa154-d2af-4ad5-a577-434a4c5eac35	228
d5caa154-d2af-4ad5-a577-434a4c5eac35	229
d5caa154-d2af-4ad5-a577-434a4c5eac35	230
d5caa154-d2af-4ad5-a577-434a4c5eac35	231
d5caa154-d2af-4ad5-a577-434a4c5eac35	158
d5caa154-d2af-4ad5-a577-434a4c5eac35	159
d5caa154-d2af-4ad5-a577-434a4c5eac35	161
d5caa154-d2af-4ad5-a577-434a4c5eac35	203
d5caa154-d2af-4ad5-a577-434a4c5eac35	232
d5caa154-d2af-4ad5-a577-434a4c5eac35	273
d5caa154-d2af-4ad5-a577-434a4c5eac35	143
d5caa154-d2af-4ad5-a577-434a4c5eac35	141
d5caa154-d2af-4ad5-a577-434a4c5eac35	142
d5caa154-d2af-4ad5-a577-434a4c5eac35	233
d5caa154-d2af-4ad5-a577-434a4c5eac35	234
d5caa154-d2af-4ad5-a577-434a4c5eac35	134
d5caa154-d2af-4ad5-a577-434a4c5eac35	146
d5caa154-d2af-4ad5-a577-434a4c5eac35	133
d5caa154-d2af-4ad5-a577-434a4c5eac35	235
d5caa154-d2af-4ad5-a577-434a4c5eac35	147
d5caa154-d2af-4ad5-a577-434a4c5eac35	236
d5caa154-d2af-4ad5-a577-434a4c5eac35	237
d5caa154-d2af-4ad5-a577-434a4c5eac35	153
d5caa154-d2af-4ad5-a577-434a4c5eac35	238
d5caa154-d2af-4ad5-a577-434a4c5eac35	239
d5caa154-d2af-4ad5-a577-434a4c5eac35	240
d5caa154-d2af-4ad5-a577-434a4c5eac35	241
d5caa154-d2af-4ad5-a577-434a4c5eac35	156
d5caa154-d2af-4ad5-a577-434a4c5eac35	157
d5caa154-d2af-4ad5-a577-434a4c5eac35	242
d5caa154-d2af-4ad5-a577-434a4c5eac35	243
d5caa154-d2af-4ad5-a577-434a4c5eac35	272
d5caa154-d2af-4ad5-a577-434a4c5eac35	244
d5caa154-d2af-4ad5-a577-434a4c5eac35	138
d5caa154-d2af-4ad5-a577-434a4c5eac35	152
d5caa154-d2af-4ad5-a577-434a4c5eac35	150
d5caa154-d2af-4ad5-a577-434a4c5eac35	200
d5caa154-d2af-4ad5-a577-434a4c5eac35	245
d5caa154-d2af-4ad5-a577-434a4c5eac35	137
d5caa154-d2af-4ad5-a577-434a4c5eac35	145
d5caa154-d2af-4ad5-a577-434a4c5eac35	246
d5caa154-d2af-4ad5-a577-434a4c5eac35	247
d5caa154-d2af-4ad5-a577-434a4c5eac35	144
d5caa154-d2af-4ad5-a577-434a4c5eac35	135
6e365845-a7fc-430d-9566-68076e06aed9	154
6e365845-a7fc-430d-9566-68076e06aed9	131
6e365845-a7fc-430d-9566-68076e06aed9	228
6e365845-a7fc-430d-9566-68076e06aed9	229
6e365845-a7fc-430d-9566-68076e06aed9	230
6e365845-a7fc-430d-9566-68076e06aed9	231
6e365845-a7fc-430d-9566-68076e06aed9	158
6e365845-a7fc-430d-9566-68076e06aed9	159
6e365845-a7fc-430d-9566-68076e06aed9	161
6e365845-a7fc-430d-9566-68076e06aed9	203
6e365845-a7fc-430d-9566-68076e06aed9	232
6e365845-a7fc-430d-9566-68076e06aed9	273
ccfbfd05-424e-4545-b69c-a09e7633819b	147
ccfbfd05-424e-4545-b69c-a09e7633819b	236
ccfbfd05-424e-4545-b69c-a09e7633819b	237
ccfbfd05-424e-4545-b69c-a09e7633819b	153
ccfbfd05-424e-4545-b69c-a09e7633819b	238
ccfbfd05-424e-4545-b69c-a09e7633819b	239
ccfbfd05-424e-4545-b69c-a09e7633819b	240
ccfbfd05-424e-4545-b69c-a09e7633819b	241
ccfbfd05-424e-4545-b69c-a09e7633819b	156
ccfbfd05-424e-4545-b69c-a09e7633819b	157
ccfbfd05-424e-4545-b69c-a09e7633819b	242
ccfbfd05-424e-4545-b69c-a09e7633819b	243
ccfbfd05-424e-4545-b69c-a09e7633819b	272
ccfbfd05-424e-4545-b69c-a09e7633819b	244
ccfbfd05-424e-4545-b69c-a09e7633819b	138
ccfbfd05-424e-4545-b69c-a09e7633819b	152
ccfbfd05-424e-4545-b69c-a09e7633819b	150
ccfbfd05-424e-4545-b69c-a09e7633819b	200
ccfbfd05-424e-4545-b69c-a09e7633819b	245
ccfbfd05-424e-4545-b69c-a09e7633819b	137
ccfbfd05-424e-4545-b69c-a09e7633819b	145
ccfbfd05-424e-4545-b69c-a09e7633819b	246
ccfbfd05-424e-4545-b69c-a09e7633819b	247
ccfbfd05-424e-4545-b69c-a09e7633819b	144
ccfbfd05-424e-4545-b69c-a09e7633819b	135
ccfbfd05-424e-4545-b69c-a09e7633819b	155
ccfbfd05-424e-4545-b69c-a09e7633819b	148
ccfbfd05-424e-4545-b69c-a09e7633819b	254
17bb5c9d-52c0-4ffb-8f7d-798b2adf0005	131
17bb5c9d-52c0-4ffb-8f7d-798b2adf0005	228
17bb5c9d-52c0-4ffb-8f7d-798b2adf0005	229
17bb5c9d-52c0-4ffb-8f7d-798b2adf0005	230
17bb5c9d-52c0-4ffb-8f7d-798b2adf0005	231
17bb5c9d-52c0-4ffb-8f7d-798b2adf0005	158
17bb5c9d-52c0-4ffb-8f7d-798b2adf0005	237
17bb5c9d-52c0-4ffb-8f7d-798b2adf0005	153
17bb5c9d-52c0-4ffb-8f7d-798b2adf0005	238
17bb5c9d-52c0-4ffb-8f7d-798b2adf0005	239
17bb5c9d-52c0-4ffb-8f7d-798b2adf0005	240
17bb5c9d-52c0-4ffb-8f7d-798b2adf0005	241
17bb5c9d-52c0-4ffb-8f7d-798b2adf0005	244
17bb5c9d-52c0-4ffb-8f7d-798b2adf0005	138
17bb5c9d-52c0-4ffb-8f7d-798b2adf0005	152
17bb5c9d-52c0-4ffb-8f7d-798b2adf0005	150
17bb5c9d-52c0-4ffb-8f7d-798b2adf0005	200
17bb5c9d-52c0-4ffb-8f7d-798b2adf0005	245
17bb5c9d-52c0-4ffb-8f7d-798b2adf0005	137
17bb5c9d-52c0-4ffb-8f7d-798b2adf0005	145
17bb5c9d-52c0-4ffb-8f7d-798b2adf0005	246
17bb5c9d-52c0-4ffb-8f7d-798b2adf0005	247
7054d05d-31dc-47d0-96d9-86837c967e87	149
7054d05d-31dc-47d0-96d9-86837c967e87	130
7054d05d-31dc-47d0-96d9-86837c967e87	151
7054d05d-31dc-47d0-96d9-86837c967e87	162
7054d05d-31dc-47d0-96d9-86837c967e87	154
7054d05d-31dc-47d0-96d9-86837c967e87	131
7054d05d-31dc-47d0-96d9-86837c967e87	228
7054d05d-31dc-47d0-96d9-86837c967e87	229
7054d05d-31dc-47d0-96d9-86837c967e87	230
7054d05d-31dc-47d0-96d9-86837c967e87	231
7054d05d-31dc-47d0-96d9-86837c967e87	158
7054d05d-31dc-47d0-96d9-86837c967e87	159
7054d05d-31dc-47d0-96d9-86837c967e87	161
7054d05d-31dc-47d0-96d9-86837c967e87	203
7054d05d-31dc-47d0-96d9-86837c967e87	232
7054d05d-31dc-47d0-96d9-86837c967e87	273
7054d05d-31dc-47d0-96d9-86837c967e87	143
7054d05d-31dc-47d0-96d9-86837c967e87	141
7054d05d-31dc-47d0-96d9-86837c967e87	142
7054d05d-31dc-47d0-96d9-86837c967e87	233
7054d05d-31dc-47d0-96d9-86837c967e87	234
7054d05d-31dc-47d0-96d9-86837c967e87	134
7054d05d-31dc-47d0-96d9-86837c967e87	146
7054d05d-31dc-47d0-96d9-86837c967e87	133
7054d05d-31dc-47d0-96d9-86837c967e87	235
7054d05d-31dc-47d0-96d9-86837c967e87	147
7054d05d-31dc-47d0-96d9-86837c967e87	236
7054d05d-31dc-47d0-96d9-86837c967e87	237
7054d05d-31dc-47d0-96d9-86837c967e87	153
7054d05d-31dc-47d0-96d9-86837c967e87	238
7054d05d-31dc-47d0-96d9-86837c967e87	239
7054d05d-31dc-47d0-96d9-86837c967e87	240
7054d05d-31dc-47d0-96d9-86837c967e87	241
7054d05d-31dc-47d0-96d9-86837c967e87	156
7054d05d-31dc-47d0-96d9-86837c967e87	157
7054d05d-31dc-47d0-96d9-86837c967e87	242
7054d05d-31dc-47d0-96d9-86837c967e87	243
7054d05d-31dc-47d0-96d9-86837c967e87	272
7054d05d-31dc-47d0-96d9-86837c967e87	244
7054d05d-31dc-47d0-96d9-86837c967e87	138
7054d05d-31dc-47d0-96d9-86837c967e87	152
7054d05d-31dc-47d0-96d9-86837c967e87	150
7054d05d-31dc-47d0-96d9-86837c967e87	200
7054d05d-31dc-47d0-96d9-86837c967e87	245
7054d05d-31dc-47d0-96d9-86837c967e87	137
7054d05d-31dc-47d0-96d9-86837c967e87	145
7054d05d-31dc-47d0-96d9-86837c967e87	246
7054d05d-31dc-47d0-96d9-86837c967e87	247
7054d05d-31dc-47d0-96d9-86837c967e87	144
7054d05d-31dc-47d0-96d9-86837c967e87	135
7054d05d-31dc-47d0-96d9-86837c967e87	155
7054d05d-31dc-47d0-96d9-86837c967e87	148
7054d05d-31dc-47d0-96d9-86837c967e87	254
7054d05d-31dc-47d0-96d9-86837c967e87	255
7054d05d-31dc-47d0-96d9-86837c967e87	256
7054d05d-31dc-47d0-96d9-86837c967e87	257
7054d05d-31dc-47d0-96d9-86837c967e87	258
7054d05d-31dc-47d0-96d9-86837c967e87	259
7054d05d-31dc-47d0-96d9-86837c967e87	260
7054d05d-31dc-47d0-96d9-86837c967e87	274
7054d05d-31dc-47d0-96d9-86837c967e87	261
af43a431-d50e-436a-94e6-47ca62a074a3	149
af43a431-d50e-436a-94e6-47ca62a074a3	130
af43a431-d50e-436a-94e6-47ca62a074a3	151
af43a431-d50e-436a-94e6-47ca62a074a3	162
af43a431-d50e-436a-94e6-47ca62a074a3	154
af43a431-d50e-436a-94e6-47ca62a074a3	131
af43a431-d50e-436a-94e6-47ca62a074a3	228
af43a431-d50e-436a-94e6-47ca62a074a3	229
af43a431-d50e-436a-94e6-47ca62a074a3	230
af43a431-d50e-436a-94e6-47ca62a074a3	231
af43a431-d50e-436a-94e6-47ca62a074a3	158
af43a431-d50e-436a-94e6-47ca62a074a3	159
af43a431-d50e-436a-94e6-47ca62a074a3	161
af43a431-d50e-436a-94e6-47ca62a074a3	203
af43a431-d50e-436a-94e6-47ca62a074a3	232
af43a431-d50e-436a-94e6-47ca62a074a3	273
af43a431-d50e-436a-94e6-47ca62a074a3	143
af43a431-d50e-436a-94e6-47ca62a074a3	141
af43a431-d50e-436a-94e6-47ca62a074a3	142
af43a431-d50e-436a-94e6-47ca62a074a3	233
af43a431-d50e-436a-94e6-47ca62a074a3	234
af43a431-d50e-436a-94e6-47ca62a074a3	134
af43a431-d50e-436a-94e6-47ca62a074a3	146
af43a431-d50e-436a-94e6-47ca62a074a3	133
af43a431-d50e-436a-94e6-47ca62a074a3	235
af43a431-d50e-436a-94e6-47ca62a074a3	147
af43a431-d50e-436a-94e6-47ca62a074a3	236
af43a431-d50e-436a-94e6-47ca62a074a3	237
af43a431-d50e-436a-94e6-47ca62a074a3	153
af43a431-d50e-436a-94e6-47ca62a074a3	238
af43a431-d50e-436a-94e6-47ca62a074a3	239
af43a431-d50e-436a-94e6-47ca62a074a3	240
af43a431-d50e-436a-94e6-47ca62a074a3	241
af43a431-d50e-436a-94e6-47ca62a074a3	156
af43a431-d50e-436a-94e6-47ca62a074a3	157
af43a431-d50e-436a-94e6-47ca62a074a3	242
af43a431-d50e-436a-94e6-47ca62a074a3	243
af43a431-d50e-436a-94e6-47ca62a074a3	272
af43a431-d50e-436a-94e6-47ca62a074a3	244
af43a431-d50e-436a-94e6-47ca62a074a3	138
af43a431-d50e-436a-94e6-47ca62a074a3	152
af43a431-d50e-436a-94e6-47ca62a074a3	150
af43a431-d50e-436a-94e6-47ca62a074a3	200
af43a431-d50e-436a-94e6-47ca62a074a3	245
af43a431-d50e-436a-94e6-47ca62a074a3	137
af43a431-d50e-436a-94e6-47ca62a074a3	145
6e365845-a7fc-430d-9566-68076e06aed9	143
6e365845-a7fc-430d-9566-68076e06aed9	141
6e365845-a7fc-430d-9566-68076e06aed9	142
6e365845-a7fc-430d-9566-68076e06aed9	233
6e365845-a7fc-430d-9566-68076e06aed9	234
6e365845-a7fc-430d-9566-68076e06aed9	134
6e365845-a7fc-430d-9566-68076e06aed9	146
6e365845-a7fc-430d-9566-68076e06aed9	133
6e365845-a7fc-430d-9566-68076e06aed9	235
6e365845-a7fc-430d-9566-68076e06aed9	147
6e365845-a7fc-430d-9566-68076e06aed9	236
6e365845-a7fc-430d-9566-68076e06aed9	237
6e365845-a7fc-430d-9566-68076e06aed9	153
6e365845-a7fc-430d-9566-68076e06aed9	238
6e365845-a7fc-430d-9566-68076e06aed9	239
6e365845-a7fc-430d-9566-68076e06aed9	240
6e365845-a7fc-430d-9566-68076e06aed9	241
6e365845-a7fc-430d-9566-68076e06aed9	156
6e365845-a7fc-430d-9566-68076e06aed9	157
6e365845-a7fc-430d-9566-68076e06aed9	242
6e365845-a7fc-430d-9566-68076e06aed9	243
6e365845-a7fc-430d-9566-68076e06aed9	272
6e365845-a7fc-430d-9566-68076e06aed9	244
1bf49031-ad63-4dce-9eff-92901a34a0dc	154
1bf49031-ad63-4dce-9eff-92901a34a0dc	131
1bf49031-ad63-4dce-9eff-92901a34a0dc	228
1bf49031-ad63-4dce-9eff-92901a34a0dc	229
1bf49031-ad63-4dce-9eff-92901a34a0dc	230
1bf49031-ad63-4dce-9eff-92901a34a0dc	231
1bf49031-ad63-4dce-9eff-92901a34a0dc	158
1bf49031-ad63-4dce-9eff-92901a34a0dc	159
1bf49031-ad63-4dce-9eff-92901a34a0dc	161
1bf49031-ad63-4dce-9eff-92901a34a0dc	203
1bf49031-ad63-4dce-9eff-92901a34a0dc	232
1bf49031-ad63-4dce-9eff-92901a34a0dc	273
1bf49031-ad63-4dce-9eff-92901a34a0dc	143
1bf49031-ad63-4dce-9eff-92901a34a0dc	141
1bf49031-ad63-4dce-9eff-92901a34a0dc	142
1bf49031-ad63-4dce-9eff-92901a34a0dc	233
1bf49031-ad63-4dce-9eff-92901a34a0dc	234
1bf49031-ad63-4dce-9eff-92901a34a0dc	134
1bf49031-ad63-4dce-9eff-92901a34a0dc	146
1bf49031-ad63-4dce-9eff-92901a34a0dc	133
1bf49031-ad63-4dce-9eff-92901a34a0dc	235
1bf49031-ad63-4dce-9eff-92901a34a0dc	147
1bf49031-ad63-4dce-9eff-92901a34a0dc	236
1bf49031-ad63-4dce-9eff-92901a34a0dc	237
1bf49031-ad63-4dce-9eff-92901a34a0dc	153
1bf49031-ad63-4dce-9eff-92901a34a0dc	238
1bf49031-ad63-4dce-9eff-92901a34a0dc	239
1bf49031-ad63-4dce-9eff-92901a34a0dc	240
1bf49031-ad63-4dce-9eff-92901a34a0dc	241
1bf49031-ad63-4dce-9eff-92901a34a0dc	156
1bf49031-ad63-4dce-9eff-92901a34a0dc	157
1bf49031-ad63-4dce-9eff-92901a34a0dc	242
1bf49031-ad63-4dce-9eff-92901a34a0dc	243
1bf49031-ad63-4dce-9eff-92901a34a0dc	272
1bf49031-ad63-4dce-9eff-92901a34a0dc	244
0b1c89e2-d266-43c9-9966-187634e68b2e	131
0b1c89e2-d266-43c9-9966-187634e68b2e	228
0b1c89e2-d266-43c9-9966-187634e68b2e	229
0b1c89e2-d266-43c9-9966-187634e68b2e	230
0b1c89e2-d266-43c9-9966-187634e68b2e	231
0b1c89e2-d266-43c9-9966-187634e68b2e	158
0b1c89e2-d266-43c9-9966-187634e68b2e	159
0b1c89e2-d266-43c9-9966-187634e68b2e	161
0b1c89e2-d266-43c9-9966-187634e68b2e	203
0b1c89e2-d266-43c9-9966-187634e68b2e	232
0b1c89e2-d266-43c9-9966-187634e68b2e	273
0b1c89e2-d266-43c9-9966-187634e68b2e	143
0b1c89e2-d266-43c9-9966-187634e68b2e	141
0b1c89e2-d266-43c9-9966-187634e68b2e	142
0b1c89e2-d266-43c9-9966-187634e68b2e	233
0b1c89e2-d266-43c9-9966-187634e68b2e	234
0b1c89e2-d266-43c9-9966-187634e68b2e	134
0b1c89e2-d266-43c9-9966-187634e68b2e	146
0b1c89e2-d266-43c9-9966-187634e68b2e	133
0b1c89e2-d266-43c9-9966-187634e68b2e	235
0b1c89e2-d266-43c9-9966-187634e68b2e	147
0b1c89e2-d266-43c9-9966-187634e68b2e	236
0b1c89e2-d266-43c9-9966-187634e68b2e	237
0b1c89e2-d266-43c9-9966-187634e68b2e	153
0b1c89e2-d266-43c9-9966-187634e68b2e	238
0b1c89e2-d266-43c9-9966-187634e68b2e	239
0b1c89e2-d266-43c9-9966-187634e68b2e	240
0b1c89e2-d266-43c9-9966-187634e68b2e	241
0b1c89e2-d266-43c9-9966-187634e68b2e	156
0b1c89e2-d266-43c9-9966-187634e68b2e	157
0b1c89e2-d266-43c9-9966-187634e68b2e	242
0b1c89e2-d266-43c9-9966-187634e68b2e	243
0b1c89e2-d266-43c9-9966-187634e68b2e	272
0b1c89e2-d266-43c9-9966-187634e68b2e	244
0b1c89e2-d266-43c9-9966-187634e68b2e	138
0b1c89e2-d266-43c9-9966-187634e68b2e	152
0b1c89e2-d266-43c9-9966-187634e68b2e	150
f8562cdd-dced-4d90-a549-fdede5533797	130
f8562cdd-dced-4d90-a549-fdede5533797	151
f8562cdd-dced-4d90-a549-fdede5533797	162
f8562cdd-dced-4d90-a549-fdede5533797	154
f8562cdd-dced-4d90-a549-fdede5533797	131
f8562cdd-dced-4d90-a549-fdede5533797	228
f8562cdd-dced-4d90-a549-fdede5533797	229
f8562cdd-dced-4d90-a549-fdede5533797	230
f8562cdd-dced-4d90-a549-fdede5533797	231
f8562cdd-dced-4d90-a549-fdede5533797	158
f8562cdd-dced-4d90-a549-fdede5533797	159
f8562cdd-dced-4d90-a549-fdede5533797	161
f8562cdd-dced-4d90-a549-fdede5533797	203
f8562cdd-dced-4d90-a549-fdede5533797	232
f8562cdd-dced-4d90-a549-fdede5533797	273
f8562cdd-dced-4d90-a549-fdede5533797	143
f8562cdd-dced-4d90-a549-fdede5533797	141
f8562cdd-dced-4d90-a549-fdede5533797	142
f8562cdd-dced-4d90-a549-fdede5533797	233
f8562cdd-dced-4d90-a549-fdede5533797	234
f8562cdd-dced-4d90-a549-fdede5533797	134
f8562cdd-dced-4d90-a549-fdede5533797	146
f8562cdd-dced-4d90-a549-fdede5533797	133
f8562cdd-dced-4d90-a549-fdede5533797	235
f8562cdd-dced-4d90-a549-fdede5533797	147
f8562cdd-dced-4d90-a549-fdede5533797	236
f8562cdd-dced-4d90-a549-fdede5533797	237
f8562cdd-dced-4d90-a549-fdede5533797	153
f8562cdd-dced-4d90-a549-fdede5533797	238
f8562cdd-dced-4d90-a549-fdede5533797	239
f8562cdd-dced-4d90-a549-fdede5533797	240
f8562cdd-dced-4d90-a549-fdede5533797	241
f8562cdd-dced-4d90-a549-fdede5533797	156
f8562cdd-dced-4d90-a549-fdede5533797	157
f8562cdd-dced-4d90-a549-fdede5533797	242
f8562cdd-dced-4d90-a549-fdede5533797	243
f8562cdd-dced-4d90-a549-fdede5533797	272
f8562cdd-dced-4d90-a549-fdede5533797	244
f8562cdd-dced-4d90-a549-fdede5533797	138
f8562cdd-dced-4d90-a549-fdede5533797	152
f8562cdd-dced-4d90-a549-fdede5533797	150
b34ad9be-cf12-4577-83a4-70d97011a9dc	130
b34ad9be-cf12-4577-83a4-70d97011a9dc	151
b34ad9be-cf12-4577-83a4-70d97011a9dc	162
b34ad9be-cf12-4577-83a4-70d97011a9dc	154
b34ad9be-cf12-4577-83a4-70d97011a9dc	131
b34ad9be-cf12-4577-83a4-70d97011a9dc	228
b34ad9be-cf12-4577-83a4-70d97011a9dc	229
b34ad9be-cf12-4577-83a4-70d97011a9dc	230
b34ad9be-cf12-4577-83a4-70d97011a9dc	231
b34ad9be-cf12-4577-83a4-70d97011a9dc	158
b34ad9be-cf12-4577-83a4-70d97011a9dc	159
b34ad9be-cf12-4577-83a4-70d97011a9dc	161
b34ad9be-cf12-4577-83a4-70d97011a9dc	203
b34ad9be-cf12-4577-83a4-70d97011a9dc	232
b34ad9be-cf12-4577-83a4-70d97011a9dc	273
b34ad9be-cf12-4577-83a4-70d97011a9dc	143
b34ad9be-cf12-4577-83a4-70d97011a9dc	141
b34ad9be-cf12-4577-83a4-70d97011a9dc	142
b34ad9be-cf12-4577-83a4-70d97011a9dc	233
b34ad9be-cf12-4577-83a4-70d97011a9dc	234
b34ad9be-cf12-4577-83a4-70d97011a9dc	134
af43a431-d50e-436a-94e6-47ca62a074a3	246
af43a431-d50e-436a-94e6-47ca62a074a3	247
af43a431-d50e-436a-94e6-47ca62a074a3	144
af43a431-d50e-436a-94e6-47ca62a074a3	135
af43a431-d50e-436a-94e6-47ca62a074a3	155
af43a431-d50e-436a-94e6-47ca62a074a3	148
af43a431-d50e-436a-94e6-47ca62a074a3	254
af43a431-d50e-436a-94e6-47ca62a074a3	255
9eaf1a52-9aa0-4d89-9185-cf70c37cf19e	162
9eaf1a52-9aa0-4d89-9185-cf70c37cf19e	154
9eaf1a52-9aa0-4d89-9185-cf70c37cf19e	131
9eaf1a52-9aa0-4d89-9185-cf70c37cf19e	228
9eaf1a52-9aa0-4d89-9185-cf70c37cf19e	229
9eaf1a52-9aa0-4d89-9185-cf70c37cf19e	230
9eaf1a52-9aa0-4d89-9185-cf70c37cf19e	231
9eaf1a52-9aa0-4d89-9185-cf70c37cf19e	158
9eaf1a52-9aa0-4d89-9185-cf70c37cf19e	159
9eaf1a52-9aa0-4d89-9185-cf70c37cf19e	161
9eaf1a52-9aa0-4d89-9185-cf70c37cf19e	203
9eaf1a52-9aa0-4d89-9185-cf70c37cf19e	232
9eaf1a52-9aa0-4d89-9185-cf70c37cf19e	273
9eaf1a52-9aa0-4d89-9185-cf70c37cf19e	143
9eaf1a52-9aa0-4d89-9185-cf70c37cf19e	141
9eaf1a52-9aa0-4d89-9185-cf70c37cf19e	142
9eaf1a52-9aa0-4d89-9185-cf70c37cf19e	233
9eaf1a52-9aa0-4d89-9185-cf70c37cf19e	234
9eaf1a52-9aa0-4d89-9185-cf70c37cf19e	134
9eaf1a52-9aa0-4d89-9185-cf70c37cf19e	146
9eaf1a52-9aa0-4d89-9185-cf70c37cf19e	133
9eaf1a52-9aa0-4d89-9185-cf70c37cf19e	235
9eaf1a52-9aa0-4d89-9185-cf70c37cf19e	147
9eaf1a52-9aa0-4d89-9185-cf70c37cf19e	236
9eaf1a52-9aa0-4d89-9185-cf70c37cf19e	237
9eaf1a52-9aa0-4d89-9185-cf70c37cf19e	153
9eaf1a52-9aa0-4d89-9185-cf70c37cf19e	238
9eaf1a52-9aa0-4d89-9185-cf70c37cf19e	239
9eaf1a52-9aa0-4d89-9185-cf70c37cf19e	240
9eaf1a52-9aa0-4d89-9185-cf70c37cf19e	241
9eaf1a52-9aa0-4d89-9185-cf70c37cf19e	156
9eaf1a52-9aa0-4d89-9185-cf70c37cf19e	157
9eaf1a52-9aa0-4d89-9185-cf70c37cf19e	242
9eaf1a52-9aa0-4d89-9185-cf70c37cf19e	243
9eaf1a52-9aa0-4d89-9185-cf70c37cf19e	272
9eaf1a52-9aa0-4d89-9185-cf70c37cf19e	244
9eaf1a52-9aa0-4d89-9185-cf70c37cf19e	138
9eaf1a52-9aa0-4d89-9185-cf70c37cf19e	152
9eaf1a52-9aa0-4d89-9185-cf70c37cf19e	150
9eaf1a52-9aa0-4d89-9185-cf70c37cf19e	200
9eaf1a52-9aa0-4d89-9185-cf70c37cf19e	245
5435f11f-3a1d-4137-8438-9a58839d2700	162
5435f11f-3a1d-4137-8438-9a58839d2700	154
5435f11f-3a1d-4137-8438-9a58839d2700	131
5435f11f-3a1d-4137-8438-9a58839d2700	228
5435f11f-3a1d-4137-8438-9a58839d2700	229
5435f11f-3a1d-4137-8438-9a58839d2700	230
5435f11f-3a1d-4137-8438-9a58839d2700	231
5435f11f-3a1d-4137-8438-9a58839d2700	158
5435f11f-3a1d-4137-8438-9a58839d2700	159
5435f11f-3a1d-4137-8438-9a58839d2700	161
5435f11f-3a1d-4137-8438-9a58839d2700	203
5435f11f-3a1d-4137-8438-9a58839d2700	232
5435f11f-3a1d-4137-8438-9a58839d2700	273
5435f11f-3a1d-4137-8438-9a58839d2700	143
5435f11f-3a1d-4137-8438-9a58839d2700	141
5435f11f-3a1d-4137-8438-9a58839d2700	142
5435f11f-3a1d-4137-8438-9a58839d2700	233
5435f11f-3a1d-4137-8438-9a58839d2700	234
5435f11f-3a1d-4137-8438-9a58839d2700	134
5435f11f-3a1d-4137-8438-9a58839d2700	146
5435f11f-3a1d-4137-8438-9a58839d2700	133
5435f11f-3a1d-4137-8438-9a58839d2700	235
5435f11f-3a1d-4137-8438-9a58839d2700	147
5435f11f-3a1d-4137-8438-9a58839d2700	236
5435f11f-3a1d-4137-8438-9a58839d2700	237
5435f11f-3a1d-4137-8438-9a58839d2700	153
5435f11f-3a1d-4137-8438-9a58839d2700	238
5435f11f-3a1d-4137-8438-9a58839d2700	239
5435f11f-3a1d-4137-8438-9a58839d2700	240
5435f11f-3a1d-4137-8438-9a58839d2700	241
5435f11f-3a1d-4137-8438-9a58839d2700	156
5435f11f-3a1d-4137-8438-9a58839d2700	157
5435f11f-3a1d-4137-8438-9a58839d2700	242
5435f11f-3a1d-4137-8438-9a58839d2700	243
5435f11f-3a1d-4137-8438-9a58839d2700	272
5435f11f-3a1d-4137-8438-9a58839d2700	244
5435f11f-3a1d-4137-8438-9a58839d2700	138
5435f11f-3a1d-4137-8438-9a58839d2700	152
5435f11f-3a1d-4137-8438-9a58839d2700	150
5435f11f-3a1d-4137-8438-9a58839d2700	200
5435f11f-3a1d-4137-8438-9a58839d2700	245
5435f11f-3a1d-4137-8438-9a58839d2700	137
5435f11f-3a1d-4137-8438-9a58839d2700	145
5435f11f-3a1d-4137-8438-9a58839d2700	246
5435f11f-3a1d-4137-8438-9a58839d2700	247
5435f11f-3a1d-4137-8438-9a58839d2700	144
5435f11f-3a1d-4137-8438-9a58839d2700	135
5435f11f-3a1d-4137-8438-9a58839d2700	155
5435f11f-3a1d-4137-8438-9a58839d2700	148
5435f11f-3a1d-4137-8438-9a58839d2700	254
14478f23-9fca-4242-8654-51e5021f34c3	218
14478f23-9fca-4242-8654-51e5021f34c3	219
14478f23-9fca-4242-8654-51e5021f34c3	220
14478f23-9fca-4242-8654-51e5021f34c3	221
14478f23-9fca-4242-8654-51e5021f34c3	222
14478f23-9fca-4242-8654-51e5021f34c3	223
14478f23-9fca-4242-8654-51e5021f34c3	224
14478f23-9fca-4242-8654-51e5021f34c3	225
14478f23-9fca-4242-8654-51e5021f34c3	226
14478f23-9fca-4242-8654-51e5021f34c3	271
14478f23-9fca-4242-8654-51e5021f34c3	132
14478f23-9fca-4242-8654-51e5021f34c3	140
14478f23-9fca-4242-8654-51e5021f34c3	139
14478f23-9fca-4242-8654-51e5021f34c3	136
14478f23-9fca-4242-8654-51e5021f34c3	160
14478f23-9fca-4242-8654-51e5021f34c3	227
14478f23-9fca-4242-8654-51e5021f34c3	149
14478f23-9fca-4242-8654-51e5021f34c3	130
14478f23-9fca-4242-8654-51e5021f34c3	151
14478f23-9fca-4242-8654-51e5021f34c3	162
14478f23-9fca-4242-8654-51e5021f34c3	154
14478f23-9fca-4242-8654-51e5021f34c3	131
14478f23-9fca-4242-8654-51e5021f34c3	228
14478f23-9fca-4242-8654-51e5021f34c3	229
14478f23-9fca-4242-8654-51e5021f34c3	230
14478f23-9fca-4242-8654-51e5021f34c3	231
14478f23-9fca-4242-8654-51e5021f34c3	158
14478f23-9fca-4242-8654-51e5021f34c3	159
14478f23-9fca-4242-8654-51e5021f34c3	161
14478f23-9fca-4242-8654-51e5021f34c3	203
14478f23-9fca-4242-8654-51e5021f34c3	232
14478f23-9fca-4242-8654-51e5021f34c3	273
14478f23-9fca-4242-8654-51e5021f34c3	143
14478f23-9fca-4242-8654-51e5021f34c3	141
14478f23-9fca-4242-8654-51e5021f34c3	142
14478f23-9fca-4242-8654-51e5021f34c3	233
14478f23-9fca-4242-8654-51e5021f34c3	234
14478f23-9fca-4242-8654-51e5021f34c3	134
14478f23-9fca-4242-8654-51e5021f34c3	146
14478f23-9fca-4242-8654-51e5021f34c3	133
14478f23-9fca-4242-8654-51e5021f34c3	235
14478f23-9fca-4242-8654-51e5021f34c3	147
14478f23-9fca-4242-8654-51e5021f34c3	236
14478f23-9fca-4242-8654-51e5021f34c3	237
14478f23-9fca-4242-8654-51e5021f34c3	153
14478f23-9fca-4242-8654-51e5021f34c3	238
14478f23-9fca-4242-8654-51e5021f34c3	239
14478f23-9fca-4242-8654-51e5021f34c3	240
14478f23-9fca-4242-8654-51e5021f34c3	241
14478f23-9fca-4242-8654-51e5021f34c3	156
14478f23-9fca-4242-8654-51e5021f34c3	157
14478f23-9fca-4242-8654-51e5021f34c3	242
14478f23-9fca-4242-8654-51e5021f34c3	243
14478f23-9fca-4242-8654-51e5021f34c3	272
14478f23-9fca-4242-8654-51e5021f34c3	244
14478f23-9fca-4242-8654-51e5021f34c3	138
14478f23-9fca-4242-8654-51e5021f34c3	152
14478f23-9fca-4242-8654-51e5021f34c3	150
14478f23-9fca-4242-8654-51e5021f34c3	200
14478f23-9fca-4242-8654-51e5021f34c3	245
14478f23-9fca-4242-8654-51e5021f34c3	137
14478f23-9fca-4242-8654-51e5021f34c3	145
14478f23-9fca-4242-8654-51e5021f34c3	246
14478f23-9fca-4242-8654-51e5021f34c3	247
14478f23-9fca-4242-8654-51e5021f34c3	144
14478f23-9fca-4242-8654-51e5021f34c3	135
14478f23-9fca-4242-8654-51e5021f34c3	155
14478f23-9fca-4242-8654-51e5021f34c3	148
14478f23-9fca-4242-8654-51e5021f34c3	254
14478f23-9fca-4242-8654-51e5021f34c3	255
14478f23-9fca-4242-8654-51e5021f34c3	256
14478f23-9fca-4242-8654-51e5021f34c3	257
14478f23-9fca-4242-8654-51e5021f34c3	258
14478f23-9fca-4242-8654-51e5021f34c3	259
14478f23-9fca-4242-8654-51e5021f34c3	260
14478f23-9fca-4242-8654-51e5021f34c3	274
14478f23-9fca-4242-8654-51e5021f34c3	261
14478f23-9fca-4242-8654-51e5021f34c3	262
14478f23-9fca-4242-8654-51e5021f34c3	263
14478f23-9fca-4242-8654-51e5021f34c3	264
14478f23-9fca-4242-8654-51e5021f34c3	265
14478f23-9fca-4242-8654-51e5021f34c3	266
6349d1de-dc8a-4641-8ee3-858da18fb32f	149
6349d1de-dc8a-4641-8ee3-858da18fb32f	130
6349d1de-dc8a-4641-8ee3-858da18fb32f	151
6349d1de-dc8a-4641-8ee3-858da18fb32f	162
6349d1de-dc8a-4641-8ee3-858da18fb32f	154
6349d1de-dc8a-4641-8ee3-858da18fb32f	131
6349d1de-dc8a-4641-8ee3-858da18fb32f	228
6349d1de-dc8a-4641-8ee3-858da18fb32f	229
6349d1de-dc8a-4641-8ee3-858da18fb32f	230
6349d1de-dc8a-4641-8ee3-858da18fb32f	231
6349d1de-dc8a-4641-8ee3-858da18fb32f	158
6349d1de-dc8a-4641-8ee3-858da18fb32f	159
6349d1de-dc8a-4641-8ee3-858da18fb32f	161
6349d1de-dc8a-4641-8ee3-858da18fb32f	203
6349d1de-dc8a-4641-8ee3-858da18fb32f	232
6349d1de-dc8a-4641-8ee3-858da18fb32f	273
6349d1de-dc8a-4641-8ee3-858da18fb32f	143
6349d1de-dc8a-4641-8ee3-858da18fb32f	141
6349d1de-dc8a-4641-8ee3-858da18fb32f	142
6349d1de-dc8a-4641-8ee3-858da18fb32f	233
6349d1de-dc8a-4641-8ee3-858da18fb32f	234
6349d1de-dc8a-4641-8ee3-858da18fb32f	134
6349d1de-dc8a-4641-8ee3-858da18fb32f	146
6349d1de-dc8a-4641-8ee3-858da18fb32f	133
6349d1de-dc8a-4641-8ee3-858da18fb32f	235
6349d1de-dc8a-4641-8ee3-858da18fb32f	147
6349d1de-dc8a-4641-8ee3-858da18fb32f	236
6349d1de-dc8a-4641-8ee3-858da18fb32f	237
6349d1de-dc8a-4641-8ee3-858da18fb32f	153
6349d1de-dc8a-4641-8ee3-858da18fb32f	238
6349d1de-dc8a-4641-8ee3-858da18fb32f	239
6349d1de-dc8a-4641-8ee3-858da18fb32f	240
6349d1de-dc8a-4641-8ee3-858da18fb32f	241
6349d1de-dc8a-4641-8ee3-858da18fb32f	156
6349d1de-dc8a-4641-8ee3-858da18fb32f	157
6349d1de-dc8a-4641-8ee3-858da18fb32f	242
6349d1de-dc8a-4641-8ee3-858da18fb32f	243
6349d1de-dc8a-4641-8ee3-858da18fb32f	272
6349d1de-dc8a-4641-8ee3-858da18fb32f	244
6349d1de-dc8a-4641-8ee3-858da18fb32f	138
6349d1de-dc8a-4641-8ee3-858da18fb32f	152
6349d1de-dc8a-4641-8ee3-858da18fb32f	150
6349d1de-dc8a-4641-8ee3-858da18fb32f	200
6349d1de-dc8a-4641-8ee3-858da18fb32f	245
6349d1de-dc8a-4641-8ee3-858da18fb32f	137
6349d1de-dc8a-4641-8ee3-858da18fb32f	145
6349d1de-dc8a-4641-8ee3-858da18fb32f	246
6349d1de-dc8a-4641-8ee3-858da18fb32f	247
6349d1de-dc8a-4641-8ee3-858da18fb32f	144
6349d1de-dc8a-4641-8ee3-858da18fb32f	135
644715f3-1418-4847-aded-cb474ea7547a	131
644715f3-1418-4847-aded-cb474ea7547a	228
644715f3-1418-4847-aded-cb474ea7547a	229
644715f3-1418-4847-aded-cb474ea7547a	230
644715f3-1418-4847-aded-cb474ea7547a	231
644715f3-1418-4847-aded-cb474ea7547a	158
644715f3-1418-4847-aded-cb474ea7547a	159
644715f3-1418-4847-aded-cb474ea7547a	161
644715f3-1418-4847-aded-cb474ea7547a	203
644715f3-1418-4847-aded-cb474ea7547a	232
644715f3-1418-4847-aded-cb474ea7547a	273
644715f3-1418-4847-aded-cb474ea7547a	143
644715f3-1418-4847-aded-cb474ea7547a	141
644715f3-1418-4847-aded-cb474ea7547a	142
644715f3-1418-4847-aded-cb474ea7547a	233
644715f3-1418-4847-aded-cb474ea7547a	234
644715f3-1418-4847-aded-cb474ea7547a	134
644715f3-1418-4847-aded-cb474ea7547a	146
644715f3-1418-4847-aded-cb474ea7547a	133
644715f3-1418-4847-aded-cb474ea7547a	235
644715f3-1418-4847-aded-cb474ea7547a	147
644715f3-1418-4847-aded-cb474ea7547a	236
644715f3-1418-4847-aded-cb474ea7547a	237
644715f3-1418-4847-aded-cb474ea7547a	153
644715f3-1418-4847-aded-cb474ea7547a	238
644715f3-1418-4847-aded-cb474ea7547a	239
644715f3-1418-4847-aded-cb474ea7547a	240
644715f3-1418-4847-aded-cb474ea7547a	241
644715f3-1418-4847-aded-cb474ea7547a	156
644715f3-1418-4847-aded-cb474ea7547a	157
644715f3-1418-4847-aded-cb474ea7547a	242
644715f3-1418-4847-aded-cb474ea7547a	243
644715f3-1418-4847-aded-cb474ea7547a	272
644715f3-1418-4847-aded-cb474ea7547a	244
644715f3-1418-4847-aded-cb474ea7547a	138
644715f3-1418-4847-aded-cb474ea7547a	152
644715f3-1418-4847-aded-cb474ea7547a	150
644715f3-1418-4847-aded-cb474ea7547a	200
644715f3-1418-4847-aded-cb474ea7547a	245
644715f3-1418-4847-aded-cb474ea7547a	137
644715f3-1418-4847-aded-cb474ea7547a	145
644715f3-1418-4847-aded-cb474ea7547a	246
644715f3-1418-4847-aded-cb474ea7547a	247
b64b22fa-5672-4454-8482-533ca3405c75	228
b64b22fa-5672-4454-8482-533ca3405c75	229
b64b22fa-5672-4454-8482-533ca3405c75	230
b64b22fa-5672-4454-8482-533ca3405c75	231
b64b22fa-5672-4454-8482-533ca3405c75	158
b64b22fa-5672-4454-8482-533ca3405c75	159
b64b22fa-5672-4454-8482-533ca3405c75	161
b64b22fa-5672-4454-8482-533ca3405c75	203
b64b22fa-5672-4454-8482-533ca3405c75	232
b64b22fa-5672-4454-8482-533ca3405c75	273
b64b22fa-5672-4454-8482-533ca3405c75	143
b64b22fa-5672-4454-8482-533ca3405c75	141
b64b22fa-5672-4454-8482-533ca3405c75	142
b64b22fa-5672-4454-8482-533ca3405c75	233
b64b22fa-5672-4454-8482-533ca3405c75	234
b64b22fa-5672-4454-8482-533ca3405c75	134
b64b22fa-5672-4454-8482-533ca3405c75	146
b64b22fa-5672-4454-8482-533ca3405c75	133
b64b22fa-5672-4454-8482-533ca3405c75	235
b64b22fa-5672-4454-8482-533ca3405c75	147
b64b22fa-5672-4454-8482-533ca3405c75	236
b64b22fa-5672-4454-8482-533ca3405c75	237
b64b22fa-5672-4454-8482-533ca3405c75	153
b64b22fa-5672-4454-8482-533ca3405c75	238
b64b22fa-5672-4454-8482-533ca3405c75	239
b64b22fa-5672-4454-8482-533ca3405c75	240
b64b22fa-5672-4454-8482-533ca3405c75	241
b64b22fa-5672-4454-8482-533ca3405c75	156
b64b22fa-5672-4454-8482-533ca3405c75	157
b64b22fa-5672-4454-8482-533ca3405c75	242
b64b22fa-5672-4454-8482-533ca3405c75	243
b64b22fa-5672-4454-8482-533ca3405c75	272
b64b22fa-5672-4454-8482-533ca3405c75	244
b64b22fa-5672-4454-8482-533ca3405c75	138
b64b22fa-5672-4454-8482-533ca3405c75	152
b64b22fa-5672-4454-8482-533ca3405c75	150
b64b22fa-5672-4454-8482-533ca3405c75	200
b64b22fa-5672-4454-8482-533ca3405c75	245
b64b22fa-5672-4454-8482-533ca3405c75	137
b64b22fa-5672-4454-8482-533ca3405c75	145
b34ad9be-cf12-4577-83a4-70d97011a9dc	146
b34ad9be-cf12-4577-83a4-70d97011a9dc	133
b34ad9be-cf12-4577-83a4-70d97011a9dc	235
b34ad9be-cf12-4577-83a4-70d97011a9dc	147
b34ad9be-cf12-4577-83a4-70d97011a9dc	236
b34ad9be-cf12-4577-83a4-70d97011a9dc	237
b34ad9be-cf12-4577-83a4-70d97011a9dc	153
b34ad9be-cf12-4577-83a4-70d97011a9dc	238
b34ad9be-cf12-4577-83a4-70d97011a9dc	239
b34ad9be-cf12-4577-83a4-70d97011a9dc	240
b34ad9be-cf12-4577-83a4-70d97011a9dc	241
b34ad9be-cf12-4577-83a4-70d97011a9dc	156
b34ad9be-cf12-4577-83a4-70d97011a9dc	157
b34ad9be-cf12-4577-83a4-70d97011a9dc	242
b34ad9be-cf12-4577-83a4-70d97011a9dc	243
b34ad9be-cf12-4577-83a4-70d97011a9dc	272
b34ad9be-cf12-4577-83a4-70d97011a9dc	244
b34ad9be-cf12-4577-83a4-70d97011a9dc	138
b34ad9be-cf12-4577-83a4-70d97011a9dc	152
b34ad9be-cf12-4577-83a4-70d97011a9dc	150
b34ad9be-cf12-4577-83a4-70d97011a9dc	200
b34ad9be-cf12-4577-83a4-70d97011a9dc	245
b34ad9be-cf12-4577-83a4-70d97011a9dc	137
b34ad9be-cf12-4577-83a4-70d97011a9dc	145
b34ad9be-cf12-4577-83a4-70d97011a9dc	246
b34ad9be-cf12-4577-83a4-70d97011a9dc	247
b34ad9be-cf12-4577-83a4-70d97011a9dc	144
b34ad9be-cf12-4577-83a4-70d97011a9dc	135
b34ad9be-cf12-4577-83a4-70d97011a9dc	155
b34ad9be-cf12-4577-83a4-70d97011a9dc	148
b34ad9be-cf12-4577-83a4-70d97011a9dc	254
b34ad9be-cf12-4577-83a4-70d97011a9dc	255
df58a45f-fb32-4235-a7a0-e16c25b3124f	141
df58a45f-fb32-4235-a7a0-e16c25b3124f	142
df58a45f-fb32-4235-a7a0-e16c25b3124f	233
df58a45f-fb32-4235-a7a0-e16c25b3124f	234
df58a45f-fb32-4235-a7a0-e16c25b3124f	134
df58a45f-fb32-4235-a7a0-e16c25b3124f	146
df58a45f-fb32-4235-a7a0-e16c25b3124f	133
df58a45f-fb32-4235-a7a0-e16c25b3124f	235
df58a45f-fb32-4235-a7a0-e16c25b3124f	147
df58a45f-fb32-4235-a7a0-e16c25b3124f	236
df58a45f-fb32-4235-a7a0-e16c25b3124f	237
df58a45f-fb32-4235-a7a0-e16c25b3124f	153
df58a45f-fb32-4235-a7a0-e16c25b3124f	238
df58a45f-fb32-4235-a7a0-e16c25b3124f	239
df58a45f-fb32-4235-a7a0-e16c25b3124f	240
df58a45f-fb32-4235-a7a0-e16c25b3124f	241
df58a45f-fb32-4235-a7a0-e16c25b3124f	156
df58a45f-fb32-4235-a7a0-e16c25b3124f	157
df58a45f-fb32-4235-a7a0-e16c25b3124f	242
df58a45f-fb32-4235-a7a0-e16c25b3124f	243
df58a45f-fb32-4235-a7a0-e16c25b3124f	272
df58a45f-fb32-4235-a7a0-e16c25b3124f	244
df58a45f-fb32-4235-a7a0-e16c25b3124f	138
df58a45f-fb32-4235-a7a0-e16c25b3124f	152
df58a45f-fb32-4235-a7a0-e16c25b3124f	150
df58a45f-fb32-4235-a7a0-e16c25b3124f	200
df58a45f-fb32-4235-a7a0-e16c25b3124f	245
df58a45f-fb32-4235-a7a0-e16c25b3124f	137
df58a45f-fb32-4235-a7a0-e16c25b3124f	145
df58a45f-fb32-4235-a7a0-e16c25b3124f	246
df58a45f-fb32-4235-a7a0-e16c25b3124f	247
80c0db99-91c6-4ff7-b990-34dc1c434d41	248
80c0db99-91c6-4ff7-b990-34dc1c434d41	249
80c0db99-91c6-4ff7-b990-34dc1c434d41	250
80c0db99-91c6-4ff7-b990-34dc1c434d41	251
80c0db99-91c6-4ff7-b990-34dc1c434d41	252
80c0db99-91c6-4ff7-b990-34dc1c434d41	253
80c0db99-91c6-4ff7-b990-34dc1c434d41	213
80c0db99-91c6-4ff7-b990-34dc1c434d41	214
80c0db99-91c6-4ff7-b990-34dc1c434d41	215
80c0db99-91c6-4ff7-b990-34dc1c434d41	216
80c0db99-91c6-4ff7-b990-34dc1c434d41	217
80c0db99-91c6-4ff7-b990-34dc1c434d41	218
80c0db99-91c6-4ff7-b990-34dc1c434d41	219
80c0db99-91c6-4ff7-b990-34dc1c434d41	220
80c0db99-91c6-4ff7-b990-34dc1c434d41	221
80c0db99-91c6-4ff7-b990-34dc1c434d41	222
80c0db99-91c6-4ff7-b990-34dc1c434d41	223
80c0db99-91c6-4ff7-b990-34dc1c434d41	224
80c0db99-91c6-4ff7-b990-34dc1c434d41	225
80c0db99-91c6-4ff7-b990-34dc1c434d41	226
80c0db99-91c6-4ff7-b990-34dc1c434d41	271
80c0db99-91c6-4ff7-b990-34dc1c434d41	132
80c0db99-91c6-4ff7-b990-34dc1c434d41	140
80c0db99-91c6-4ff7-b990-34dc1c434d41	139
80c0db99-91c6-4ff7-b990-34dc1c434d41	136
80c0db99-91c6-4ff7-b990-34dc1c434d41	160
80c0db99-91c6-4ff7-b990-34dc1c434d41	227
80c0db99-91c6-4ff7-b990-34dc1c434d41	149
80c0db99-91c6-4ff7-b990-34dc1c434d41	130
80c0db99-91c6-4ff7-b990-34dc1c434d41	151
80c0db99-91c6-4ff7-b990-34dc1c434d41	162
80c0db99-91c6-4ff7-b990-34dc1c434d41	154
80c0db99-91c6-4ff7-b990-34dc1c434d41	131
80c0db99-91c6-4ff7-b990-34dc1c434d41	228
80c0db99-91c6-4ff7-b990-34dc1c434d41	229
80c0db99-91c6-4ff7-b990-34dc1c434d41	230
80c0db99-91c6-4ff7-b990-34dc1c434d41	231
80c0db99-91c6-4ff7-b990-34dc1c434d41	158
80c0db99-91c6-4ff7-b990-34dc1c434d41	159
80c0db99-91c6-4ff7-b990-34dc1c434d41	161
80c0db99-91c6-4ff7-b990-34dc1c434d41	203
80c0db99-91c6-4ff7-b990-34dc1c434d41	232
80c0db99-91c6-4ff7-b990-34dc1c434d41	273
80c0db99-91c6-4ff7-b990-34dc1c434d41	143
80c0db99-91c6-4ff7-b990-34dc1c434d41	141
80c0db99-91c6-4ff7-b990-34dc1c434d41	142
80c0db99-91c6-4ff7-b990-34dc1c434d41	233
80c0db99-91c6-4ff7-b990-34dc1c434d41	234
80c0db99-91c6-4ff7-b990-34dc1c434d41	134
80c0db99-91c6-4ff7-b990-34dc1c434d41	146
80c0db99-91c6-4ff7-b990-34dc1c434d41	133
80c0db99-91c6-4ff7-b990-34dc1c434d41	235
80c0db99-91c6-4ff7-b990-34dc1c434d41	147
80c0db99-91c6-4ff7-b990-34dc1c434d41	236
80c0db99-91c6-4ff7-b990-34dc1c434d41	237
80c0db99-91c6-4ff7-b990-34dc1c434d41	153
80c0db99-91c6-4ff7-b990-34dc1c434d41	238
80c0db99-91c6-4ff7-b990-34dc1c434d41	239
80c0db99-91c6-4ff7-b990-34dc1c434d41	240
80c0db99-91c6-4ff7-b990-34dc1c434d41	241
80c0db99-91c6-4ff7-b990-34dc1c434d41	156
80c0db99-91c6-4ff7-b990-34dc1c434d41	157
80c0db99-91c6-4ff7-b990-34dc1c434d41	242
80c0db99-91c6-4ff7-b990-34dc1c434d41	243
80c0db99-91c6-4ff7-b990-34dc1c434d41	272
a2c33b51-f7a3-4d96-9ca3-3125b45fe870	151
a2c33b51-f7a3-4d96-9ca3-3125b45fe870	162
a2c33b51-f7a3-4d96-9ca3-3125b45fe870	154
a2c33b51-f7a3-4d96-9ca3-3125b45fe870	131
a2c33b51-f7a3-4d96-9ca3-3125b45fe870	228
a2c33b51-f7a3-4d96-9ca3-3125b45fe870	229
a2c33b51-f7a3-4d96-9ca3-3125b45fe870	230
a2c33b51-f7a3-4d96-9ca3-3125b45fe870	231
a2c33b51-f7a3-4d96-9ca3-3125b45fe870	158
a2c33b51-f7a3-4d96-9ca3-3125b45fe870	159
a2c33b51-f7a3-4d96-9ca3-3125b45fe870	161
a2c33b51-f7a3-4d96-9ca3-3125b45fe870	203
a2c33b51-f7a3-4d96-9ca3-3125b45fe870	232
a2c33b51-f7a3-4d96-9ca3-3125b45fe870	273
a2c33b51-f7a3-4d96-9ca3-3125b45fe870	143
a2c33b51-f7a3-4d96-9ca3-3125b45fe870	141
a2c33b51-f7a3-4d96-9ca3-3125b45fe870	142
a2c33b51-f7a3-4d96-9ca3-3125b45fe870	233
a2c33b51-f7a3-4d96-9ca3-3125b45fe870	234
a2c33b51-f7a3-4d96-9ca3-3125b45fe870	134
a2c33b51-f7a3-4d96-9ca3-3125b45fe870	146
a2c33b51-f7a3-4d96-9ca3-3125b45fe870	133
a2c33b51-f7a3-4d96-9ca3-3125b45fe870	235
a2c33b51-f7a3-4d96-9ca3-3125b45fe870	147
a2c33b51-f7a3-4d96-9ca3-3125b45fe870	236
a2c33b51-f7a3-4d96-9ca3-3125b45fe870	237
a2c33b51-f7a3-4d96-9ca3-3125b45fe870	153
a2c33b51-f7a3-4d96-9ca3-3125b45fe870	238
a2c33b51-f7a3-4d96-9ca3-3125b45fe870	239
b64b22fa-5672-4454-8482-533ca3405c75	246
e3607055-7718-4126-ace7-99a91058580b	162
e3607055-7718-4126-ace7-99a91058580b	154
e3607055-7718-4126-ace7-99a91058580b	131
e3607055-7718-4126-ace7-99a91058580b	228
e3607055-7718-4126-ace7-99a91058580b	229
e3607055-7718-4126-ace7-99a91058580b	230
e3607055-7718-4126-ace7-99a91058580b	231
e3607055-7718-4126-ace7-99a91058580b	158
e3607055-7718-4126-ace7-99a91058580b	159
e3607055-7718-4126-ace7-99a91058580b	161
e3607055-7718-4126-ace7-99a91058580b	203
e3607055-7718-4126-ace7-99a91058580b	232
e3607055-7718-4126-ace7-99a91058580b	273
e3607055-7718-4126-ace7-99a91058580b	234
e3607055-7718-4126-ace7-99a91058580b	134
e3607055-7718-4126-ace7-99a91058580b	146
e3607055-7718-4126-ace7-99a91058580b	133
e3607055-7718-4126-ace7-99a91058580b	235
e3607055-7718-4126-ace7-99a91058580b	147
e3607055-7718-4126-ace7-99a91058580b	236
e3607055-7718-4126-ace7-99a91058580b	237
e3607055-7718-4126-ace7-99a91058580b	153
e3607055-7718-4126-ace7-99a91058580b	238
e3607055-7718-4126-ace7-99a91058580b	239
e3607055-7718-4126-ace7-99a91058580b	240
e3607055-7718-4126-ace7-99a91058580b	241
e3607055-7718-4126-ace7-99a91058580b	156
e3607055-7718-4126-ace7-99a91058580b	157
e3607055-7718-4126-ace7-99a91058580b	242
e3607055-7718-4126-ace7-99a91058580b	243
e3607055-7718-4126-ace7-99a91058580b	272
e3607055-7718-4126-ace7-99a91058580b	200
e3607055-7718-4126-ace7-99a91058580b	245
e3607055-7718-4126-ace7-99a91058580b	137
e3607055-7718-4126-ace7-99a91058580b	145
e3607055-7718-4126-ace7-99a91058580b	246
e3607055-7718-4126-ace7-99a91058580b	247
e3607055-7718-4126-ace7-99a91058580b	144
e3607055-7718-4126-ace7-99a91058580b	135
e3607055-7718-4126-ace7-99a91058580b	155
e3607055-7718-4126-ace7-99a91058580b	148
e3607055-7718-4126-ace7-99a91058580b	254
e3607055-7718-4126-ace7-99a91058580b	255
f8438f9a-c632-4820-94dd-239b0ceda84b	149
f8438f9a-c632-4820-94dd-239b0ceda84b	130
f8438f9a-c632-4820-94dd-239b0ceda84b	151
f8438f9a-c632-4820-94dd-239b0ceda84b	162
f8438f9a-c632-4820-94dd-239b0ceda84b	154
f8438f9a-c632-4820-94dd-239b0ceda84b	131
f8438f9a-c632-4820-94dd-239b0ceda84b	228
f8438f9a-c632-4820-94dd-239b0ceda84b	229
f8438f9a-c632-4820-94dd-239b0ceda84b	230
f8438f9a-c632-4820-94dd-239b0ceda84b	231
f8438f9a-c632-4820-94dd-239b0ceda84b	158
f8438f9a-c632-4820-94dd-239b0ceda84b	159
f8438f9a-c632-4820-94dd-239b0ceda84b	161
f8438f9a-c632-4820-94dd-239b0ceda84b	203
f8438f9a-c632-4820-94dd-239b0ceda84b	232
f8438f9a-c632-4820-94dd-239b0ceda84b	273
f8438f9a-c632-4820-94dd-239b0ceda84b	143
f8438f9a-c632-4820-94dd-239b0ceda84b	141
f8438f9a-c632-4820-94dd-239b0ceda84b	142
f8438f9a-c632-4820-94dd-239b0ceda84b	233
f8438f9a-c632-4820-94dd-239b0ceda84b	234
f8438f9a-c632-4820-94dd-239b0ceda84b	134
f8438f9a-c632-4820-94dd-239b0ceda84b	146
f8438f9a-c632-4820-94dd-239b0ceda84b	133
f8438f9a-c632-4820-94dd-239b0ceda84b	235
f8438f9a-c632-4820-94dd-239b0ceda84b	147
f8438f9a-c632-4820-94dd-239b0ceda84b	236
f8438f9a-c632-4820-94dd-239b0ceda84b	237
f8438f9a-c632-4820-94dd-239b0ceda84b	153
f8438f9a-c632-4820-94dd-239b0ceda84b	238
f8438f9a-c632-4820-94dd-239b0ceda84b	239
f8438f9a-c632-4820-94dd-239b0ceda84b	240
f8438f9a-c632-4820-94dd-239b0ceda84b	241
f8438f9a-c632-4820-94dd-239b0ceda84b	156
f8438f9a-c632-4820-94dd-239b0ceda84b	157
f8438f9a-c632-4820-94dd-239b0ceda84b	242
f8438f9a-c632-4820-94dd-239b0ceda84b	243
f8438f9a-c632-4820-94dd-239b0ceda84b	272
f8438f9a-c632-4820-94dd-239b0ceda84b	244
f8438f9a-c632-4820-94dd-239b0ceda84b	138
f8438f9a-c632-4820-94dd-239b0ceda84b	152
f8438f9a-c632-4820-94dd-239b0ceda84b	150
f8438f9a-c632-4820-94dd-239b0ceda84b	200
f8438f9a-c632-4820-94dd-239b0ceda84b	245
f8438f9a-c632-4820-94dd-239b0ceda84b	137
884832b1-d07c-4c5e-9441-468d9b6a98e1	162
884832b1-d07c-4c5e-9441-468d9b6a98e1	154
884832b1-d07c-4c5e-9441-468d9b6a98e1	131
884832b1-d07c-4c5e-9441-468d9b6a98e1	228
884832b1-d07c-4c5e-9441-468d9b6a98e1	229
884832b1-d07c-4c5e-9441-468d9b6a98e1	230
884832b1-d07c-4c5e-9441-468d9b6a98e1	231
884832b1-d07c-4c5e-9441-468d9b6a98e1	158
884832b1-d07c-4c5e-9441-468d9b6a98e1	159
884832b1-d07c-4c5e-9441-468d9b6a98e1	161
884832b1-d07c-4c5e-9441-468d9b6a98e1	203
884832b1-d07c-4c5e-9441-468d9b6a98e1	232
884832b1-d07c-4c5e-9441-468d9b6a98e1	273
884832b1-d07c-4c5e-9441-468d9b6a98e1	143
884832b1-d07c-4c5e-9441-468d9b6a98e1	141
884832b1-d07c-4c5e-9441-468d9b6a98e1	142
884832b1-d07c-4c5e-9441-468d9b6a98e1	233
884832b1-d07c-4c5e-9441-468d9b6a98e1	234
884832b1-d07c-4c5e-9441-468d9b6a98e1	134
884832b1-d07c-4c5e-9441-468d9b6a98e1	146
884832b1-d07c-4c5e-9441-468d9b6a98e1	133
884832b1-d07c-4c5e-9441-468d9b6a98e1	235
884832b1-d07c-4c5e-9441-468d9b6a98e1	147
884832b1-d07c-4c5e-9441-468d9b6a98e1	236
884832b1-d07c-4c5e-9441-468d9b6a98e1	237
884832b1-d07c-4c5e-9441-468d9b6a98e1	153
884832b1-d07c-4c5e-9441-468d9b6a98e1	238
884832b1-d07c-4c5e-9441-468d9b6a98e1	239
884832b1-d07c-4c5e-9441-468d9b6a98e1	240
884832b1-d07c-4c5e-9441-468d9b6a98e1	241
884832b1-d07c-4c5e-9441-468d9b6a98e1	156
884832b1-d07c-4c5e-9441-468d9b6a98e1	157
884832b1-d07c-4c5e-9441-468d9b6a98e1	242
884832b1-d07c-4c5e-9441-468d9b6a98e1	243
884832b1-d07c-4c5e-9441-468d9b6a98e1	272
884832b1-d07c-4c5e-9441-468d9b6a98e1	244
884832b1-d07c-4c5e-9441-468d9b6a98e1	138
884832b1-d07c-4c5e-9441-468d9b6a98e1	152
4eb3f3ae-5abd-476e-942a-6957b44cd0d8	229
4eb3f3ae-5abd-476e-942a-6957b44cd0d8	230
4eb3f3ae-5abd-476e-942a-6957b44cd0d8	231
4eb3f3ae-5abd-476e-942a-6957b44cd0d8	158
4eb3f3ae-5abd-476e-942a-6957b44cd0d8	159
4eb3f3ae-5abd-476e-942a-6957b44cd0d8	161
4eb3f3ae-5abd-476e-942a-6957b44cd0d8	203
4eb3f3ae-5abd-476e-942a-6957b44cd0d8	232
4eb3f3ae-5abd-476e-942a-6957b44cd0d8	273
4eb3f3ae-5abd-476e-942a-6957b44cd0d8	143
4eb3f3ae-5abd-476e-942a-6957b44cd0d8	141
4eb3f3ae-5abd-476e-942a-6957b44cd0d8	142
4eb3f3ae-5abd-476e-942a-6957b44cd0d8	233
4eb3f3ae-5abd-476e-942a-6957b44cd0d8	234
4eb3f3ae-5abd-476e-942a-6957b44cd0d8	134
4eb3f3ae-5abd-476e-942a-6957b44cd0d8	146
4eb3f3ae-5abd-476e-942a-6957b44cd0d8	133
4eb3f3ae-5abd-476e-942a-6957b44cd0d8	235
4eb3f3ae-5abd-476e-942a-6957b44cd0d8	147
4eb3f3ae-5abd-476e-942a-6957b44cd0d8	236
4eb3f3ae-5abd-476e-942a-6957b44cd0d8	237
4eb3f3ae-5abd-476e-942a-6957b44cd0d8	153
4eb3f3ae-5abd-476e-942a-6957b44cd0d8	238
4eb3f3ae-5abd-476e-942a-6957b44cd0d8	239
4eb3f3ae-5abd-476e-942a-6957b44cd0d8	240
4eb3f3ae-5abd-476e-942a-6957b44cd0d8	241
4eb3f3ae-5abd-476e-942a-6957b44cd0d8	156
4eb3f3ae-5abd-476e-942a-6957b44cd0d8	157
4eb3f3ae-5abd-476e-942a-6957b44cd0d8	242
4eb3f3ae-5abd-476e-942a-6957b44cd0d8	243
a2c33b51-f7a3-4d96-9ca3-3125b45fe870	240
a2c33b51-f7a3-4d96-9ca3-3125b45fe870	241
a2c33b51-f7a3-4d96-9ca3-3125b45fe870	156
a2c33b51-f7a3-4d96-9ca3-3125b45fe870	157
a2c33b51-f7a3-4d96-9ca3-3125b45fe870	242
a2c33b51-f7a3-4d96-9ca3-3125b45fe870	243
a2c33b51-f7a3-4d96-9ca3-3125b45fe870	272
a2c33b51-f7a3-4d96-9ca3-3125b45fe870	244
a2c33b51-f7a3-4d96-9ca3-3125b45fe870	138
a2c33b51-f7a3-4d96-9ca3-3125b45fe870	152
a2c33b51-f7a3-4d96-9ca3-3125b45fe870	150
a2c33b51-f7a3-4d96-9ca3-3125b45fe870	200
a2c33b51-f7a3-4d96-9ca3-3125b45fe870	245
a2c33b51-f7a3-4d96-9ca3-3125b45fe870	137
a2c33b51-f7a3-4d96-9ca3-3125b45fe870	145
a2c33b51-f7a3-4d96-9ca3-3125b45fe870	246
a2c33b51-f7a3-4d96-9ca3-3125b45fe870	247
5564bd69-c445-4a75-8ed0-0b130f52f15a	162
5564bd69-c445-4a75-8ed0-0b130f52f15a	154
5564bd69-c445-4a75-8ed0-0b130f52f15a	131
5564bd69-c445-4a75-8ed0-0b130f52f15a	228
5564bd69-c445-4a75-8ed0-0b130f52f15a	229
5564bd69-c445-4a75-8ed0-0b130f52f15a	230
5564bd69-c445-4a75-8ed0-0b130f52f15a	231
5564bd69-c445-4a75-8ed0-0b130f52f15a	158
5564bd69-c445-4a75-8ed0-0b130f52f15a	159
5564bd69-c445-4a75-8ed0-0b130f52f15a	161
5564bd69-c445-4a75-8ed0-0b130f52f15a	203
5564bd69-c445-4a75-8ed0-0b130f52f15a	232
5564bd69-c445-4a75-8ed0-0b130f52f15a	273
5564bd69-c445-4a75-8ed0-0b130f52f15a	143
5564bd69-c445-4a75-8ed0-0b130f52f15a	141
5564bd69-c445-4a75-8ed0-0b130f52f15a	142
5564bd69-c445-4a75-8ed0-0b130f52f15a	233
5564bd69-c445-4a75-8ed0-0b130f52f15a	234
5564bd69-c445-4a75-8ed0-0b130f52f15a	134
5564bd69-c445-4a75-8ed0-0b130f52f15a	146
5564bd69-c445-4a75-8ed0-0b130f52f15a	133
5564bd69-c445-4a75-8ed0-0b130f52f15a	235
5564bd69-c445-4a75-8ed0-0b130f52f15a	147
5564bd69-c445-4a75-8ed0-0b130f52f15a	236
5564bd69-c445-4a75-8ed0-0b130f52f15a	237
5564bd69-c445-4a75-8ed0-0b130f52f15a	153
5564bd69-c445-4a75-8ed0-0b130f52f15a	238
5564bd69-c445-4a75-8ed0-0b130f52f15a	239
5564bd69-c445-4a75-8ed0-0b130f52f15a	240
5564bd69-c445-4a75-8ed0-0b130f52f15a	241
5564bd69-c445-4a75-8ed0-0b130f52f15a	156
5564bd69-c445-4a75-8ed0-0b130f52f15a	157
5564bd69-c445-4a75-8ed0-0b130f52f15a	242
5564bd69-c445-4a75-8ed0-0b130f52f15a	243
5564bd69-c445-4a75-8ed0-0b130f52f15a	272
5564bd69-c445-4a75-8ed0-0b130f52f15a	244
5564bd69-c445-4a75-8ed0-0b130f52f15a	138
5564bd69-c445-4a75-8ed0-0b130f52f15a	152
5564bd69-c445-4a75-8ed0-0b130f52f15a	150
5564bd69-c445-4a75-8ed0-0b130f52f15a	200
5564bd69-c445-4a75-8ed0-0b130f52f15a	245
5564bd69-c445-4a75-8ed0-0b130f52f15a	137
5564bd69-c445-4a75-8ed0-0b130f52f15a	145
5564bd69-c445-4a75-8ed0-0b130f52f15a	246
5564bd69-c445-4a75-8ed0-0b130f52f15a	247
5564bd69-c445-4a75-8ed0-0b130f52f15a	144
5564bd69-c445-4a75-8ed0-0b130f52f15a	135
5564bd69-c445-4a75-8ed0-0b130f52f15a	155
219a190f-283e-4d53-a51b-a2f7d40aa881	154
219a190f-283e-4d53-a51b-a2f7d40aa881	131
219a190f-283e-4d53-a51b-a2f7d40aa881	228
219a190f-283e-4d53-a51b-a2f7d40aa881	229
219a190f-283e-4d53-a51b-a2f7d40aa881	230
219a190f-283e-4d53-a51b-a2f7d40aa881	231
219a190f-283e-4d53-a51b-a2f7d40aa881	158
219a190f-283e-4d53-a51b-a2f7d40aa881	159
219a190f-283e-4d53-a51b-a2f7d40aa881	161
219a190f-283e-4d53-a51b-a2f7d40aa881	203
219a190f-283e-4d53-a51b-a2f7d40aa881	232
219a190f-283e-4d53-a51b-a2f7d40aa881	273
219a190f-283e-4d53-a51b-a2f7d40aa881	143
219a190f-283e-4d53-a51b-a2f7d40aa881	141
219a190f-283e-4d53-a51b-a2f7d40aa881	142
219a190f-283e-4d53-a51b-a2f7d40aa881	233
219a190f-283e-4d53-a51b-a2f7d40aa881	234
219a190f-283e-4d53-a51b-a2f7d40aa881	134
219a190f-283e-4d53-a51b-a2f7d40aa881	146
219a190f-283e-4d53-a51b-a2f7d40aa881	133
219a190f-283e-4d53-a51b-a2f7d40aa881	235
219a190f-283e-4d53-a51b-a2f7d40aa881	147
219a190f-283e-4d53-a51b-a2f7d40aa881	236
219a190f-283e-4d53-a51b-a2f7d40aa881	237
219a190f-283e-4d53-a51b-a2f7d40aa881	153
219a190f-283e-4d53-a51b-a2f7d40aa881	238
219a190f-283e-4d53-a51b-a2f7d40aa881	239
219a190f-283e-4d53-a51b-a2f7d40aa881	240
219a190f-283e-4d53-a51b-a2f7d40aa881	241
219a190f-283e-4d53-a51b-a2f7d40aa881	156
219a190f-283e-4d53-a51b-a2f7d40aa881	157
219a190f-283e-4d53-a51b-a2f7d40aa881	242
219a190f-283e-4d53-a51b-a2f7d40aa881	243
219a190f-283e-4d53-a51b-a2f7d40aa881	272
219a190f-283e-4d53-a51b-a2f7d40aa881	244
219a190f-283e-4d53-a51b-a2f7d40aa881	138
219a190f-283e-4d53-a51b-a2f7d40aa881	152
219a190f-283e-4d53-a51b-a2f7d40aa881	150
219a190f-283e-4d53-a51b-a2f7d40aa881	200
219a190f-283e-4d53-a51b-a2f7d40aa881	245
219a190f-283e-4d53-a51b-a2f7d40aa881	137
219a190f-283e-4d53-a51b-a2f7d40aa881	145
219a190f-283e-4d53-a51b-a2f7d40aa881	246
219a190f-283e-4d53-a51b-a2f7d40aa881	247
219a190f-283e-4d53-a51b-a2f7d40aa881	144
219a190f-283e-4d53-a51b-a2f7d40aa881	135
219a190f-283e-4d53-a51b-a2f7d40aa881	155
219a190f-283e-4d53-a51b-a2f7d40aa881	148
219a190f-283e-4d53-a51b-a2f7d40aa881	254
219a190f-283e-4d53-a51b-a2f7d40aa881	255
219a190f-283e-4d53-a51b-a2f7d40aa881	256
219a190f-283e-4d53-a51b-a2f7d40aa881	257
612182a8-c739-467f-bf23-da2e7c997fa9	142
612182a8-c739-467f-bf23-da2e7c997fa9	233
612182a8-c739-467f-bf23-da2e7c997fa9	234
612182a8-c739-467f-bf23-da2e7c997fa9	134
612182a8-c739-467f-bf23-da2e7c997fa9	146
612182a8-c739-467f-bf23-da2e7c997fa9	133
612182a8-c739-467f-bf23-da2e7c997fa9	235
612182a8-c739-467f-bf23-da2e7c997fa9	147
612182a8-c739-467f-bf23-da2e7c997fa9	236
612182a8-c739-467f-bf23-da2e7c997fa9	237
612182a8-c739-467f-bf23-da2e7c997fa9	153
612182a8-c739-467f-bf23-da2e7c997fa9	238
612182a8-c739-467f-bf23-da2e7c997fa9	239
612182a8-c739-467f-bf23-da2e7c997fa9	240
612182a8-c739-467f-bf23-da2e7c997fa9	241
612182a8-c739-467f-bf23-da2e7c997fa9	156
612182a8-c739-467f-bf23-da2e7c997fa9	157
612182a8-c739-467f-bf23-da2e7c997fa9	242
612182a8-c739-467f-bf23-da2e7c997fa9	243
612182a8-c739-467f-bf23-da2e7c997fa9	272
612182a8-c739-467f-bf23-da2e7c997fa9	244
612182a8-c739-467f-bf23-da2e7c997fa9	138
612182a8-c739-467f-bf23-da2e7c997fa9	152
612182a8-c739-467f-bf23-da2e7c997fa9	150
612182a8-c739-467f-bf23-da2e7c997fa9	200
612182a8-c739-467f-bf23-da2e7c997fa9	245
612182a8-c739-467f-bf23-da2e7c997fa9	137
350246cf-85e3-41ea-9402-808a86891988	154
350246cf-85e3-41ea-9402-808a86891988	131
350246cf-85e3-41ea-9402-808a86891988	228
350246cf-85e3-41ea-9402-808a86891988	229
350246cf-85e3-41ea-9402-808a86891988	230
350246cf-85e3-41ea-9402-808a86891988	231
350246cf-85e3-41ea-9402-808a86891988	158
350246cf-85e3-41ea-9402-808a86891988	159
350246cf-85e3-41ea-9402-808a86891988	161
350246cf-85e3-41ea-9402-808a86891988	203
350246cf-85e3-41ea-9402-808a86891988	232
350246cf-85e3-41ea-9402-808a86891988	273
350246cf-85e3-41ea-9402-808a86891988	143
4eb3f3ae-5abd-476e-942a-6957b44cd0d8	272
4eb3f3ae-5abd-476e-942a-6957b44cd0d8	244
4eb3f3ae-5abd-476e-942a-6957b44cd0d8	138
4eb3f3ae-5abd-476e-942a-6957b44cd0d8	152
4eb3f3ae-5abd-476e-942a-6957b44cd0d8	150
4eb3f3ae-5abd-476e-942a-6957b44cd0d8	200
4eb3f3ae-5abd-476e-942a-6957b44cd0d8	245
4eb3f3ae-5abd-476e-942a-6957b44cd0d8	137
4eb3f3ae-5abd-476e-942a-6957b44cd0d8	145
4eb3f3ae-5abd-476e-942a-6957b44cd0d8	246
4eb3f3ae-5abd-476e-942a-6957b44cd0d8	247
4eb3f3ae-5abd-476e-942a-6957b44cd0d8	144
4eb3f3ae-5abd-476e-942a-6957b44cd0d8	135
e2661489-15b2-4a5c-bb78-216dc8eb6700	228
e2661489-15b2-4a5c-bb78-216dc8eb6700	229
e2661489-15b2-4a5c-bb78-216dc8eb6700	230
e2661489-15b2-4a5c-bb78-216dc8eb6700	231
e2661489-15b2-4a5c-bb78-216dc8eb6700	158
e2661489-15b2-4a5c-bb78-216dc8eb6700	159
e2661489-15b2-4a5c-bb78-216dc8eb6700	161
e2661489-15b2-4a5c-bb78-216dc8eb6700	203
e2661489-15b2-4a5c-bb78-216dc8eb6700	232
e2661489-15b2-4a5c-bb78-216dc8eb6700	273
e2661489-15b2-4a5c-bb78-216dc8eb6700	143
e2661489-15b2-4a5c-bb78-216dc8eb6700	141
e2661489-15b2-4a5c-bb78-216dc8eb6700	142
e2661489-15b2-4a5c-bb78-216dc8eb6700	233
e2661489-15b2-4a5c-bb78-216dc8eb6700	234
e2661489-15b2-4a5c-bb78-216dc8eb6700	134
e2661489-15b2-4a5c-bb78-216dc8eb6700	146
e2661489-15b2-4a5c-bb78-216dc8eb6700	133
e2661489-15b2-4a5c-bb78-216dc8eb6700	235
e2661489-15b2-4a5c-bb78-216dc8eb6700	147
e2661489-15b2-4a5c-bb78-216dc8eb6700	236
e2661489-15b2-4a5c-bb78-216dc8eb6700	237
e2661489-15b2-4a5c-bb78-216dc8eb6700	153
e2661489-15b2-4a5c-bb78-216dc8eb6700	238
e2661489-15b2-4a5c-bb78-216dc8eb6700	239
e2661489-15b2-4a5c-bb78-216dc8eb6700	240
e2661489-15b2-4a5c-bb78-216dc8eb6700	241
e2661489-15b2-4a5c-bb78-216dc8eb6700	156
e2661489-15b2-4a5c-bb78-216dc8eb6700	157
e2661489-15b2-4a5c-bb78-216dc8eb6700	242
e2661489-15b2-4a5c-bb78-216dc8eb6700	243
e2661489-15b2-4a5c-bb78-216dc8eb6700	272
e2661489-15b2-4a5c-bb78-216dc8eb6700	244
e2661489-15b2-4a5c-bb78-216dc8eb6700	138
e2661489-15b2-4a5c-bb78-216dc8eb6700	152
e2661489-15b2-4a5c-bb78-216dc8eb6700	150
e2661489-15b2-4a5c-bb78-216dc8eb6700	200
e2661489-15b2-4a5c-bb78-216dc8eb6700	245
e2661489-15b2-4a5c-bb78-216dc8eb6700	137
e2661489-15b2-4a5c-bb78-216dc8eb6700	145
e2661489-15b2-4a5c-bb78-216dc8eb6700	246
e2661489-15b2-4a5c-bb78-216dc8eb6700	247
e2661489-15b2-4a5c-bb78-216dc8eb6700	144
e2661489-15b2-4a5c-bb78-216dc8eb6700	135
e2661489-15b2-4a5c-bb78-216dc8eb6700	155
e2661489-15b2-4a5c-bb78-216dc8eb6700	148
e2661489-15b2-4a5c-bb78-216dc8eb6700	254
e2661489-15b2-4a5c-bb78-216dc8eb6700	255
e2661489-15b2-4a5c-bb78-216dc8eb6700	256
e2661489-15b2-4a5c-bb78-216dc8eb6700	257
e2661489-15b2-4a5c-bb78-216dc8eb6700	258
e2661489-15b2-4a5c-bb78-216dc8eb6700	259
e2661489-15b2-4a5c-bb78-216dc8eb6700	260
e2661489-15b2-4a5c-bb78-216dc8eb6700	274
80d387a5-f602-4370-96cb-4e187274dc38	154
80d387a5-f602-4370-96cb-4e187274dc38	131
80d387a5-f602-4370-96cb-4e187274dc38	228
80d387a5-f602-4370-96cb-4e187274dc38	229
80d387a5-f602-4370-96cb-4e187274dc38	230
80d387a5-f602-4370-96cb-4e187274dc38	231
80d387a5-f602-4370-96cb-4e187274dc38	158
80d387a5-f602-4370-96cb-4e187274dc38	159
80d387a5-f602-4370-96cb-4e187274dc38	161
80d387a5-f602-4370-96cb-4e187274dc38	203
80d387a5-f602-4370-96cb-4e187274dc38	232
80d387a5-f602-4370-96cb-4e187274dc38	273
80d387a5-f602-4370-96cb-4e187274dc38	143
80d387a5-f602-4370-96cb-4e187274dc38	141
80d387a5-f602-4370-96cb-4e187274dc38	142
80d387a5-f602-4370-96cb-4e187274dc38	233
80d387a5-f602-4370-96cb-4e187274dc38	234
80d387a5-f602-4370-96cb-4e187274dc38	134
80d387a5-f602-4370-96cb-4e187274dc38	146
80d387a5-f602-4370-96cb-4e187274dc38	133
80d387a5-f602-4370-96cb-4e187274dc38	235
80d387a5-f602-4370-96cb-4e187274dc38	147
80d387a5-f602-4370-96cb-4e187274dc38	236
80d387a5-f602-4370-96cb-4e187274dc38	237
80d387a5-f602-4370-96cb-4e187274dc38	153
80d387a5-f602-4370-96cb-4e187274dc38	238
80d387a5-f602-4370-96cb-4e187274dc38	239
8f7df7d8-40bd-4164-bb99-77439a4c0b9e	154
8f7df7d8-40bd-4164-bb99-77439a4c0b9e	131
8f7df7d8-40bd-4164-bb99-77439a4c0b9e	228
8f7df7d8-40bd-4164-bb99-77439a4c0b9e	229
8f7df7d8-40bd-4164-bb99-77439a4c0b9e	230
8f7df7d8-40bd-4164-bb99-77439a4c0b9e	231
8f7df7d8-40bd-4164-bb99-77439a4c0b9e	158
8f7df7d8-40bd-4164-bb99-77439a4c0b9e	159
8f7df7d8-40bd-4164-bb99-77439a4c0b9e	161
8f7df7d8-40bd-4164-bb99-77439a4c0b9e	203
8f7df7d8-40bd-4164-bb99-77439a4c0b9e	232
8f7df7d8-40bd-4164-bb99-77439a4c0b9e	273
8f7df7d8-40bd-4164-bb99-77439a4c0b9e	143
8f7df7d8-40bd-4164-bb99-77439a4c0b9e	141
8f7df7d8-40bd-4164-bb99-77439a4c0b9e	142
8f7df7d8-40bd-4164-bb99-77439a4c0b9e	233
8f7df7d8-40bd-4164-bb99-77439a4c0b9e	234
8f7df7d8-40bd-4164-bb99-77439a4c0b9e	134
8f7df7d8-40bd-4164-bb99-77439a4c0b9e	146
8f7df7d8-40bd-4164-bb99-77439a4c0b9e	133
8f7df7d8-40bd-4164-bb99-77439a4c0b9e	235
8f7df7d8-40bd-4164-bb99-77439a4c0b9e	147
8f7df7d8-40bd-4164-bb99-77439a4c0b9e	236
8f7df7d8-40bd-4164-bb99-77439a4c0b9e	237
8f7df7d8-40bd-4164-bb99-77439a4c0b9e	153
8f7df7d8-40bd-4164-bb99-77439a4c0b9e	238
8f7df7d8-40bd-4164-bb99-77439a4c0b9e	239
8f7df7d8-40bd-4164-bb99-77439a4c0b9e	240
8f7df7d8-40bd-4164-bb99-77439a4c0b9e	241
8f7df7d8-40bd-4164-bb99-77439a4c0b9e	156
8f7df7d8-40bd-4164-bb99-77439a4c0b9e	157
8f7df7d8-40bd-4164-bb99-77439a4c0b9e	242
8f7df7d8-40bd-4164-bb99-77439a4c0b9e	243
8f7df7d8-40bd-4164-bb99-77439a4c0b9e	272
8f7df7d8-40bd-4164-bb99-77439a4c0b9e	244
8f7df7d8-40bd-4164-bb99-77439a4c0b9e	138
8f7df7d8-40bd-4164-bb99-77439a4c0b9e	152
8f7df7d8-40bd-4164-bb99-77439a4c0b9e	150
8f7df7d8-40bd-4164-bb99-77439a4c0b9e	200
8f7df7d8-40bd-4164-bb99-77439a4c0b9e	245
8f7df7d8-40bd-4164-bb99-77439a4c0b9e	137
8f7df7d8-40bd-4164-bb99-77439a4c0b9e	145
8f7df7d8-40bd-4164-bb99-77439a4c0b9e	246
8f7df7d8-40bd-4164-bb99-77439a4c0b9e	247
8f7df7d8-40bd-4164-bb99-77439a4c0b9e	144
8f7df7d8-40bd-4164-bb99-77439a4c0b9e	135
621d7d7d-ac97-49c6-b929-3ccd448ce957	154
621d7d7d-ac97-49c6-b929-3ccd448ce957	131
621d7d7d-ac97-49c6-b929-3ccd448ce957	228
621d7d7d-ac97-49c6-b929-3ccd448ce957	229
621d7d7d-ac97-49c6-b929-3ccd448ce957	230
621d7d7d-ac97-49c6-b929-3ccd448ce957	231
621d7d7d-ac97-49c6-b929-3ccd448ce957	158
621d7d7d-ac97-49c6-b929-3ccd448ce957	159
621d7d7d-ac97-49c6-b929-3ccd448ce957	161
621d7d7d-ac97-49c6-b929-3ccd448ce957	203
621d7d7d-ac97-49c6-b929-3ccd448ce957	232
621d7d7d-ac97-49c6-b929-3ccd448ce957	273
621d7d7d-ac97-49c6-b929-3ccd448ce957	143
621d7d7d-ac97-49c6-b929-3ccd448ce957	141
621d7d7d-ac97-49c6-b929-3ccd448ce957	142
621d7d7d-ac97-49c6-b929-3ccd448ce957	233
621d7d7d-ac97-49c6-b929-3ccd448ce957	234
350246cf-85e3-41ea-9402-808a86891988	141
350246cf-85e3-41ea-9402-808a86891988	142
350246cf-85e3-41ea-9402-808a86891988	233
350246cf-85e3-41ea-9402-808a86891988	234
350246cf-85e3-41ea-9402-808a86891988	134
350246cf-85e3-41ea-9402-808a86891988	146
350246cf-85e3-41ea-9402-808a86891988	133
350246cf-85e3-41ea-9402-808a86891988	235
350246cf-85e3-41ea-9402-808a86891988	147
350246cf-85e3-41ea-9402-808a86891988	236
350246cf-85e3-41ea-9402-808a86891988	237
350246cf-85e3-41ea-9402-808a86891988	153
350246cf-85e3-41ea-9402-808a86891988	238
350246cf-85e3-41ea-9402-808a86891988	239
350246cf-85e3-41ea-9402-808a86891988	240
350246cf-85e3-41ea-9402-808a86891988	241
350246cf-85e3-41ea-9402-808a86891988	156
350246cf-85e3-41ea-9402-808a86891988	157
350246cf-85e3-41ea-9402-808a86891988	242
350246cf-85e3-41ea-9402-808a86891988	243
350246cf-85e3-41ea-9402-808a86891988	272
350246cf-85e3-41ea-9402-808a86891988	244
350246cf-85e3-41ea-9402-808a86891988	138
350246cf-85e3-41ea-9402-808a86891988	152
350246cf-85e3-41ea-9402-808a86891988	150
e883a076-2836-4283-8928-c5502ca4fff7	160
e883a076-2836-4283-8928-c5502ca4fff7	227
e883a076-2836-4283-8928-c5502ca4fff7	149
e883a076-2836-4283-8928-c5502ca4fff7	130
e883a076-2836-4283-8928-c5502ca4fff7	151
e883a076-2836-4283-8928-c5502ca4fff7	162
e883a076-2836-4283-8928-c5502ca4fff7	154
e883a076-2836-4283-8928-c5502ca4fff7	131
e883a076-2836-4283-8928-c5502ca4fff7	228
e883a076-2836-4283-8928-c5502ca4fff7	229
e883a076-2836-4283-8928-c5502ca4fff7	230
e883a076-2836-4283-8928-c5502ca4fff7	231
e883a076-2836-4283-8928-c5502ca4fff7	158
e883a076-2836-4283-8928-c5502ca4fff7	159
e883a076-2836-4283-8928-c5502ca4fff7	161
e883a076-2836-4283-8928-c5502ca4fff7	203
e883a076-2836-4283-8928-c5502ca4fff7	232
e883a076-2836-4283-8928-c5502ca4fff7	273
e883a076-2836-4283-8928-c5502ca4fff7	143
e883a076-2836-4283-8928-c5502ca4fff7	141
e883a076-2836-4283-8928-c5502ca4fff7	142
e883a076-2836-4283-8928-c5502ca4fff7	233
e883a076-2836-4283-8928-c5502ca4fff7	234
e883a076-2836-4283-8928-c5502ca4fff7	134
e883a076-2836-4283-8928-c5502ca4fff7	146
e883a076-2836-4283-8928-c5502ca4fff7	133
e883a076-2836-4283-8928-c5502ca4fff7	235
e883a076-2836-4283-8928-c5502ca4fff7	147
e883a076-2836-4283-8928-c5502ca4fff7	236
e883a076-2836-4283-8928-c5502ca4fff7	237
e883a076-2836-4283-8928-c5502ca4fff7	153
e883a076-2836-4283-8928-c5502ca4fff7	238
e883a076-2836-4283-8928-c5502ca4fff7	239
e883a076-2836-4283-8928-c5502ca4fff7	240
e883a076-2836-4283-8928-c5502ca4fff7	241
e883a076-2836-4283-8928-c5502ca4fff7	156
e883a076-2836-4283-8928-c5502ca4fff7	157
e883a076-2836-4283-8928-c5502ca4fff7	242
e883a076-2836-4283-8928-c5502ca4fff7	243
e883a076-2836-4283-8928-c5502ca4fff7	272
e883a076-2836-4283-8928-c5502ca4fff7	244
e883a076-2836-4283-8928-c5502ca4fff7	138
e883a076-2836-4283-8928-c5502ca4fff7	152
e883a076-2836-4283-8928-c5502ca4fff7	150
e883a076-2836-4283-8928-c5502ca4fff7	200
e883a076-2836-4283-8928-c5502ca4fff7	245
e883a076-2836-4283-8928-c5502ca4fff7	137
e883a076-2836-4283-8928-c5502ca4fff7	145
e883a076-2836-4283-8928-c5502ca4fff7	246
e883a076-2836-4283-8928-c5502ca4fff7	247
e883a076-2836-4283-8928-c5502ca4fff7	144
e883a076-2836-4283-8928-c5502ca4fff7	135
e883a076-2836-4283-8928-c5502ca4fff7	155
e883a076-2836-4283-8928-c5502ca4fff7	148
e883a076-2836-4283-8928-c5502ca4fff7	254
e883a076-2836-4283-8928-c5502ca4fff7	255
e883a076-2836-4283-8928-c5502ca4fff7	256
e883a076-2836-4283-8928-c5502ca4fff7	257
e883a076-2836-4283-8928-c5502ca4fff7	258
e883a076-2836-4283-8928-c5502ca4fff7	259
e883a076-2836-4283-8928-c5502ca4fff7	260
e883a076-2836-4283-8928-c5502ca4fff7	274
e883a076-2836-4283-8928-c5502ca4fff7	261
e883a076-2836-4283-8928-c5502ca4fff7	262
e883a076-2836-4283-8928-c5502ca4fff7	263
e883a076-2836-4283-8928-c5502ca4fff7	264
e7575b6f-3ff6-4fd8-a3d9-7462fb446170	131
e7575b6f-3ff6-4fd8-a3d9-7462fb446170	228
e7575b6f-3ff6-4fd8-a3d9-7462fb446170	229
e7575b6f-3ff6-4fd8-a3d9-7462fb446170	230
e7575b6f-3ff6-4fd8-a3d9-7462fb446170	231
e7575b6f-3ff6-4fd8-a3d9-7462fb446170	158
e7575b6f-3ff6-4fd8-a3d9-7462fb446170	159
e7575b6f-3ff6-4fd8-a3d9-7462fb446170	161
e7575b6f-3ff6-4fd8-a3d9-7462fb446170	203
e7575b6f-3ff6-4fd8-a3d9-7462fb446170	232
e7575b6f-3ff6-4fd8-a3d9-7462fb446170	273
e7575b6f-3ff6-4fd8-a3d9-7462fb446170	143
e7575b6f-3ff6-4fd8-a3d9-7462fb446170	141
e7575b6f-3ff6-4fd8-a3d9-7462fb446170	142
e7575b6f-3ff6-4fd8-a3d9-7462fb446170	233
e7575b6f-3ff6-4fd8-a3d9-7462fb446170	234
e7575b6f-3ff6-4fd8-a3d9-7462fb446170	134
e7575b6f-3ff6-4fd8-a3d9-7462fb446170	146
e7575b6f-3ff6-4fd8-a3d9-7462fb446170	133
e7575b6f-3ff6-4fd8-a3d9-7462fb446170	235
e7575b6f-3ff6-4fd8-a3d9-7462fb446170	147
e7575b6f-3ff6-4fd8-a3d9-7462fb446170	236
e7575b6f-3ff6-4fd8-a3d9-7462fb446170	237
e7575b6f-3ff6-4fd8-a3d9-7462fb446170	153
e7575b6f-3ff6-4fd8-a3d9-7462fb446170	238
e7575b6f-3ff6-4fd8-a3d9-7462fb446170	239
e7575b6f-3ff6-4fd8-a3d9-7462fb446170	240
e7575b6f-3ff6-4fd8-a3d9-7462fb446170	241
e7575b6f-3ff6-4fd8-a3d9-7462fb446170	156
e7575b6f-3ff6-4fd8-a3d9-7462fb446170	157
e7575b6f-3ff6-4fd8-a3d9-7462fb446170	242
e7575b6f-3ff6-4fd8-a3d9-7462fb446170	243
e7575b6f-3ff6-4fd8-a3d9-7462fb446170	272
e7575b6f-3ff6-4fd8-a3d9-7462fb446170	244
e7575b6f-3ff6-4fd8-a3d9-7462fb446170	138
e7575b6f-3ff6-4fd8-a3d9-7462fb446170	152
e7575b6f-3ff6-4fd8-a3d9-7462fb446170	150
e7575b6f-3ff6-4fd8-a3d9-7462fb446170	200
e7575b6f-3ff6-4fd8-a3d9-7462fb446170	245
e7575b6f-3ff6-4fd8-a3d9-7462fb446170	137
e7575b6f-3ff6-4fd8-a3d9-7462fb446170	145
e7575b6f-3ff6-4fd8-a3d9-7462fb446170	246
e7575b6f-3ff6-4fd8-a3d9-7462fb446170	247
e7575b6f-3ff6-4fd8-a3d9-7462fb446170	144
e7575b6f-3ff6-4fd8-a3d9-7462fb446170	135
b0651e44-0083-4733-9310-e2dad0fe5403	149
b0651e44-0083-4733-9310-e2dad0fe5403	130
b0651e44-0083-4733-9310-e2dad0fe5403	151
b0651e44-0083-4733-9310-e2dad0fe5403	162
b0651e44-0083-4733-9310-e2dad0fe5403	154
b0651e44-0083-4733-9310-e2dad0fe5403	131
b0651e44-0083-4733-9310-e2dad0fe5403	228
b0651e44-0083-4733-9310-e2dad0fe5403	229
b0651e44-0083-4733-9310-e2dad0fe5403	230
b0651e44-0083-4733-9310-e2dad0fe5403	231
b0651e44-0083-4733-9310-e2dad0fe5403	158
b0651e44-0083-4733-9310-e2dad0fe5403	159
b0651e44-0083-4733-9310-e2dad0fe5403	161
b0651e44-0083-4733-9310-e2dad0fe5403	203
b0651e44-0083-4733-9310-e2dad0fe5403	232
b0651e44-0083-4733-9310-e2dad0fe5403	273
b0651e44-0083-4733-9310-e2dad0fe5403	143
b0651e44-0083-4733-9310-e2dad0fe5403	141
b0651e44-0083-4733-9310-e2dad0fe5403	142
b0651e44-0083-4733-9310-e2dad0fe5403	233
b0651e44-0083-4733-9310-e2dad0fe5403	234
b0651e44-0083-4733-9310-e2dad0fe5403	134
b0651e44-0083-4733-9310-e2dad0fe5403	146
b0651e44-0083-4733-9310-e2dad0fe5403	133
b0651e44-0083-4733-9310-e2dad0fe5403	235
b0651e44-0083-4733-9310-e2dad0fe5403	147
b0651e44-0083-4733-9310-e2dad0fe5403	236
b0651e44-0083-4733-9310-e2dad0fe5403	237
b0651e44-0083-4733-9310-e2dad0fe5403	153
b0651e44-0083-4733-9310-e2dad0fe5403	238
b0651e44-0083-4733-9310-e2dad0fe5403	239
b0651e44-0083-4733-9310-e2dad0fe5403	240
b0651e44-0083-4733-9310-e2dad0fe5403	241
b0651e44-0083-4733-9310-e2dad0fe5403	156
b0651e44-0083-4733-9310-e2dad0fe5403	157
b0651e44-0083-4733-9310-e2dad0fe5403	242
b0651e44-0083-4733-9310-e2dad0fe5403	243
b0651e44-0083-4733-9310-e2dad0fe5403	272
b0651e44-0083-4733-9310-e2dad0fe5403	244
b0651e44-0083-4733-9310-e2dad0fe5403	138
b0651e44-0083-4733-9310-e2dad0fe5403	152
b0651e44-0083-4733-9310-e2dad0fe5403	150
b16331ad-1bbd-46ca-9b3f-de147007d69e	154
b16331ad-1bbd-46ca-9b3f-de147007d69e	131
b16331ad-1bbd-46ca-9b3f-de147007d69e	228
b16331ad-1bbd-46ca-9b3f-de147007d69e	229
b16331ad-1bbd-46ca-9b3f-de147007d69e	230
b16331ad-1bbd-46ca-9b3f-de147007d69e	231
b16331ad-1bbd-46ca-9b3f-de147007d69e	158
b16331ad-1bbd-46ca-9b3f-de147007d69e	159
b16331ad-1bbd-46ca-9b3f-de147007d69e	161
b16331ad-1bbd-46ca-9b3f-de147007d69e	203
b16331ad-1bbd-46ca-9b3f-de147007d69e	232
b16331ad-1bbd-46ca-9b3f-de147007d69e	273
b16331ad-1bbd-46ca-9b3f-de147007d69e	143
b16331ad-1bbd-46ca-9b3f-de147007d69e	141
b16331ad-1bbd-46ca-9b3f-de147007d69e	142
b16331ad-1bbd-46ca-9b3f-de147007d69e	233
b16331ad-1bbd-46ca-9b3f-de147007d69e	234
b16331ad-1bbd-46ca-9b3f-de147007d69e	134
b16331ad-1bbd-46ca-9b3f-de147007d69e	146
b16331ad-1bbd-46ca-9b3f-de147007d69e	133
b16331ad-1bbd-46ca-9b3f-de147007d69e	235
b16331ad-1bbd-46ca-9b3f-de147007d69e	147
b16331ad-1bbd-46ca-9b3f-de147007d69e	236
b16331ad-1bbd-46ca-9b3f-de147007d69e	237
b16331ad-1bbd-46ca-9b3f-de147007d69e	153
b16331ad-1bbd-46ca-9b3f-de147007d69e	238
b16331ad-1bbd-46ca-9b3f-de147007d69e	239
b16331ad-1bbd-46ca-9b3f-de147007d69e	240
b16331ad-1bbd-46ca-9b3f-de147007d69e	241
b16331ad-1bbd-46ca-9b3f-de147007d69e	156
b16331ad-1bbd-46ca-9b3f-de147007d69e	157
b16331ad-1bbd-46ca-9b3f-de147007d69e	242
b16331ad-1bbd-46ca-9b3f-de147007d69e	243
b16331ad-1bbd-46ca-9b3f-de147007d69e	272
b16331ad-1bbd-46ca-9b3f-de147007d69e	244
b16331ad-1bbd-46ca-9b3f-de147007d69e	138
b16331ad-1bbd-46ca-9b3f-de147007d69e	152
b16331ad-1bbd-46ca-9b3f-de147007d69e	150
c336a3c6-0370-4560-9031-8e8fc4849d69	227
c336a3c6-0370-4560-9031-8e8fc4849d69	149
c336a3c6-0370-4560-9031-8e8fc4849d69	130
c336a3c6-0370-4560-9031-8e8fc4849d69	151
c336a3c6-0370-4560-9031-8e8fc4849d69	162
c336a3c6-0370-4560-9031-8e8fc4849d69	154
c336a3c6-0370-4560-9031-8e8fc4849d69	131
c336a3c6-0370-4560-9031-8e8fc4849d69	228
c336a3c6-0370-4560-9031-8e8fc4849d69	229
c336a3c6-0370-4560-9031-8e8fc4849d69	230
c336a3c6-0370-4560-9031-8e8fc4849d69	231
c336a3c6-0370-4560-9031-8e8fc4849d69	158
c336a3c6-0370-4560-9031-8e8fc4849d69	159
c336a3c6-0370-4560-9031-8e8fc4849d69	161
c336a3c6-0370-4560-9031-8e8fc4849d69	203
c336a3c6-0370-4560-9031-8e8fc4849d69	232
c336a3c6-0370-4560-9031-8e8fc4849d69	273
c336a3c6-0370-4560-9031-8e8fc4849d69	143
c336a3c6-0370-4560-9031-8e8fc4849d69	141
c336a3c6-0370-4560-9031-8e8fc4849d69	142
c336a3c6-0370-4560-9031-8e8fc4849d69	233
c336a3c6-0370-4560-9031-8e8fc4849d69	234
c336a3c6-0370-4560-9031-8e8fc4849d69	134
c336a3c6-0370-4560-9031-8e8fc4849d69	146
c336a3c6-0370-4560-9031-8e8fc4849d69	133
c336a3c6-0370-4560-9031-8e8fc4849d69	235
c336a3c6-0370-4560-9031-8e8fc4849d69	147
c336a3c6-0370-4560-9031-8e8fc4849d69	236
c336a3c6-0370-4560-9031-8e8fc4849d69	237
c336a3c6-0370-4560-9031-8e8fc4849d69	153
c336a3c6-0370-4560-9031-8e8fc4849d69	238
c336a3c6-0370-4560-9031-8e8fc4849d69	239
c336a3c6-0370-4560-9031-8e8fc4849d69	240
c336a3c6-0370-4560-9031-8e8fc4849d69	241
c336a3c6-0370-4560-9031-8e8fc4849d69	156
c336a3c6-0370-4560-9031-8e8fc4849d69	157
c336a3c6-0370-4560-9031-8e8fc4849d69	242
c336a3c6-0370-4560-9031-8e8fc4849d69	243
c336a3c6-0370-4560-9031-8e8fc4849d69	272
c336a3c6-0370-4560-9031-8e8fc4849d69	244
c336a3c6-0370-4560-9031-8e8fc4849d69	138
c336a3c6-0370-4560-9031-8e8fc4849d69	152
c336a3c6-0370-4560-9031-8e8fc4849d69	150
c336a3c6-0370-4560-9031-8e8fc4849d69	200
c336a3c6-0370-4560-9031-8e8fc4849d69	245
c336a3c6-0370-4560-9031-8e8fc4849d69	137
c336a3c6-0370-4560-9031-8e8fc4849d69	145
c336a3c6-0370-4560-9031-8e8fc4849d69	246
c336a3c6-0370-4560-9031-8e8fc4849d69	247
c336a3c6-0370-4560-9031-8e8fc4849d69	144
c336a3c6-0370-4560-9031-8e8fc4849d69	135
c336a3c6-0370-4560-9031-8e8fc4849d69	155
943da25d-a6fc-4f98-96cb-73a14356dae4	149
943da25d-a6fc-4f98-96cb-73a14356dae4	130
943da25d-a6fc-4f98-96cb-73a14356dae4	151
943da25d-a6fc-4f98-96cb-73a14356dae4	162
943da25d-a6fc-4f98-96cb-73a14356dae4	154
943da25d-a6fc-4f98-96cb-73a14356dae4	131
943da25d-a6fc-4f98-96cb-73a14356dae4	228
943da25d-a6fc-4f98-96cb-73a14356dae4	229
943da25d-a6fc-4f98-96cb-73a14356dae4	230
943da25d-a6fc-4f98-96cb-73a14356dae4	231
943da25d-a6fc-4f98-96cb-73a14356dae4	158
943da25d-a6fc-4f98-96cb-73a14356dae4	159
943da25d-a6fc-4f98-96cb-73a14356dae4	161
943da25d-a6fc-4f98-96cb-73a14356dae4	203
943da25d-a6fc-4f98-96cb-73a14356dae4	232
943da25d-a6fc-4f98-96cb-73a14356dae4	273
943da25d-a6fc-4f98-96cb-73a14356dae4	143
943da25d-a6fc-4f98-96cb-73a14356dae4	141
943da25d-a6fc-4f98-96cb-73a14356dae4	142
943da25d-a6fc-4f98-96cb-73a14356dae4	233
943da25d-a6fc-4f98-96cb-73a14356dae4	234
943da25d-a6fc-4f98-96cb-73a14356dae4	134
943da25d-a6fc-4f98-96cb-73a14356dae4	146
943da25d-a6fc-4f98-96cb-73a14356dae4	133
943da25d-a6fc-4f98-96cb-73a14356dae4	235
943da25d-a6fc-4f98-96cb-73a14356dae4	147
943da25d-a6fc-4f98-96cb-73a14356dae4	236
943da25d-a6fc-4f98-96cb-73a14356dae4	237
943da25d-a6fc-4f98-96cb-73a14356dae4	153
943da25d-a6fc-4f98-96cb-73a14356dae4	238
943da25d-a6fc-4f98-96cb-73a14356dae4	239
943da25d-a6fc-4f98-96cb-73a14356dae4	240
943da25d-a6fc-4f98-96cb-73a14356dae4	241
943da25d-a6fc-4f98-96cb-73a14356dae4	156
943da25d-a6fc-4f98-96cb-73a14356dae4	157
943da25d-a6fc-4f98-96cb-73a14356dae4	242
943da25d-a6fc-4f98-96cb-73a14356dae4	243
943da25d-a6fc-4f98-96cb-73a14356dae4	272
943da25d-a6fc-4f98-96cb-73a14356dae4	244
943da25d-a6fc-4f98-96cb-73a14356dae4	138
943da25d-a6fc-4f98-96cb-73a14356dae4	152
943da25d-a6fc-4f98-96cb-73a14356dae4	150
943da25d-a6fc-4f98-96cb-73a14356dae4	200
943da25d-a6fc-4f98-96cb-73a14356dae4	245
943da25d-a6fc-4f98-96cb-73a14356dae4	137
943da25d-a6fc-4f98-96cb-73a14356dae4	145
621d7d7d-ac97-49c6-b929-3ccd448ce957	134
621d7d7d-ac97-49c6-b929-3ccd448ce957	146
621d7d7d-ac97-49c6-b929-3ccd448ce957	133
621d7d7d-ac97-49c6-b929-3ccd448ce957	235
621d7d7d-ac97-49c6-b929-3ccd448ce957	147
621d7d7d-ac97-49c6-b929-3ccd448ce957	236
621d7d7d-ac97-49c6-b929-3ccd448ce957	237
621d7d7d-ac97-49c6-b929-3ccd448ce957	153
621d7d7d-ac97-49c6-b929-3ccd448ce957	238
621d7d7d-ac97-49c6-b929-3ccd448ce957	239
621d7d7d-ac97-49c6-b929-3ccd448ce957	240
621d7d7d-ac97-49c6-b929-3ccd448ce957	241
621d7d7d-ac97-49c6-b929-3ccd448ce957	156
621d7d7d-ac97-49c6-b929-3ccd448ce957	157
621d7d7d-ac97-49c6-b929-3ccd448ce957	242
621d7d7d-ac97-49c6-b929-3ccd448ce957	243
621d7d7d-ac97-49c6-b929-3ccd448ce957	272
621d7d7d-ac97-49c6-b929-3ccd448ce957	244
19b24f31-5529-478b-9b0f-d6da1d189297	151
19b24f31-5529-478b-9b0f-d6da1d189297	162
19b24f31-5529-478b-9b0f-d6da1d189297	154
19b24f31-5529-478b-9b0f-d6da1d189297	131
19b24f31-5529-478b-9b0f-d6da1d189297	228
19b24f31-5529-478b-9b0f-d6da1d189297	229
19b24f31-5529-478b-9b0f-d6da1d189297	230
19b24f31-5529-478b-9b0f-d6da1d189297	231
19b24f31-5529-478b-9b0f-d6da1d189297	158
19b24f31-5529-478b-9b0f-d6da1d189297	159
19b24f31-5529-478b-9b0f-d6da1d189297	161
19b24f31-5529-478b-9b0f-d6da1d189297	203
19b24f31-5529-478b-9b0f-d6da1d189297	232
19b24f31-5529-478b-9b0f-d6da1d189297	273
19b24f31-5529-478b-9b0f-d6da1d189297	143
19b24f31-5529-478b-9b0f-d6da1d189297	141
19b24f31-5529-478b-9b0f-d6da1d189297	142
19b24f31-5529-478b-9b0f-d6da1d189297	233
19b24f31-5529-478b-9b0f-d6da1d189297	234
19b24f31-5529-478b-9b0f-d6da1d189297	134
19b24f31-5529-478b-9b0f-d6da1d189297	146
19b24f31-5529-478b-9b0f-d6da1d189297	133
19b24f31-5529-478b-9b0f-d6da1d189297	235
19b24f31-5529-478b-9b0f-d6da1d189297	147
19b24f31-5529-478b-9b0f-d6da1d189297	236
19b24f31-5529-478b-9b0f-d6da1d189297	237
19b24f31-5529-478b-9b0f-d6da1d189297	153
19b24f31-5529-478b-9b0f-d6da1d189297	238
19b24f31-5529-478b-9b0f-d6da1d189297	239
19b24f31-5529-478b-9b0f-d6da1d189297	240
19b24f31-5529-478b-9b0f-d6da1d189297	241
19b24f31-5529-478b-9b0f-d6da1d189297	156
19b24f31-5529-478b-9b0f-d6da1d189297	157
19b24f31-5529-478b-9b0f-d6da1d189297	242
19b24f31-5529-478b-9b0f-d6da1d189297	243
19b24f31-5529-478b-9b0f-d6da1d189297	272
19b24f31-5529-478b-9b0f-d6da1d189297	244
19b24f31-5529-478b-9b0f-d6da1d189297	138
19b24f31-5529-478b-9b0f-d6da1d189297	152
19b24f31-5529-478b-9b0f-d6da1d189297	150
19b24f31-5529-478b-9b0f-d6da1d189297	200
19b24f31-5529-478b-9b0f-d6da1d189297	245
19b24f31-5529-478b-9b0f-d6da1d189297	137
19b24f31-5529-478b-9b0f-d6da1d189297	145
19b24f31-5529-478b-9b0f-d6da1d189297	246
19b24f31-5529-478b-9b0f-d6da1d189297	247
19b24f31-5529-478b-9b0f-d6da1d189297	144
19b24f31-5529-478b-9b0f-d6da1d189297	135
19b24f31-5529-478b-9b0f-d6da1d189297	155
3378236e-4696-4006-a4ca-74ed3bef08cc	139
3378236e-4696-4006-a4ca-74ed3bef08cc	136
3378236e-4696-4006-a4ca-74ed3bef08cc	160
3378236e-4696-4006-a4ca-74ed3bef08cc	227
3378236e-4696-4006-a4ca-74ed3bef08cc	149
3378236e-4696-4006-a4ca-74ed3bef08cc	130
3378236e-4696-4006-a4ca-74ed3bef08cc	151
3378236e-4696-4006-a4ca-74ed3bef08cc	162
3378236e-4696-4006-a4ca-74ed3bef08cc	154
3378236e-4696-4006-a4ca-74ed3bef08cc	131
3378236e-4696-4006-a4ca-74ed3bef08cc	228
3378236e-4696-4006-a4ca-74ed3bef08cc	229
3378236e-4696-4006-a4ca-74ed3bef08cc	230
3378236e-4696-4006-a4ca-74ed3bef08cc	231
3378236e-4696-4006-a4ca-74ed3bef08cc	158
3378236e-4696-4006-a4ca-74ed3bef08cc	159
3378236e-4696-4006-a4ca-74ed3bef08cc	161
3378236e-4696-4006-a4ca-74ed3bef08cc	203
3378236e-4696-4006-a4ca-74ed3bef08cc	232
3378236e-4696-4006-a4ca-74ed3bef08cc	273
3378236e-4696-4006-a4ca-74ed3bef08cc	143
3378236e-4696-4006-a4ca-74ed3bef08cc	141
3378236e-4696-4006-a4ca-74ed3bef08cc	142
3378236e-4696-4006-a4ca-74ed3bef08cc	233
3378236e-4696-4006-a4ca-74ed3bef08cc	234
3378236e-4696-4006-a4ca-74ed3bef08cc	134
3378236e-4696-4006-a4ca-74ed3bef08cc	146
3378236e-4696-4006-a4ca-74ed3bef08cc	133
3378236e-4696-4006-a4ca-74ed3bef08cc	235
3378236e-4696-4006-a4ca-74ed3bef08cc	147
3378236e-4696-4006-a4ca-74ed3bef08cc	236
3378236e-4696-4006-a4ca-74ed3bef08cc	237
3378236e-4696-4006-a4ca-74ed3bef08cc	153
3378236e-4696-4006-a4ca-74ed3bef08cc	238
3378236e-4696-4006-a4ca-74ed3bef08cc	239
3378236e-4696-4006-a4ca-74ed3bef08cc	240
3378236e-4696-4006-a4ca-74ed3bef08cc	241
3378236e-4696-4006-a4ca-74ed3bef08cc	156
3378236e-4696-4006-a4ca-74ed3bef08cc	157
3378236e-4696-4006-a4ca-74ed3bef08cc	242
3378236e-4696-4006-a4ca-74ed3bef08cc	243
3378236e-4696-4006-a4ca-74ed3bef08cc	272
3378236e-4696-4006-a4ca-74ed3bef08cc	244
3378236e-4696-4006-a4ca-74ed3bef08cc	138
3378236e-4696-4006-a4ca-74ed3bef08cc	152
3378236e-4696-4006-a4ca-74ed3bef08cc	150
3378236e-4696-4006-a4ca-74ed3bef08cc	200
3378236e-4696-4006-a4ca-74ed3bef08cc	245
3378236e-4696-4006-a4ca-74ed3bef08cc	137
3378236e-4696-4006-a4ca-74ed3bef08cc	145
3378236e-4696-4006-a4ca-74ed3bef08cc	246
3378236e-4696-4006-a4ca-74ed3bef08cc	247
abe84afc-79cf-41a6-8cd4-508c06210b92	160
abe84afc-79cf-41a6-8cd4-508c06210b92	227
abe84afc-79cf-41a6-8cd4-508c06210b92	149
abe84afc-79cf-41a6-8cd4-508c06210b92	130
abe84afc-79cf-41a6-8cd4-508c06210b92	151
abe84afc-79cf-41a6-8cd4-508c06210b92	162
abe84afc-79cf-41a6-8cd4-508c06210b92	154
abe84afc-79cf-41a6-8cd4-508c06210b92	131
abe84afc-79cf-41a6-8cd4-508c06210b92	228
abe84afc-79cf-41a6-8cd4-508c06210b92	229
abe84afc-79cf-41a6-8cd4-508c06210b92	230
abe84afc-79cf-41a6-8cd4-508c06210b92	231
abe84afc-79cf-41a6-8cd4-508c06210b92	158
abe84afc-79cf-41a6-8cd4-508c06210b92	159
abe84afc-79cf-41a6-8cd4-508c06210b92	161
abe84afc-79cf-41a6-8cd4-508c06210b92	203
abe84afc-79cf-41a6-8cd4-508c06210b92	232
abe84afc-79cf-41a6-8cd4-508c06210b92	273
abe84afc-79cf-41a6-8cd4-508c06210b92	143
abe84afc-79cf-41a6-8cd4-508c06210b92	141
abe84afc-79cf-41a6-8cd4-508c06210b92	142
abe84afc-79cf-41a6-8cd4-508c06210b92	233
abe84afc-79cf-41a6-8cd4-508c06210b92	234
abe84afc-79cf-41a6-8cd4-508c06210b92	134
abe84afc-79cf-41a6-8cd4-508c06210b92	146
abe84afc-79cf-41a6-8cd4-508c06210b92	133
abe84afc-79cf-41a6-8cd4-508c06210b92	235
abe84afc-79cf-41a6-8cd4-508c06210b92	147
abe84afc-79cf-41a6-8cd4-508c06210b92	236
abe84afc-79cf-41a6-8cd4-508c06210b92	237
abe84afc-79cf-41a6-8cd4-508c06210b92	153
abe84afc-79cf-41a6-8cd4-508c06210b92	238
abe84afc-79cf-41a6-8cd4-508c06210b92	241
abe84afc-79cf-41a6-8cd4-508c06210b92	156
abe84afc-79cf-41a6-8cd4-508c06210b92	157
abe84afc-79cf-41a6-8cd4-508c06210b92	242
abe84afc-79cf-41a6-8cd4-508c06210b92	243
abe84afc-79cf-41a6-8cd4-508c06210b92	272
943da25d-a6fc-4f98-96cb-73a14356dae4	246
943da25d-a6fc-4f98-96cb-73a14356dae4	247
943da25d-a6fc-4f98-96cb-73a14356dae4	144
943da25d-a6fc-4f98-96cb-73a14356dae4	135
943da25d-a6fc-4f98-96cb-73a14356dae4	155
943da25d-a6fc-4f98-96cb-73a14356dae4	148
943da25d-a6fc-4f98-96cb-73a14356dae4	254
943da25d-a6fc-4f98-96cb-73a14356dae4	255
943da25d-a6fc-4f98-96cb-73a14356dae4	256
943da25d-a6fc-4f98-96cb-73a14356dae4	257
943da25d-a6fc-4f98-96cb-73a14356dae4	258
943da25d-a6fc-4f98-96cb-73a14356dae4	259
943da25d-a6fc-4f98-96cb-73a14356dae4	260
943da25d-a6fc-4f98-96cb-73a14356dae4	274
943da25d-a6fc-4f98-96cb-73a14356dae4	261
943da25d-a6fc-4f98-96cb-73a14356dae4	262
943da25d-a6fc-4f98-96cb-73a14356dae4	263
943da25d-a6fc-4f98-96cb-73a14356dae4	264
943da25d-a6fc-4f98-96cb-73a14356dae4	265
943da25d-a6fc-4f98-96cb-73a14356dae4	266
943da25d-a6fc-4f98-96cb-73a14356dae4	267
943da25d-a6fc-4f98-96cb-73a14356dae4	268
943da25d-a6fc-4f98-96cb-73a14356dae4	269
943da25d-a6fc-4f98-96cb-73a14356dae4	270
943da25d-a6fc-4f98-96cb-73a14356dae4	275
943da25d-a6fc-4f98-96cb-73a14356dae4	276
943da25d-a6fc-4f98-96cb-73a14356dae4	277
943da25d-a6fc-4f98-96cb-73a14356dae4	278
943da25d-a6fc-4f98-96cb-73a14356dae4	279
943da25d-a6fc-4f98-96cb-73a14356dae4	280
1e791b25-684e-4069-92be-e821e66cf108	249
1e791b25-684e-4069-92be-e821e66cf108	250
1e791b25-684e-4069-92be-e821e66cf108	251
1e791b25-684e-4069-92be-e821e66cf108	252
1e791b25-684e-4069-92be-e821e66cf108	253
1e791b25-684e-4069-92be-e821e66cf108	213
1e791b25-684e-4069-92be-e821e66cf108	214
1e791b25-684e-4069-92be-e821e66cf108	215
1e791b25-684e-4069-92be-e821e66cf108	216
1e791b25-684e-4069-92be-e821e66cf108	217
1e791b25-684e-4069-92be-e821e66cf108	218
1e791b25-684e-4069-92be-e821e66cf108	219
1e791b25-684e-4069-92be-e821e66cf108	220
1e791b25-684e-4069-92be-e821e66cf108	221
1e791b25-684e-4069-92be-e821e66cf108	222
1e791b25-684e-4069-92be-e821e66cf108	223
1e791b25-684e-4069-92be-e821e66cf108	224
1e791b25-684e-4069-92be-e821e66cf108	225
1e791b25-684e-4069-92be-e821e66cf108	226
1e791b25-684e-4069-92be-e821e66cf108	271
1e791b25-684e-4069-92be-e821e66cf108	132
1e791b25-684e-4069-92be-e821e66cf108	140
1e791b25-684e-4069-92be-e821e66cf108	139
1e791b25-684e-4069-92be-e821e66cf108	136
1e791b25-684e-4069-92be-e821e66cf108	160
1e791b25-684e-4069-92be-e821e66cf108	227
1e791b25-684e-4069-92be-e821e66cf108	149
1e791b25-684e-4069-92be-e821e66cf108	130
1e791b25-684e-4069-92be-e821e66cf108	151
1e791b25-684e-4069-92be-e821e66cf108	162
1e791b25-684e-4069-92be-e821e66cf108	154
1e791b25-684e-4069-92be-e821e66cf108	131
1e791b25-684e-4069-92be-e821e66cf108	228
1e791b25-684e-4069-92be-e821e66cf108	229
1e791b25-684e-4069-92be-e821e66cf108	230
1e791b25-684e-4069-92be-e821e66cf108	231
1e791b25-684e-4069-92be-e821e66cf108	158
1e791b25-684e-4069-92be-e821e66cf108	159
1e791b25-684e-4069-92be-e821e66cf108	161
1e791b25-684e-4069-92be-e821e66cf108	203
1e791b25-684e-4069-92be-e821e66cf108	232
1e791b25-684e-4069-92be-e821e66cf108	273
1e791b25-684e-4069-92be-e821e66cf108	143
1e791b25-684e-4069-92be-e821e66cf108	141
1e791b25-684e-4069-92be-e821e66cf108	142
1e791b25-684e-4069-92be-e821e66cf108	233
1e791b25-684e-4069-92be-e821e66cf108	234
1e791b25-684e-4069-92be-e821e66cf108	134
1e791b25-684e-4069-92be-e821e66cf108	146
1e791b25-684e-4069-92be-e821e66cf108	133
1e791b25-684e-4069-92be-e821e66cf108	235
1e791b25-684e-4069-92be-e821e66cf108	147
1e791b25-684e-4069-92be-e821e66cf108	236
1e791b25-684e-4069-92be-e821e66cf108	237
1e791b25-684e-4069-92be-e821e66cf108	153
1e791b25-684e-4069-92be-e821e66cf108	238
1e791b25-684e-4069-92be-e821e66cf108	239
1e791b25-684e-4069-92be-e821e66cf108	240
1e791b25-684e-4069-92be-e821e66cf108	241
1e791b25-684e-4069-92be-e821e66cf108	156
1e791b25-684e-4069-92be-e821e66cf108	157
1e791b25-684e-4069-92be-e821e66cf108	242
1e791b25-684e-4069-92be-e821e66cf108	243
1e791b25-684e-4069-92be-e821e66cf108	272
1e791b25-684e-4069-92be-e821e66cf108	244
1e791b25-684e-4069-92be-e821e66cf108	138
1e791b25-684e-4069-92be-e821e66cf108	152
1e791b25-684e-4069-92be-e821e66cf108	150
1e791b25-684e-4069-92be-e821e66cf108	200
1e791b25-684e-4069-92be-e821e66cf108	245
1e791b25-684e-4069-92be-e821e66cf108	137
1e791b25-684e-4069-92be-e821e66cf108	145
1e791b25-684e-4069-92be-e821e66cf108	246
1e791b25-684e-4069-92be-e821e66cf108	247
d91322ca-542d-45ca-b262-6db74ba7a859	131
d91322ca-542d-45ca-b262-6db74ba7a859	228
d91322ca-542d-45ca-b262-6db74ba7a859	229
d91322ca-542d-45ca-b262-6db74ba7a859	230
d91322ca-542d-45ca-b262-6db74ba7a859	231
d91322ca-542d-45ca-b262-6db74ba7a859	158
d91322ca-542d-45ca-b262-6db74ba7a859	159
d91322ca-542d-45ca-b262-6db74ba7a859	161
d91322ca-542d-45ca-b262-6db74ba7a859	203
d91322ca-542d-45ca-b262-6db74ba7a859	232
d91322ca-542d-45ca-b262-6db74ba7a859	273
d91322ca-542d-45ca-b262-6db74ba7a859	143
d91322ca-542d-45ca-b262-6db74ba7a859	141
d91322ca-542d-45ca-b262-6db74ba7a859	142
d91322ca-542d-45ca-b262-6db74ba7a859	233
d91322ca-542d-45ca-b262-6db74ba7a859	234
d91322ca-542d-45ca-b262-6db74ba7a859	134
d91322ca-542d-45ca-b262-6db74ba7a859	146
d91322ca-542d-45ca-b262-6db74ba7a859	133
d91322ca-542d-45ca-b262-6db74ba7a859	235
d91322ca-542d-45ca-b262-6db74ba7a859	147
d91322ca-542d-45ca-b262-6db74ba7a859	236
d91322ca-542d-45ca-b262-6db74ba7a859	237
d91322ca-542d-45ca-b262-6db74ba7a859	153
d91322ca-542d-45ca-b262-6db74ba7a859	238
d91322ca-542d-45ca-b262-6db74ba7a859	239
d91322ca-542d-45ca-b262-6db74ba7a859	240
d91322ca-542d-45ca-b262-6db74ba7a859	241
d91322ca-542d-45ca-b262-6db74ba7a859	156
d91322ca-542d-45ca-b262-6db74ba7a859	157
d91322ca-542d-45ca-b262-6db74ba7a859	242
d91322ca-542d-45ca-b262-6db74ba7a859	243
d91322ca-542d-45ca-b262-6db74ba7a859	272
d91322ca-542d-45ca-b262-6db74ba7a859	244
d91322ca-542d-45ca-b262-6db74ba7a859	138
d91322ca-542d-45ca-b262-6db74ba7a859	152
d91322ca-542d-45ca-b262-6db74ba7a859	150
d91322ca-542d-45ca-b262-6db74ba7a859	200
d91322ca-542d-45ca-b262-6db74ba7a859	245
d91322ca-542d-45ca-b262-6db74ba7a859	137
d91322ca-542d-45ca-b262-6db74ba7a859	145
d91322ca-542d-45ca-b262-6db74ba7a859	246
4873aeeb-5519-4c2e-955a-b9b61a076cb3	154
4873aeeb-5519-4c2e-955a-b9b61a076cb3	131
4873aeeb-5519-4c2e-955a-b9b61a076cb3	228
4873aeeb-5519-4c2e-955a-b9b61a076cb3	229
4873aeeb-5519-4c2e-955a-b9b61a076cb3	230
4873aeeb-5519-4c2e-955a-b9b61a076cb3	231
4873aeeb-5519-4c2e-955a-b9b61a076cb3	158
4873aeeb-5519-4c2e-955a-b9b61a076cb3	159
4873aeeb-5519-4c2e-955a-b9b61a076cb3	161
4873aeeb-5519-4c2e-955a-b9b61a076cb3	203
4873aeeb-5519-4c2e-955a-b9b61a076cb3	232
abe84afc-79cf-41a6-8cd4-508c06210b92	244
abe84afc-79cf-41a6-8cd4-508c06210b92	138
abe84afc-79cf-41a6-8cd4-508c06210b92	152
abe84afc-79cf-41a6-8cd4-508c06210b92	150
abe84afc-79cf-41a6-8cd4-508c06210b92	200
abe84afc-79cf-41a6-8cd4-508c06210b92	245
abe84afc-79cf-41a6-8cd4-508c06210b92	137
b1a9c83f-530d-4ed3-a344-539c6ce197bd	154
b1a9c83f-530d-4ed3-a344-539c6ce197bd	131
b1a9c83f-530d-4ed3-a344-539c6ce197bd	228
b1a9c83f-530d-4ed3-a344-539c6ce197bd	229
b1a9c83f-530d-4ed3-a344-539c6ce197bd	230
b1a9c83f-530d-4ed3-a344-539c6ce197bd	231
b1a9c83f-530d-4ed3-a344-539c6ce197bd	158
b1a9c83f-530d-4ed3-a344-539c6ce197bd	159
b1a9c83f-530d-4ed3-a344-539c6ce197bd	161
b1a9c83f-530d-4ed3-a344-539c6ce197bd	203
b1a9c83f-530d-4ed3-a344-539c6ce197bd	232
b1a9c83f-530d-4ed3-a344-539c6ce197bd	273
b1a9c83f-530d-4ed3-a344-539c6ce197bd	143
b1a9c83f-530d-4ed3-a344-539c6ce197bd	141
b1a9c83f-530d-4ed3-a344-539c6ce197bd	142
b1a9c83f-530d-4ed3-a344-539c6ce197bd	233
b1a9c83f-530d-4ed3-a344-539c6ce197bd	234
b1a9c83f-530d-4ed3-a344-539c6ce197bd	134
b1a9c83f-530d-4ed3-a344-539c6ce197bd	146
b1a9c83f-530d-4ed3-a344-539c6ce197bd	133
b1a9c83f-530d-4ed3-a344-539c6ce197bd	235
b1a9c83f-530d-4ed3-a344-539c6ce197bd	147
b1a9c83f-530d-4ed3-a344-539c6ce197bd	236
b1a9c83f-530d-4ed3-a344-539c6ce197bd	237
b1a9c83f-530d-4ed3-a344-539c6ce197bd	153
b1a9c83f-530d-4ed3-a344-539c6ce197bd	238
b1a9c83f-530d-4ed3-a344-539c6ce197bd	239
b1a9c83f-530d-4ed3-a344-539c6ce197bd	240
b1a9c83f-530d-4ed3-a344-539c6ce197bd	241
b1a9c83f-530d-4ed3-a344-539c6ce197bd	156
b1a9c83f-530d-4ed3-a344-539c6ce197bd	157
b1a9c83f-530d-4ed3-a344-539c6ce197bd	242
b1a9c83f-530d-4ed3-a344-539c6ce197bd	243
b1a9c83f-530d-4ed3-a344-539c6ce197bd	272
b1a9c83f-530d-4ed3-a344-539c6ce197bd	244
b1a9c83f-530d-4ed3-a344-539c6ce197bd	138
b1a9c83f-530d-4ed3-a344-539c6ce197bd	152
b1a9c83f-530d-4ed3-a344-539c6ce197bd	150
4e091d3a-5b1f-4527-a718-41cd7b9f635f	162
4e091d3a-5b1f-4527-a718-41cd7b9f635f	154
4e091d3a-5b1f-4527-a718-41cd7b9f635f	131
4e091d3a-5b1f-4527-a718-41cd7b9f635f	228
4e091d3a-5b1f-4527-a718-41cd7b9f635f	229
4e091d3a-5b1f-4527-a718-41cd7b9f635f	230
4e091d3a-5b1f-4527-a718-41cd7b9f635f	231
4e091d3a-5b1f-4527-a718-41cd7b9f635f	158
4e091d3a-5b1f-4527-a718-41cd7b9f635f	159
4e091d3a-5b1f-4527-a718-41cd7b9f635f	161
4e091d3a-5b1f-4527-a718-41cd7b9f635f	203
4e091d3a-5b1f-4527-a718-41cd7b9f635f	232
4e091d3a-5b1f-4527-a718-41cd7b9f635f	273
4e091d3a-5b1f-4527-a718-41cd7b9f635f	143
4e091d3a-5b1f-4527-a718-41cd7b9f635f	141
4e091d3a-5b1f-4527-a718-41cd7b9f635f	142
4e091d3a-5b1f-4527-a718-41cd7b9f635f	233
4e091d3a-5b1f-4527-a718-41cd7b9f635f	234
4e091d3a-5b1f-4527-a718-41cd7b9f635f	134
4e091d3a-5b1f-4527-a718-41cd7b9f635f	146
4e091d3a-5b1f-4527-a718-41cd7b9f635f	133
4e091d3a-5b1f-4527-a718-41cd7b9f635f	235
4e091d3a-5b1f-4527-a718-41cd7b9f635f	147
4e091d3a-5b1f-4527-a718-41cd7b9f635f	236
4e091d3a-5b1f-4527-a718-41cd7b9f635f	237
4e091d3a-5b1f-4527-a718-41cd7b9f635f	153
4e091d3a-5b1f-4527-a718-41cd7b9f635f	238
4e091d3a-5b1f-4527-a718-41cd7b9f635f	239
4e091d3a-5b1f-4527-a718-41cd7b9f635f	240
4e091d3a-5b1f-4527-a718-41cd7b9f635f	241
4e091d3a-5b1f-4527-a718-41cd7b9f635f	156
4e091d3a-5b1f-4527-a718-41cd7b9f635f	157
10046744-4845-4723-b81c-a7fc5bfa477a	154
10046744-4845-4723-b81c-a7fc5bfa477a	131
10046744-4845-4723-b81c-a7fc5bfa477a	228
10046744-4845-4723-b81c-a7fc5bfa477a	229
10046744-4845-4723-b81c-a7fc5bfa477a	230
10046744-4845-4723-b81c-a7fc5bfa477a	231
10046744-4845-4723-b81c-a7fc5bfa477a	158
10046744-4845-4723-b81c-a7fc5bfa477a	159
10046744-4845-4723-b81c-a7fc5bfa477a	161
10046744-4845-4723-b81c-a7fc5bfa477a	203
10046744-4845-4723-b81c-a7fc5bfa477a	232
10046744-4845-4723-b81c-a7fc5bfa477a	273
10046744-4845-4723-b81c-a7fc5bfa477a	143
10046744-4845-4723-b81c-a7fc5bfa477a	141
10046744-4845-4723-b81c-a7fc5bfa477a	142
10046744-4845-4723-b81c-a7fc5bfa477a	233
10046744-4845-4723-b81c-a7fc5bfa477a	234
10046744-4845-4723-b81c-a7fc5bfa477a	134
10046744-4845-4723-b81c-a7fc5bfa477a	146
10046744-4845-4723-b81c-a7fc5bfa477a	133
10046744-4845-4723-b81c-a7fc5bfa477a	235
10046744-4845-4723-b81c-a7fc5bfa477a	147
10046744-4845-4723-b81c-a7fc5bfa477a	236
10046744-4845-4723-b81c-a7fc5bfa477a	237
10046744-4845-4723-b81c-a7fc5bfa477a	153
10046744-4845-4723-b81c-a7fc5bfa477a	238
10046744-4845-4723-b81c-a7fc5bfa477a	239
10046744-4845-4723-b81c-a7fc5bfa477a	240
10046744-4845-4723-b81c-a7fc5bfa477a	241
10046744-4845-4723-b81c-a7fc5bfa477a	156
10046744-4845-4723-b81c-a7fc5bfa477a	157
10046744-4845-4723-b81c-a7fc5bfa477a	242
10046744-4845-4723-b81c-a7fc5bfa477a	243
10046744-4845-4723-b81c-a7fc5bfa477a	272
10046744-4845-4723-b81c-a7fc5bfa477a	244
10046744-4845-4723-b81c-a7fc5bfa477a	138
10046744-4845-4723-b81c-a7fc5bfa477a	152
10046744-4845-4723-b81c-a7fc5bfa477a	150
10046744-4845-4723-b81c-a7fc5bfa477a	200
10046744-4845-4723-b81c-a7fc5bfa477a	245
10046744-4845-4723-b81c-a7fc5bfa477a	137
35948875-1a26-4afa-9285-ea9ba7d3036f	141
35948875-1a26-4afa-9285-ea9ba7d3036f	142
35948875-1a26-4afa-9285-ea9ba7d3036f	233
35948875-1a26-4afa-9285-ea9ba7d3036f	234
35948875-1a26-4afa-9285-ea9ba7d3036f	134
35948875-1a26-4afa-9285-ea9ba7d3036f	146
35948875-1a26-4afa-9285-ea9ba7d3036f	133
35948875-1a26-4afa-9285-ea9ba7d3036f	235
35948875-1a26-4afa-9285-ea9ba7d3036f	147
35948875-1a26-4afa-9285-ea9ba7d3036f	236
35948875-1a26-4afa-9285-ea9ba7d3036f	237
35948875-1a26-4afa-9285-ea9ba7d3036f	153
35948875-1a26-4afa-9285-ea9ba7d3036f	238
ee1057b2-3eae-445e-b1e9-a34f64eed053	228
ee1057b2-3eae-445e-b1e9-a34f64eed053	229
ee1057b2-3eae-445e-b1e9-a34f64eed053	230
ee1057b2-3eae-445e-b1e9-a34f64eed053	231
ee1057b2-3eae-445e-b1e9-a34f64eed053	158
ee1057b2-3eae-445e-b1e9-a34f64eed053	159
ee1057b2-3eae-445e-b1e9-a34f64eed053	161
ee1057b2-3eae-445e-b1e9-a34f64eed053	203
ee1057b2-3eae-445e-b1e9-a34f64eed053	232
ee1057b2-3eae-445e-b1e9-a34f64eed053	273
ee1057b2-3eae-445e-b1e9-a34f64eed053	143
ee1057b2-3eae-445e-b1e9-a34f64eed053	141
ee1057b2-3eae-445e-b1e9-a34f64eed053	142
ee1057b2-3eae-445e-b1e9-a34f64eed053	233
ee1057b2-3eae-445e-b1e9-a34f64eed053	234
ee1057b2-3eae-445e-b1e9-a34f64eed053	134
ee1057b2-3eae-445e-b1e9-a34f64eed053	146
ee1057b2-3eae-445e-b1e9-a34f64eed053	133
ee1057b2-3eae-445e-b1e9-a34f64eed053	235
ee1057b2-3eae-445e-b1e9-a34f64eed053	147
ee1057b2-3eae-445e-b1e9-a34f64eed053	236
ee1057b2-3eae-445e-b1e9-a34f64eed053	237
ee1057b2-3eae-445e-b1e9-a34f64eed053	153
ee1057b2-3eae-445e-b1e9-a34f64eed053	238
ee1057b2-3eae-445e-b1e9-a34f64eed053	239
ee1057b2-3eae-445e-b1e9-a34f64eed053	240
4873aeeb-5519-4c2e-955a-b9b61a076cb3	273
4873aeeb-5519-4c2e-955a-b9b61a076cb3	143
4873aeeb-5519-4c2e-955a-b9b61a076cb3	141
4873aeeb-5519-4c2e-955a-b9b61a076cb3	142
4873aeeb-5519-4c2e-955a-b9b61a076cb3	233
4873aeeb-5519-4c2e-955a-b9b61a076cb3	234
4873aeeb-5519-4c2e-955a-b9b61a076cb3	134
4873aeeb-5519-4c2e-955a-b9b61a076cb3	146
4873aeeb-5519-4c2e-955a-b9b61a076cb3	133
4873aeeb-5519-4c2e-955a-b9b61a076cb3	235
4873aeeb-5519-4c2e-955a-b9b61a076cb3	147
4873aeeb-5519-4c2e-955a-b9b61a076cb3	236
4873aeeb-5519-4c2e-955a-b9b61a076cb3	237
4873aeeb-5519-4c2e-955a-b9b61a076cb3	153
4873aeeb-5519-4c2e-955a-b9b61a076cb3	238
4873aeeb-5519-4c2e-955a-b9b61a076cb3	239
4873aeeb-5519-4c2e-955a-b9b61a076cb3	240
4873aeeb-5519-4c2e-955a-b9b61a076cb3	241
4873aeeb-5519-4c2e-955a-b9b61a076cb3	156
4873aeeb-5519-4c2e-955a-b9b61a076cb3	157
4873aeeb-5519-4c2e-955a-b9b61a076cb3	242
4873aeeb-5519-4c2e-955a-b9b61a076cb3	243
4873aeeb-5519-4c2e-955a-b9b61a076cb3	272
4873aeeb-5519-4c2e-955a-b9b61a076cb3	244
4873aeeb-5519-4c2e-955a-b9b61a076cb3	138
4873aeeb-5519-4c2e-955a-b9b61a076cb3	152
4873aeeb-5519-4c2e-955a-b9b61a076cb3	150
b30d30df-1de3-4ed1-969f-779ac663dcf1	162
b30d30df-1de3-4ed1-969f-779ac663dcf1	154
b30d30df-1de3-4ed1-969f-779ac663dcf1	131
b30d30df-1de3-4ed1-969f-779ac663dcf1	228
b30d30df-1de3-4ed1-969f-779ac663dcf1	229
b30d30df-1de3-4ed1-969f-779ac663dcf1	230
b30d30df-1de3-4ed1-969f-779ac663dcf1	231
b30d30df-1de3-4ed1-969f-779ac663dcf1	158
b30d30df-1de3-4ed1-969f-779ac663dcf1	159
b30d30df-1de3-4ed1-969f-779ac663dcf1	161
b30d30df-1de3-4ed1-969f-779ac663dcf1	203
b30d30df-1de3-4ed1-969f-779ac663dcf1	232
b30d30df-1de3-4ed1-969f-779ac663dcf1	273
b30d30df-1de3-4ed1-969f-779ac663dcf1	143
b30d30df-1de3-4ed1-969f-779ac663dcf1	141
b30d30df-1de3-4ed1-969f-779ac663dcf1	142
b30d30df-1de3-4ed1-969f-779ac663dcf1	233
b30d30df-1de3-4ed1-969f-779ac663dcf1	234
b30d30df-1de3-4ed1-969f-779ac663dcf1	134
b30d30df-1de3-4ed1-969f-779ac663dcf1	146
b30d30df-1de3-4ed1-969f-779ac663dcf1	133
b30d30df-1de3-4ed1-969f-779ac663dcf1	235
b30d30df-1de3-4ed1-969f-779ac663dcf1	147
b30d30df-1de3-4ed1-969f-779ac663dcf1	236
b30d30df-1de3-4ed1-969f-779ac663dcf1	237
b30d30df-1de3-4ed1-969f-779ac663dcf1	153
b30d30df-1de3-4ed1-969f-779ac663dcf1	238
b30d30df-1de3-4ed1-969f-779ac663dcf1	239
b30d30df-1de3-4ed1-969f-779ac663dcf1	240
b30d30df-1de3-4ed1-969f-779ac663dcf1	241
b30d30df-1de3-4ed1-969f-779ac663dcf1	156
b30d30df-1de3-4ed1-969f-779ac663dcf1	157
b30d30df-1de3-4ed1-969f-779ac663dcf1	242
b30d30df-1de3-4ed1-969f-779ac663dcf1	243
b30d30df-1de3-4ed1-969f-779ac663dcf1	272
6da43cf5-2a09-4a4a-a378-533d8432d654	228
6da43cf5-2a09-4a4a-a378-533d8432d654	229
6da43cf5-2a09-4a4a-a378-533d8432d654	230
6da43cf5-2a09-4a4a-a378-533d8432d654	231
6da43cf5-2a09-4a4a-a378-533d8432d654	158
6da43cf5-2a09-4a4a-a378-533d8432d654	159
6da43cf5-2a09-4a4a-a378-533d8432d654	161
6da43cf5-2a09-4a4a-a378-533d8432d654	203
6da43cf5-2a09-4a4a-a378-533d8432d654	232
6da43cf5-2a09-4a4a-a378-533d8432d654	273
6da43cf5-2a09-4a4a-a378-533d8432d654	143
6da43cf5-2a09-4a4a-a378-533d8432d654	141
6da43cf5-2a09-4a4a-a378-533d8432d654	142
6da43cf5-2a09-4a4a-a378-533d8432d654	233
6da43cf5-2a09-4a4a-a378-533d8432d654	234
6da43cf5-2a09-4a4a-a378-533d8432d654	134
6da43cf5-2a09-4a4a-a378-533d8432d654	146
6da43cf5-2a09-4a4a-a378-533d8432d654	133
6da43cf5-2a09-4a4a-a378-533d8432d654	235
6da43cf5-2a09-4a4a-a378-533d8432d654	147
6da43cf5-2a09-4a4a-a378-533d8432d654	236
6da43cf5-2a09-4a4a-a378-533d8432d654	237
6da43cf5-2a09-4a4a-a378-533d8432d654	153
6da43cf5-2a09-4a4a-a378-533d8432d654	238
6da43cf5-2a09-4a4a-a378-533d8432d654	239
6da43cf5-2a09-4a4a-a378-533d8432d654	240
6da43cf5-2a09-4a4a-a378-533d8432d654	241
6da43cf5-2a09-4a4a-a378-533d8432d654	156
6da43cf5-2a09-4a4a-a378-533d8432d654	157
6da43cf5-2a09-4a4a-a378-533d8432d654	242
6da43cf5-2a09-4a4a-a378-533d8432d654	243
6da43cf5-2a09-4a4a-a378-533d8432d654	272
6da43cf5-2a09-4a4a-a378-533d8432d654	244
6da43cf5-2a09-4a4a-a378-533d8432d654	138
6da43cf5-2a09-4a4a-a378-533d8432d654	152
6da43cf5-2a09-4a4a-a378-533d8432d654	150
6da43cf5-2a09-4a4a-a378-533d8432d654	200
6da43cf5-2a09-4a4a-a378-533d8432d654	245
6da43cf5-2a09-4a4a-a378-533d8432d654	137
6da43cf5-2a09-4a4a-a378-533d8432d654	145
6da43cf5-2a09-4a4a-a378-533d8432d654	246
6da43cf5-2a09-4a4a-a378-533d8432d654	247
72bf3e9e-43e5-415a-80d1-75d240036ff4	249
72bf3e9e-43e5-415a-80d1-75d240036ff4	250
72bf3e9e-43e5-415a-80d1-75d240036ff4	251
72bf3e9e-43e5-415a-80d1-75d240036ff4	252
72bf3e9e-43e5-415a-80d1-75d240036ff4	253
72bf3e9e-43e5-415a-80d1-75d240036ff4	213
72bf3e9e-43e5-415a-80d1-75d240036ff4	214
72bf3e9e-43e5-415a-80d1-75d240036ff4	215
72bf3e9e-43e5-415a-80d1-75d240036ff4	216
72bf3e9e-43e5-415a-80d1-75d240036ff4	217
72bf3e9e-43e5-415a-80d1-75d240036ff4	218
72bf3e9e-43e5-415a-80d1-75d240036ff4	219
72bf3e9e-43e5-415a-80d1-75d240036ff4	220
72bf3e9e-43e5-415a-80d1-75d240036ff4	221
72bf3e9e-43e5-415a-80d1-75d240036ff4	222
72bf3e9e-43e5-415a-80d1-75d240036ff4	223
72bf3e9e-43e5-415a-80d1-75d240036ff4	224
72bf3e9e-43e5-415a-80d1-75d240036ff4	225
72bf3e9e-43e5-415a-80d1-75d240036ff4	226
72bf3e9e-43e5-415a-80d1-75d240036ff4	271
72bf3e9e-43e5-415a-80d1-75d240036ff4	132
72bf3e9e-43e5-415a-80d1-75d240036ff4	140
72bf3e9e-43e5-415a-80d1-75d240036ff4	139
72bf3e9e-43e5-415a-80d1-75d240036ff4	136
72bf3e9e-43e5-415a-80d1-75d240036ff4	160
72bf3e9e-43e5-415a-80d1-75d240036ff4	227
72bf3e9e-43e5-415a-80d1-75d240036ff4	149
72bf3e9e-43e5-415a-80d1-75d240036ff4	130
72bf3e9e-43e5-415a-80d1-75d240036ff4	151
72bf3e9e-43e5-415a-80d1-75d240036ff4	162
72bf3e9e-43e5-415a-80d1-75d240036ff4	154
72bf3e9e-43e5-415a-80d1-75d240036ff4	131
72bf3e9e-43e5-415a-80d1-75d240036ff4	228
72bf3e9e-43e5-415a-80d1-75d240036ff4	229
72bf3e9e-43e5-415a-80d1-75d240036ff4	230
72bf3e9e-43e5-415a-80d1-75d240036ff4	231
72bf3e9e-43e5-415a-80d1-75d240036ff4	158
72bf3e9e-43e5-415a-80d1-75d240036ff4	159
72bf3e9e-43e5-415a-80d1-75d240036ff4	161
72bf3e9e-43e5-415a-80d1-75d240036ff4	203
72bf3e9e-43e5-415a-80d1-75d240036ff4	232
72bf3e9e-43e5-415a-80d1-75d240036ff4	273
72bf3e9e-43e5-415a-80d1-75d240036ff4	143
72bf3e9e-43e5-415a-80d1-75d240036ff4	141
72bf3e9e-43e5-415a-80d1-75d240036ff4	142
72bf3e9e-43e5-415a-80d1-75d240036ff4	233
72bf3e9e-43e5-415a-80d1-75d240036ff4	234
72bf3e9e-43e5-415a-80d1-75d240036ff4	134
72bf3e9e-43e5-415a-80d1-75d240036ff4	146
72bf3e9e-43e5-415a-80d1-75d240036ff4	133
72bf3e9e-43e5-415a-80d1-75d240036ff4	235
72bf3e9e-43e5-415a-80d1-75d240036ff4	147
72bf3e9e-43e5-415a-80d1-75d240036ff4	236
ee1057b2-3eae-445e-b1e9-a34f64eed053	241
ee1057b2-3eae-445e-b1e9-a34f64eed053	156
ee1057b2-3eae-445e-b1e9-a34f64eed053	157
ee1057b2-3eae-445e-b1e9-a34f64eed053	242
ee1057b2-3eae-445e-b1e9-a34f64eed053	243
ee1057b2-3eae-445e-b1e9-a34f64eed053	272
ee1057b2-3eae-445e-b1e9-a34f64eed053	244
ee1057b2-3eae-445e-b1e9-a34f64eed053	138
ee1057b2-3eae-445e-b1e9-a34f64eed053	152
ee1057b2-3eae-445e-b1e9-a34f64eed053	150
ee1057b2-3eae-445e-b1e9-a34f64eed053	200
ee1057b2-3eae-445e-b1e9-a34f64eed053	245
ee1057b2-3eae-445e-b1e9-a34f64eed053	137
ee1057b2-3eae-445e-b1e9-a34f64eed053	145
ee1057b2-3eae-445e-b1e9-a34f64eed053	246
ee1057b2-3eae-445e-b1e9-a34f64eed053	247
ee1057b2-3eae-445e-b1e9-a34f64eed053	144
ee1057b2-3eae-445e-b1e9-a34f64eed053	135
ee1057b2-3eae-445e-b1e9-a34f64eed053	155
ee1057b2-3eae-445e-b1e9-a34f64eed053	148
ee1057b2-3eae-445e-b1e9-a34f64eed053	254
ee1057b2-3eae-445e-b1e9-a34f64eed053	255
ee1057b2-3eae-445e-b1e9-a34f64eed053	256
ee1057b2-3eae-445e-b1e9-a34f64eed053	257
ee1057b2-3eae-445e-b1e9-a34f64eed053	258
ee1057b2-3eae-445e-b1e9-a34f64eed053	259
ee1057b2-3eae-445e-b1e9-a34f64eed053	260
ee1057b2-3eae-445e-b1e9-a34f64eed053	274
ee1057b2-3eae-445e-b1e9-a34f64eed053	261
ee1057b2-3eae-445e-b1e9-a34f64eed053	262
ee1057b2-3eae-445e-b1e9-a34f64eed053	263
ee1057b2-3eae-445e-b1e9-a34f64eed053	264
94a91f30-31fd-4f0b-bab8-52e27ab7003e	162
94a91f30-31fd-4f0b-bab8-52e27ab7003e	154
94a91f30-31fd-4f0b-bab8-52e27ab7003e	131
94a91f30-31fd-4f0b-bab8-52e27ab7003e	228
94a91f30-31fd-4f0b-bab8-52e27ab7003e	229
94a91f30-31fd-4f0b-bab8-52e27ab7003e	230
94a91f30-31fd-4f0b-bab8-52e27ab7003e	231
94a91f30-31fd-4f0b-bab8-52e27ab7003e	158
94a91f30-31fd-4f0b-bab8-52e27ab7003e	159
94a91f30-31fd-4f0b-bab8-52e27ab7003e	161
94a91f30-31fd-4f0b-bab8-52e27ab7003e	203
94a91f30-31fd-4f0b-bab8-52e27ab7003e	232
94a91f30-31fd-4f0b-bab8-52e27ab7003e	273
94a91f30-31fd-4f0b-bab8-52e27ab7003e	143
94a91f30-31fd-4f0b-bab8-52e27ab7003e	141
94a91f30-31fd-4f0b-bab8-52e27ab7003e	142
94a91f30-31fd-4f0b-bab8-52e27ab7003e	233
94a91f30-31fd-4f0b-bab8-52e27ab7003e	234
94a91f30-31fd-4f0b-bab8-52e27ab7003e	134
94a91f30-31fd-4f0b-bab8-52e27ab7003e	146
94a91f30-31fd-4f0b-bab8-52e27ab7003e	133
94a91f30-31fd-4f0b-bab8-52e27ab7003e	235
94a91f30-31fd-4f0b-bab8-52e27ab7003e	147
94a91f30-31fd-4f0b-bab8-52e27ab7003e	236
94a91f30-31fd-4f0b-bab8-52e27ab7003e	237
94a91f30-31fd-4f0b-bab8-52e27ab7003e	239
94a91f30-31fd-4f0b-bab8-52e27ab7003e	240
94a91f30-31fd-4f0b-bab8-52e27ab7003e	241
94a91f30-31fd-4f0b-bab8-52e27ab7003e	156
94a91f30-31fd-4f0b-bab8-52e27ab7003e	157
94a91f30-31fd-4f0b-bab8-52e27ab7003e	242
94a91f30-31fd-4f0b-bab8-52e27ab7003e	243
94a91f30-31fd-4f0b-bab8-52e27ab7003e	272
a3569ef2-2a84-4620-9882-7ed1fef3992b	217
a3569ef2-2a84-4620-9882-7ed1fef3992b	218
a3569ef2-2a84-4620-9882-7ed1fef3992b	219
a3569ef2-2a84-4620-9882-7ed1fef3992b	220
a3569ef2-2a84-4620-9882-7ed1fef3992b	221
a3569ef2-2a84-4620-9882-7ed1fef3992b	222
a3569ef2-2a84-4620-9882-7ed1fef3992b	223
a3569ef2-2a84-4620-9882-7ed1fef3992b	224
a3569ef2-2a84-4620-9882-7ed1fef3992b	225
a3569ef2-2a84-4620-9882-7ed1fef3992b	226
a3569ef2-2a84-4620-9882-7ed1fef3992b	271
a3569ef2-2a84-4620-9882-7ed1fef3992b	132
a3569ef2-2a84-4620-9882-7ed1fef3992b	140
a3569ef2-2a84-4620-9882-7ed1fef3992b	139
a3569ef2-2a84-4620-9882-7ed1fef3992b	136
a3569ef2-2a84-4620-9882-7ed1fef3992b	160
a3569ef2-2a84-4620-9882-7ed1fef3992b	227
a3569ef2-2a84-4620-9882-7ed1fef3992b	149
a3569ef2-2a84-4620-9882-7ed1fef3992b	130
a3569ef2-2a84-4620-9882-7ed1fef3992b	151
a3569ef2-2a84-4620-9882-7ed1fef3992b	162
a3569ef2-2a84-4620-9882-7ed1fef3992b	154
a3569ef2-2a84-4620-9882-7ed1fef3992b	131
a3569ef2-2a84-4620-9882-7ed1fef3992b	228
a3569ef2-2a84-4620-9882-7ed1fef3992b	229
a3569ef2-2a84-4620-9882-7ed1fef3992b	230
a3569ef2-2a84-4620-9882-7ed1fef3992b	231
a3569ef2-2a84-4620-9882-7ed1fef3992b	158
a3569ef2-2a84-4620-9882-7ed1fef3992b	159
a3569ef2-2a84-4620-9882-7ed1fef3992b	161
a3569ef2-2a84-4620-9882-7ed1fef3992b	203
a3569ef2-2a84-4620-9882-7ed1fef3992b	232
a3569ef2-2a84-4620-9882-7ed1fef3992b	273
a3569ef2-2a84-4620-9882-7ed1fef3992b	143
a3569ef2-2a84-4620-9882-7ed1fef3992b	141
a3569ef2-2a84-4620-9882-7ed1fef3992b	142
a3569ef2-2a84-4620-9882-7ed1fef3992b	233
a3569ef2-2a84-4620-9882-7ed1fef3992b	234
a3569ef2-2a84-4620-9882-7ed1fef3992b	134
a3569ef2-2a84-4620-9882-7ed1fef3992b	146
a3569ef2-2a84-4620-9882-7ed1fef3992b	133
a3569ef2-2a84-4620-9882-7ed1fef3992b	235
a3569ef2-2a84-4620-9882-7ed1fef3992b	147
a3569ef2-2a84-4620-9882-7ed1fef3992b	236
a3569ef2-2a84-4620-9882-7ed1fef3992b	237
a3569ef2-2a84-4620-9882-7ed1fef3992b	153
a3569ef2-2a84-4620-9882-7ed1fef3992b	238
a3569ef2-2a84-4620-9882-7ed1fef3992b	239
a3569ef2-2a84-4620-9882-7ed1fef3992b	240
a3569ef2-2a84-4620-9882-7ed1fef3992b	241
a3569ef2-2a84-4620-9882-7ed1fef3992b	156
a3569ef2-2a84-4620-9882-7ed1fef3992b	157
a3569ef2-2a84-4620-9882-7ed1fef3992b	242
a3569ef2-2a84-4620-9882-7ed1fef3992b	243
a3569ef2-2a84-4620-9882-7ed1fef3992b	272
a3569ef2-2a84-4620-9882-7ed1fef3992b	244
a3569ef2-2a84-4620-9882-7ed1fef3992b	138
a3569ef2-2a84-4620-9882-7ed1fef3992b	152
a3569ef2-2a84-4620-9882-7ed1fef3992b	150
a3569ef2-2a84-4620-9882-7ed1fef3992b	200
a3569ef2-2a84-4620-9882-7ed1fef3992b	245
a3569ef2-2a84-4620-9882-7ed1fef3992b	137
a3569ef2-2a84-4620-9882-7ed1fef3992b	145
a3569ef2-2a84-4620-9882-7ed1fef3992b	246
a3569ef2-2a84-4620-9882-7ed1fef3992b	247
a3569ef2-2a84-4620-9882-7ed1fef3992b	144
a3569ef2-2a84-4620-9882-7ed1fef3992b	135
a3569ef2-2a84-4620-9882-7ed1fef3992b	155
a3569ef2-2a84-4620-9882-7ed1fef3992b	148
a3569ef2-2a84-4620-9882-7ed1fef3992b	254
a3569ef2-2a84-4620-9882-7ed1fef3992b	255
ee89a523-133b-4928-8e62-1c2e80126981	154
ee89a523-133b-4928-8e62-1c2e80126981	131
ee89a523-133b-4928-8e62-1c2e80126981	228
ee89a523-133b-4928-8e62-1c2e80126981	229
ee89a523-133b-4928-8e62-1c2e80126981	230
ee89a523-133b-4928-8e62-1c2e80126981	231
ee89a523-133b-4928-8e62-1c2e80126981	158
ee89a523-133b-4928-8e62-1c2e80126981	159
ee89a523-133b-4928-8e62-1c2e80126981	161
ee89a523-133b-4928-8e62-1c2e80126981	203
ee89a523-133b-4928-8e62-1c2e80126981	232
ee89a523-133b-4928-8e62-1c2e80126981	273
ee89a523-133b-4928-8e62-1c2e80126981	143
ee89a523-133b-4928-8e62-1c2e80126981	141
ee89a523-133b-4928-8e62-1c2e80126981	142
ee89a523-133b-4928-8e62-1c2e80126981	233
fa8f33dc-ab46-4967-838b-2d2e8525272f	151
fa8f33dc-ab46-4967-838b-2d2e8525272f	162
fa8f33dc-ab46-4967-838b-2d2e8525272f	154
fa8f33dc-ab46-4967-838b-2d2e8525272f	131
fa8f33dc-ab46-4967-838b-2d2e8525272f	228
72bf3e9e-43e5-415a-80d1-75d240036ff4	237
72bf3e9e-43e5-415a-80d1-75d240036ff4	153
72bf3e9e-43e5-415a-80d1-75d240036ff4	238
72bf3e9e-43e5-415a-80d1-75d240036ff4	239
72bf3e9e-43e5-415a-80d1-75d240036ff4	240
72bf3e9e-43e5-415a-80d1-75d240036ff4	241
72bf3e9e-43e5-415a-80d1-75d240036ff4	156
72bf3e9e-43e5-415a-80d1-75d240036ff4	157
72bf3e9e-43e5-415a-80d1-75d240036ff4	242
72bf3e9e-43e5-415a-80d1-75d240036ff4	243
72bf3e9e-43e5-415a-80d1-75d240036ff4	272
72bf3e9e-43e5-415a-80d1-75d240036ff4	244
72bf3e9e-43e5-415a-80d1-75d240036ff4	138
72bf3e9e-43e5-415a-80d1-75d240036ff4	152
72bf3e9e-43e5-415a-80d1-75d240036ff4	150
72bf3e9e-43e5-415a-80d1-75d240036ff4	200
72bf3e9e-43e5-415a-80d1-75d240036ff4	245
410cb24a-dbb5-41c4-8507-eb9329968cbe	162
410cb24a-dbb5-41c4-8507-eb9329968cbe	154
410cb24a-dbb5-41c4-8507-eb9329968cbe	131
410cb24a-dbb5-41c4-8507-eb9329968cbe	228
410cb24a-dbb5-41c4-8507-eb9329968cbe	229
410cb24a-dbb5-41c4-8507-eb9329968cbe	230
410cb24a-dbb5-41c4-8507-eb9329968cbe	231
410cb24a-dbb5-41c4-8507-eb9329968cbe	158
410cb24a-dbb5-41c4-8507-eb9329968cbe	159
410cb24a-dbb5-41c4-8507-eb9329968cbe	161
410cb24a-dbb5-41c4-8507-eb9329968cbe	203
410cb24a-dbb5-41c4-8507-eb9329968cbe	232
410cb24a-dbb5-41c4-8507-eb9329968cbe	273
410cb24a-dbb5-41c4-8507-eb9329968cbe	143
410cb24a-dbb5-41c4-8507-eb9329968cbe	141
410cb24a-dbb5-41c4-8507-eb9329968cbe	142
410cb24a-dbb5-41c4-8507-eb9329968cbe	233
410cb24a-dbb5-41c4-8507-eb9329968cbe	234
410cb24a-dbb5-41c4-8507-eb9329968cbe	134
410cb24a-dbb5-41c4-8507-eb9329968cbe	146
410cb24a-dbb5-41c4-8507-eb9329968cbe	133
410cb24a-dbb5-41c4-8507-eb9329968cbe	235
410cb24a-dbb5-41c4-8507-eb9329968cbe	147
410cb24a-dbb5-41c4-8507-eb9329968cbe	236
410cb24a-dbb5-41c4-8507-eb9329968cbe	237
410cb24a-dbb5-41c4-8507-eb9329968cbe	239
410cb24a-dbb5-41c4-8507-eb9329968cbe	240
410cb24a-dbb5-41c4-8507-eb9329968cbe	241
410cb24a-dbb5-41c4-8507-eb9329968cbe	156
410cb24a-dbb5-41c4-8507-eb9329968cbe	157
410cb24a-dbb5-41c4-8507-eb9329968cbe	242
410cb24a-dbb5-41c4-8507-eb9329968cbe	243
410cb24a-dbb5-41c4-8507-eb9329968cbe	272
410cb24a-dbb5-41c4-8507-eb9329968cbe	244
8489e93b-336d-4cae-a93d-5f28121995a1	140
8489e93b-336d-4cae-a93d-5f28121995a1	139
8489e93b-336d-4cae-a93d-5f28121995a1	136
8489e93b-336d-4cae-a93d-5f28121995a1	160
8489e93b-336d-4cae-a93d-5f28121995a1	227
8489e93b-336d-4cae-a93d-5f28121995a1	149
8489e93b-336d-4cae-a93d-5f28121995a1	130
8489e93b-336d-4cae-a93d-5f28121995a1	151
8489e93b-336d-4cae-a93d-5f28121995a1	162
8489e93b-336d-4cae-a93d-5f28121995a1	154
8489e93b-336d-4cae-a93d-5f28121995a1	131
8489e93b-336d-4cae-a93d-5f28121995a1	228
8489e93b-336d-4cae-a93d-5f28121995a1	229
8489e93b-336d-4cae-a93d-5f28121995a1	230
8489e93b-336d-4cae-a93d-5f28121995a1	231
8489e93b-336d-4cae-a93d-5f28121995a1	158
8489e93b-336d-4cae-a93d-5f28121995a1	159
8489e93b-336d-4cae-a93d-5f28121995a1	161
8489e93b-336d-4cae-a93d-5f28121995a1	203
8489e93b-336d-4cae-a93d-5f28121995a1	232
8489e93b-336d-4cae-a93d-5f28121995a1	273
8489e93b-336d-4cae-a93d-5f28121995a1	143
8489e93b-336d-4cae-a93d-5f28121995a1	141
8489e93b-336d-4cae-a93d-5f28121995a1	142
8489e93b-336d-4cae-a93d-5f28121995a1	233
8489e93b-336d-4cae-a93d-5f28121995a1	234
8489e93b-336d-4cae-a93d-5f28121995a1	134
8489e93b-336d-4cae-a93d-5f28121995a1	146
8489e93b-336d-4cae-a93d-5f28121995a1	133
8489e93b-336d-4cae-a93d-5f28121995a1	235
8489e93b-336d-4cae-a93d-5f28121995a1	147
8489e93b-336d-4cae-a93d-5f28121995a1	236
8489e93b-336d-4cae-a93d-5f28121995a1	237
8489e93b-336d-4cae-a93d-5f28121995a1	153
8489e93b-336d-4cae-a93d-5f28121995a1	238
8489e93b-336d-4cae-a93d-5f28121995a1	239
8489e93b-336d-4cae-a93d-5f28121995a1	240
8489e93b-336d-4cae-a93d-5f28121995a1	156
8489e93b-336d-4cae-a93d-5f28121995a1	157
8489e93b-336d-4cae-a93d-5f28121995a1	242
8489e93b-336d-4cae-a93d-5f28121995a1	243
8489e93b-336d-4cae-a93d-5f28121995a1	272
8489e93b-336d-4cae-a93d-5f28121995a1	244
8489e93b-336d-4cae-a93d-5f28121995a1	138
8489e93b-336d-4cae-a93d-5f28121995a1	152
8489e93b-336d-4cae-a93d-5f28121995a1	150
8489e93b-336d-4cae-a93d-5f28121995a1	200
8489e93b-336d-4cae-a93d-5f28121995a1	245
8489e93b-336d-4cae-a93d-5f28121995a1	137
8489e93b-336d-4cae-a93d-5f28121995a1	145
8489e93b-336d-4cae-a93d-5f28121995a1	246
8489e93b-336d-4cae-a93d-5f28121995a1	247
8489e93b-336d-4cae-a93d-5f28121995a1	144
8489e93b-336d-4cae-a93d-5f28121995a1	135
8489e93b-336d-4cae-a93d-5f28121995a1	155
cab7ab67-16b8-4aab-b97c-afb82ad4c300	139
cab7ab67-16b8-4aab-b97c-afb82ad4c300	136
cab7ab67-16b8-4aab-b97c-afb82ad4c300	160
cab7ab67-16b8-4aab-b97c-afb82ad4c300	227
cab7ab67-16b8-4aab-b97c-afb82ad4c300	149
cab7ab67-16b8-4aab-b97c-afb82ad4c300	130
cab7ab67-16b8-4aab-b97c-afb82ad4c300	151
cab7ab67-16b8-4aab-b97c-afb82ad4c300	162
cab7ab67-16b8-4aab-b97c-afb82ad4c300	154
cab7ab67-16b8-4aab-b97c-afb82ad4c300	131
cab7ab67-16b8-4aab-b97c-afb82ad4c300	228
cab7ab67-16b8-4aab-b97c-afb82ad4c300	229
cab7ab67-16b8-4aab-b97c-afb82ad4c300	230
cab7ab67-16b8-4aab-b97c-afb82ad4c300	231
cab7ab67-16b8-4aab-b97c-afb82ad4c300	158
cab7ab67-16b8-4aab-b97c-afb82ad4c300	159
cab7ab67-16b8-4aab-b97c-afb82ad4c300	161
cab7ab67-16b8-4aab-b97c-afb82ad4c300	203
cab7ab67-16b8-4aab-b97c-afb82ad4c300	232
cab7ab67-16b8-4aab-b97c-afb82ad4c300	273
cab7ab67-16b8-4aab-b97c-afb82ad4c300	143
cab7ab67-16b8-4aab-b97c-afb82ad4c300	141
cab7ab67-16b8-4aab-b97c-afb82ad4c300	142
cab7ab67-16b8-4aab-b97c-afb82ad4c300	233
20ee5a19-dab6-44f9-ac5e-3730ccbba261	281
20ee5a19-dab6-44f9-ac5e-3730ccbba261	248
20ee5a19-dab6-44f9-ac5e-3730ccbba261	249
20ee5a19-dab6-44f9-ac5e-3730ccbba261	250
20ee5a19-dab6-44f9-ac5e-3730ccbba261	251
20ee5a19-dab6-44f9-ac5e-3730ccbba261	252
20ee5a19-dab6-44f9-ac5e-3730ccbba261	253
20ee5a19-dab6-44f9-ac5e-3730ccbba261	213
20ee5a19-dab6-44f9-ac5e-3730ccbba261	214
20ee5a19-dab6-44f9-ac5e-3730ccbba261	215
20ee5a19-dab6-44f9-ac5e-3730ccbba261	216
20ee5a19-dab6-44f9-ac5e-3730ccbba261	217
20ee5a19-dab6-44f9-ac5e-3730ccbba261	218
20ee5a19-dab6-44f9-ac5e-3730ccbba261	219
20ee5a19-dab6-44f9-ac5e-3730ccbba261	220
20ee5a19-dab6-44f9-ac5e-3730ccbba261	221
20ee5a19-dab6-44f9-ac5e-3730ccbba261	222
20ee5a19-dab6-44f9-ac5e-3730ccbba261	223
20ee5a19-dab6-44f9-ac5e-3730ccbba261	224
20ee5a19-dab6-44f9-ac5e-3730ccbba261	225
20ee5a19-dab6-44f9-ac5e-3730ccbba261	226
20ee5a19-dab6-44f9-ac5e-3730ccbba261	271
20ee5a19-dab6-44f9-ac5e-3730ccbba261	132
20ee5a19-dab6-44f9-ac5e-3730ccbba261	140
20ee5a19-dab6-44f9-ac5e-3730ccbba261	139
20ee5a19-dab6-44f9-ac5e-3730ccbba261	136
20ee5a19-dab6-44f9-ac5e-3730ccbba261	160
fa8f33dc-ab46-4967-838b-2d2e8525272f	229
fa8f33dc-ab46-4967-838b-2d2e8525272f	230
fa8f33dc-ab46-4967-838b-2d2e8525272f	231
fa8f33dc-ab46-4967-838b-2d2e8525272f	158
fa8f33dc-ab46-4967-838b-2d2e8525272f	159
fa8f33dc-ab46-4967-838b-2d2e8525272f	161
fa8f33dc-ab46-4967-838b-2d2e8525272f	203
fa8f33dc-ab46-4967-838b-2d2e8525272f	232
fa8f33dc-ab46-4967-838b-2d2e8525272f	273
fa8f33dc-ab46-4967-838b-2d2e8525272f	143
fa8f33dc-ab46-4967-838b-2d2e8525272f	141
fa8f33dc-ab46-4967-838b-2d2e8525272f	142
fa8f33dc-ab46-4967-838b-2d2e8525272f	233
fa8f33dc-ab46-4967-838b-2d2e8525272f	234
fa8f33dc-ab46-4967-838b-2d2e8525272f	134
fa8f33dc-ab46-4967-838b-2d2e8525272f	146
fa8f33dc-ab46-4967-838b-2d2e8525272f	133
fa8f33dc-ab46-4967-838b-2d2e8525272f	235
fa8f33dc-ab46-4967-838b-2d2e8525272f	147
fa8f33dc-ab46-4967-838b-2d2e8525272f	236
fa8f33dc-ab46-4967-838b-2d2e8525272f	237
fa8f33dc-ab46-4967-838b-2d2e8525272f	153
fa8f33dc-ab46-4967-838b-2d2e8525272f	238
fa8f33dc-ab46-4967-838b-2d2e8525272f	239
fa8f33dc-ab46-4967-838b-2d2e8525272f	240
fa8f33dc-ab46-4967-838b-2d2e8525272f	241
fa8f33dc-ab46-4967-838b-2d2e8525272f	156
fa8f33dc-ab46-4967-838b-2d2e8525272f	157
fa8f33dc-ab46-4967-838b-2d2e8525272f	242
fa8f33dc-ab46-4967-838b-2d2e8525272f	243
fa8f33dc-ab46-4967-838b-2d2e8525272f	272
fa8f33dc-ab46-4967-838b-2d2e8525272f	244
fa8f33dc-ab46-4967-838b-2d2e8525272f	138
fa8f33dc-ab46-4967-838b-2d2e8525272f	152
fa8f33dc-ab46-4967-838b-2d2e8525272f	150
80e814de-d5fa-4185-8661-00203227ad4b	162
80e814de-d5fa-4185-8661-00203227ad4b	154
80e814de-d5fa-4185-8661-00203227ad4b	131
80e814de-d5fa-4185-8661-00203227ad4b	228
80e814de-d5fa-4185-8661-00203227ad4b	229
80e814de-d5fa-4185-8661-00203227ad4b	230
80e814de-d5fa-4185-8661-00203227ad4b	231
80e814de-d5fa-4185-8661-00203227ad4b	158
80e814de-d5fa-4185-8661-00203227ad4b	159
80e814de-d5fa-4185-8661-00203227ad4b	161
80e814de-d5fa-4185-8661-00203227ad4b	203
80e814de-d5fa-4185-8661-00203227ad4b	232
80e814de-d5fa-4185-8661-00203227ad4b	273
80e814de-d5fa-4185-8661-00203227ad4b	143
80e814de-d5fa-4185-8661-00203227ad4b	141
80e814de-d5fa-4185-8661-00203227ad4b	142
80e814de-d5fa-4185-8661-00203227ad4b	233
80e814de-d5fa-4185-8661-00203227ad4b	234
80e814de-d5fa-4185-8661-00203227ad4b	134
80e814de-d5fa-4185-8661-00203227ad4b	146
80e814de-d5fa-4185-8661-00203227ad4b	133
80e814de-d5fa-4185-8661-00203227ad4b	235
80e814de-d5fa-4185-8661-00203227ad4b	147
80e814de-d5fa-4185-8661-00203227ad4b	236
80e814de-d5fa-4185-8661-00203227ad4b	237
80e814de-d5fa-4185-8661-00203227ad4b	153
80e814de-d5fa-4185-8661-00203227ad4b	238
80e814de-d5fa-4185-8661-00203227ad4b	239
80e814de-d5fa-4185-8661-00203227ad4b	240
80e814de-d5fa-4185-8661-00203227ad4b	241
80e814de-d5fa-4185-8661-00203227ad4b	156
80e814de-d5fa-4185-8661-00203227ad4b	157
80e814de-d5fa-4185-8661-00203227ad4b	242
80e814de-d5fa-4185-8661-00203227ad4b	243
80e814de-d5fa-4185-8661-00203227ad4b	272
80e814de-d5fa-4185-8661-00203227ad4b	244
80e814de-d5fa-4185-8661-00203227ad4b	138
80e814de-d5fa-4185-8661-00203227ad4b	152
80e814de-d5fa-4185-8661-00203227ad4b	150
977d348e-9c6a-4016-b97e-9471d1ca2cc8	235
977d348e-9c6a-4016-b97e-9471d1ca2cc8	147
977d348e-9c6a-4016-b97e-9471d1ca2cc8	236
977d348e-9c6a-4016-b97e-9471d1ca2cc8	237
977d348e-9c6a-4016-b97e-9471d1ca2cc8	153
977d348e-9c6a-4016-b97e-9471d1ca2cc8	238
977d348e-9c6a-4016-b97e-9471d1ca2cc8	239
977d348e-9c6a-4016-b97e-9471d1ca2cc8	240
977d348e-9c6a-4016-b97e-9471d1ca2cc8	241
977d348e-9c6a-4016-b97e-9471d1ca2cc8	156
977d348e-9c6a-4016-b97e-9471d1ca2cc8	157
977d348e-9c6a-4016-b97e-9471d1ca2cc8	242
977d348e-9c6a-4016-b97e-9471d1ca2cc8	243
977d348e-9c6a-4016-b97e-9471d1ca2cc8	272
977d348e-9c6a-4016-b97e-9471d1ca2cc8	244
977d348e-9c6a-4016-b97e-9471d1ca2cc8	138
977d348e-9c6a-4016-b97e-9471d1ca2cc8	152
977d348e-9c6a-4016-b97e-9471d1ca2cc8	150
977d348e-9c6a-4016-b97e-9471d1ca2cc8	200
977d348e-9c6a-4016-b97e-9471d1ca2cc8	245
977d348e-9c6a-4016-b97e-9471d1ca2cc8	137
977d348e-9c6a-4016-b97e-9471d1ca2cc8	145
977d348e-9c6a-4016-b97e-9471d1ca2cc8	246
977d348e-9c6a-4016-b97e-9471d1ca2cc8	247
977d348e-9c6a-4016-b97e-9471d1ca2cc8	144
977d348e-9c6a-4016-b97e-9471d1ca2cc8	135
977d348e-9c6a-4016-b97e-9471d1ca2cc8	155
977d348e-9c6a-4016-b97e-9471d1ca2cc8	148
977d348e-9c6a-4016-b97e-9471d1ca2cc8	254
977d348e-9c6a-4016-b97e-9471d1ca2cc8	255
977d348e-9c6a-4016-b97e-9471d1ca2cc8	256
977d348e-9c6a-4016-b97e-9471d1ca2cc8	257
977d348e-9c6a-4016-b97e-9471d1ca2cc8	258
cc6cd962-a74f-4da0-b924-982627fc1ee3	228
cc6cd962-a74f-4da0-b924-982627fc1ee3	229
cc6cd962-a74f-4da0-b924-982627fc1ee3	230
cc6cd962-a74f-4da0-b924-982627fc1ee3	231
cc6cd962-a74f-4da0-b924-982627fc1ee3	158
cc6cd962-a74f-4da0-b924-982627fc1ee3	159
cc6cd962-a74f-4da0-b924-982627fc1ee3	161
cc6cd962-a74f-4da0-b924-982627fc1ee3	203
cc6cd962-a74f-4da0-b924-982627fc1ee3	232
cc6cd962-a74f-4da0-b924-982627fc1ee3	273
cc6cd962-a74f-4da0-b924-982627fc1ee3	143
cc6cd962-a74f-4da0-b924-982627fc1ee3	141
cc6cd962-a74f-4da0-b924-982627fc1ee3	142
cc6cd962-a74f-4da0-b924-982627fc1ee3	233
cc6cd962-a74f-4da0-b924-982627fc1ee3	234
cc6cd962-a74f-4da0-b924-982627fc1ee3	134
cc6cd962-a74f-4da0-b924-982627fc1ee3	146
cc6cd962-a74f-4da0-b924-982627fc1ee3	133
cc6cd962-a74f-4da0-b924-982627fc1ee3	235
cc6cd962-a74f-4da0-b924-982627fc1ee3	147
cc6cd962-a74f-4da0-b924-982627fc1ee3	236
cc6cd962-a74f-4da0-b924-982627fc1ee3	237
cc6cd962-a74f-4da0-b924-982627fc1ee3	153
cc6cd962-a74f-4da0-b924-982627fc1ee3	238
cc6cd962-a74f-4da0-b924-982627fc1ee3	239
cc6cd962-a74f-4da0-b924-982627fc1ee3	240
cc6cd962-a74f-4da0-b924-982627fc1ee3	241
cc6cd962-a74f-4da0-b924-982627fc1ee3	156
cc6cd962-a74f-4da0-b924-982627fc1ee3	157
cc6cd962-a74f-4da0-b924-982627fc1ee3	242
cc6cd962-a74f-4da0-b924-982627fc1ee3	243
cc6cd962-a74f-4da0-b924-982627fc1ee3	272
cc6cd962-a74f-4da0-b924-982627fc1ee3	244
cc6cd962-a74f-4da0-b924-982627fc1ee3	138
cc6cd962-a74f-4da0-b924-982627fc1ee3	152
cc6cd962-a74f-4da0-b924-982627fc1ee3	150
cc6cd962-a74f-4da0-b924-982627fc1ee3	200
cc6cd962-a74f-4da0-b924-982627fc1ee3	245
cc6cd962-a74f-4da0-b924-982627fc1ee3	137
cc6cd962-a74f-4da0-b924-982627fc1ee3	145
cc6cd962-a74f-4da0-b924-982627fc1ee3	246
cc6cd962-a74f-4da0-b924-982627fc1ee3	247
23dab20b-3a12-46ab-8724-5b21b6c7f540	228
23dab20b-3a12-46ab-8724-5b21b6c7f540	229
23dab20b-3a12-46ab-8724-5b21b6c7f540	230
23dab20b-3a12-46ab-8724-5b21b6c7f540	231
23dab20b-3a12-46ab-8724-5b21b6c7f540	158
23dab20b-3a12-46ab-8724-5b21b6c7f540	159
23dab20b-3a12-46ab-8724-5b21b6c7f540	161
23dab20b-3a12-46ab-8724-5b21b6c7f540	203
20ee5a19-dab6-44f9-ac5e-3730ccbba261	227
20ee5a19-dab6-44f9-ac5e-3730ccbba261	149
20ee5a19-dab6-44f9-ac5e-3730ccbba261	130
20ee5a19-dab6-44f9-ac5e-3730ccbba261	151
20ee5a19-dab6-44f9-ac5e-3730ccbba261	162
20ee5a19-dab6-44f9-ac5e-3730ccbba261	154
20ee5a19-dab6-44f9-ac5e-3730ccbba261	131
20ee5a19-dab6-44f9-ac5e-3730ccbba261	228
20ee5a19-dab6-44f9-ac5e-3730ccbba261	229
20ee5a19-dab6-44f9-ac5e-3730ccbba261	230
20ee5a19-dab6-44f9-ac5e-3730ccbba261	231
20ee5a19-dab6-44f9-ac5e-3730ccbba261	158
20ee5a19-dab6-44f9-ac5e-3730ccbba261	159
20ee5a19-dab6-44f9-ac5e-3730ccbba261	161
20ee5a19-dab6-44f9-ac5e-3730ccbba261	203
20ee5a19-dab6-44f9-ac5e-3730ccbba261	232
20ee5a19-dab6-44f9-ac5e-3730ccbba261	273
20ee5a19-dab6-44f9-ac5e-3730ccbba261	143
20ee5a19-dab6-44f9-ac5e-3730ccbba261	141
20ee5a19-dab6-44f9-ac5e-3730ccbba261	142
20ee5a19-dab6-44f9-ac5e-3730ccbba261	233
20ee5a19-dab6-44f9-ac5e-3730ccbba261	234
20ee5a19-dab6-44f9-ac5e-3730ccbba261	134
20ee5a19-dab6-44f9-ac5e-3730ccbba261	146
20ee5a19-dab6-44f9-ac5e-3730ccbba261	133
20ee5a19-dab6-44f9-ac5e-3730ccbba261	235
20ee5a19-dab6-44f9-ac5e-3730ccbba261	147
20ee5a19-dab6-44f9-ac5e-3730ccbba261	236
20ee5a19-dab6-44f9-ac5e-3730ccbba261	237
20ee5a19-dab6-44f9-ac5e-3730ccbba261	153
20ee5a19-dab6-44f9-ac5e-3730ccbba261	238
20ee5a19-dab6-44f9-ac5e-3730ccbba261	239
20ee5a19-dab6-44f9-ac5e-3730ccbba261	240
20ee5a19-dab6-44f9-ac5e-3730ccbba261	241
20ee5a19-dab6-44f9-ac5e-3730ccbba261	156
20ee5a19-dab6-44f9-ac5e-3730ccbba261	157
20ee5a19-dab6-44f9-ac5e-3730ccbba261	242
20ee5a19-dab6-44f9-ac5e-3730ccbba261	243
20ee5a19-dab6-44f9-ac5e-3730ccbba261	272
20ee5a19-dab6-44f9-ac5e-3730ccbba261	244
20ee5a19-dab6-44f9-ac5e-3730ccbba261	138
20ee5a19-dab6-44f9-ac5e-3730ccbba261	152
20ee5a19-dab6-44f9-ac5e-3730ccbba261	150
20ee5a19-dab6-44f9-ac5e-3730ccbba261	200
20ee5a19-dab6-44f9-ac5e-3730ccbba261	245
20ee5a19-dab6-44f9-ac5e-3730ccbba261	137
20ee5a19-dab6-44f9-ac5e-3730ccbba261	145
20ee5a19-dab6-44f9-ac5e-3730ccbba261	246
20ee5a19-dab6-44f9-ac5e-3730ccbba261	247
809364a4-0940-4009-a7b5-aa1a9252a6a6	215
809364a4-0940-4009-a7b5-aa1a9252a6a6	216
809364a4-0940-4009-a7b5-aa1a9252a6a6	217
809364a4-0940-4009-a7b5-aa1a9252a6a6	218
809364a4-0940-4009-a7b5-aa1a9252a6a6	219
809364a4-0940-4009-a7b5-aa1a9252a6a6	220
809364a4-0940-4009-a7b5-aa1a9252a6a6	221
809364a4-0940-4009-a7b5-aa1a9252a6a6	222
809364a4-0940-4009-a7b5-aa1a9252a6a6	223
809364a4-0940-4009-a7b5-aa1a9252a6a6	224
809364a4-0940-4009-a7b5-aa1a9252a6a6	225
809364a4-0940-4009-a7b5-aa1a9252a6a6	226
809364a4-0940-4009-a7b5-aa1a9252a6a6	271
809364a4-0940-4009-a7b5-aa1a9252a6a6	132
809364a4-0940-4009-a7b5-aa1a9252a6a6	140
809364a4-0940-4009-a7b5-aa1a9252a6a6	139
809364a4-0940-4009-a7b5-aa1a9252a6a6	136
809364a4-0940-4009-a7b5-aa1a9252a6a6	160
809364a4-0940-4009-a7b5-aa1a9252a6a6	227
809364a4-0940-4009-a7b5-aa1a9252a6a6	149
809364a4-0940-4009-a7b5-aa1a9252a6a6	130
809364a4-0940-4009-a7b5-aa1a9252a6a6	151
809364a4-0940-4009-a7b5-aa1a9252a6a6	162
809364a4-0940-4009-a7b5-aa1a9252a6a6	154
809364a4-0940-4009-a7b5-aa1a9252a6a6	131
809364a4-0940-4009-a7b5-aa1a9252a6a6	228
809364a4-0940-4009-a7b5-aa1a9252a6a6	229
809364a4-0940-4009-a7b5-aa1a9252a6a6	230
809364a4-0940-4009-a7b5-aa1a9252a6a6	231
809364a4-0940-4009-a7b5-aa1a9252a6a6	158
809364a4-0940-4009-a7b5-aa1a9252a6a6	159
809364a4-0940-4009-a7b5-aa1a9252a6a6	161
809364a4-0940-4009-a7b5-aa1a9252a6a6	203
809364a4-0940-4009-a7b5-aa1a9252a6a6	232
809364a4-0940-4009-a7b5-aa1a9252a6a6	273
809364a4-0940-4009-a7b5-aa1a9252a6a6	143
809364a4-0940-4009-a7b5-aa1a9252a6a6	141
809364a4-0940-4009-a7b5-aa1a9252a6a6	142
809364a4-0940-4009-a7b5-aa1a9252a6a6	233
809364a4-0940-4009-a7b5-aa1a9252a6a6	234
809364a4-0940-4009-a7b5-aa1a9252a6a6	134
809364a4-0940-4009-a7b5-aa1a9252a6a6	146
809364a4-0940-4009-a7b5-aa1a9252a6a6	133
809364a4-0940-4009-a7b5-aa1a9252a6a6	235
809364a4-0940-4009-a7b5-aa1a9252a6a6	147
809364a4-0940-4009-a7b5-aa1a9252a6a6	236
809364a4-0940-4009-a7b5-aa1a9252a6a6	237
809364a4-0940-4009-a7b5-aa1a9252a6a6	153
809364a4-0940-4009-a7b5-aa1a9252a6a6	238
809364a4-0940-4009-a7b5-aa1a9252a6a6	239
816f0ab6-2b94-4ab4-b6b0-c56ab917a366	235
816f0ab6-2b94-4ab4-b6b0-c56ab917a366	147
816f0ab6-2b94-4ab4-b6b0-c56ab917a366	236
816f0ab6-2b94-4ab4-b6b0-c56ab917a366	237
816f0ab6-2b94-4ab4-b6b0-c56ab917a366	153
816f0ab6-2b94-4ab4-b6b0-c56ab917a366	238
816f0ab6-2b94-4ab4-b6b0-c56ab917a366	239
816f0ab6-2b94-4ab4-b6b0-c56ab917a366	240
816f0ab6-2b94-4ab4-b6b0-c56ab917a366	241
816f0ab6-2b94-4ab4-b6b0-c56ab917a366	156
816f0ab6-2b94-4ab4-b6b0-c56ab917a366	157
816f0ab6-2b94-4ab4-b6b0-c56ab917a366	242
816f0ab6-2b94-4ab4-b6b0-c56ab917a366	243
816f0ab6-2b94-4ab4-b6b0-c56ab917a366	272
816f0ab6-2b94-4ab4-b6b0-c56ab917a366	244
816f0ab6-2b94-4ab4-b6b0-c56ab917a366	138
816f0ab6-2b94-4ab4-b6b0-c56ab917a366	152
816f0ab6-2b94-4ab4-b6b0-c56ab917a366	150
816f0ab6-2b94-4ab4-b6b0-c56ab917a366	200
816f0ab6-2b94-4ab4-b6b0-c56ab917a366	245
816f0ab6-2b94-4ab4-b6b0-c56ab917a366	137
816f0ab6-2b94-4ab4-b6b0-c56ab917a366	145
816f0ab6-2b94-4ab4-b6b0-c56ab917a366	246
816f0ab6-2b94-4ab4-b6b0-c56ab917a366	247
816f0ab6-2b94-4ab4-b6b0-c56ab917a366	144
816f0ab6-2b94-4ab4-b6b0-c56ab917a366	135
816f0ab6-2b94-4ab4-b6b0-c56ab917a366	155
816f0ab6-2b94-4ab4-b6b0-c56ab917a366	148
816f0ab6-2b94-4ab4-b6b0-c56ab917a366	254
816f0ab6-2b94-4ab4-b6b0-c56ab917a366	255
816f0ab6-2b94-4ab4-b6b0-c56ab917a366	256
816f0ab6-2b94-4ab4-b6b0-c56ab917a366	257
816f0ab6-2b94-4ab4-b6b0-c56ab917a366	258
c696436b-f37e-4774-bbd9-f46456911ca5	228
c696436b-f37e-4774-bbd9-f46456911ca5	229
c696436b-f37e-4774-bbd9-f46456911ca5	230
c696436b-f37e-4774-bbd9-f46456911ca5	231
c696436b-f37e-4774-bbd9-f46456911ca5	158
c696436b-f37e-4774-bbd9-f46456911ca5	159
c696436b-f37e-4774-bbd9-f46456911ca5	161
c696436b-f37e-4774-bbd9-f46456911ca5	203
c696436b-f37e-4774-bbd9-f46456911ca5	232
c696436b-f37e-4774-bbd9-f46456911ca5	273
c696436b-f37e-4774-bbd9-f46456911ca5	143
c696436b-f37e-4774-bbd9-f46456911ca5	141
c696436b-f37e-4774-bbd9-f46456911ca5	142
c696436b-f37e-4774-bbd9-f46456911ca5	233
c696436b-f37e-4774-bbd9-f46456911ca5	234
c696436b-f37e-4774-bbd9-f46456911ca5	134
c696436b-f37e-4774-bbd9-f46456911ca5	146
c696436b-f37e-4774-bbd9-f46456911ca5	133
c696436b-f37e-4774-bbd9-f46456911ca5	235
c696436b-f37e-4774-bbd9-f46456911ca5	147
c696436b-f37e-4774-bbd9-f46456911ca5	236
c696436b-f37e-4774-bbd9-f46456911ca5	237
c696436b-f37e-4774-bbd9-f46456911ca5	153
c696436b-f37e-4774-bbd9-f46456911ca5	238
c696436b-f37e-4774-bbd9-f46456911ca5	239
c696436b-f37e-4774-bbd9-f46456911ca5	240
c696436b-f37e-4774-bbd9-f46456911ca5	241
c696436b-f37e-4774-bbd9-f46456911ca5	156
c696436b-f37e-4774-bbd9-f46456911ca5	157
c696436b-f37e-4774-bbd9-f46456911ca5	242
c696436b-f37e-4774-bbd9-f46456911ca5	243
c696436b-f37e-4774-bbd9-f46456911ca5	272
c696436b-f37e-4774-bbd9-f46456911ca5	244
c696436b-f37e-4774-bbd9-f46456911ca5	138
c696436b-f37e-4774-bbd9-f46456911ca5	152
c696436b-f37e-4774-bbd9-f46456911ca5	150
c696436b-f37e-4774-bbd9-f46456911ca5	200
c696436b-f37e-4774-bbd9-f46456911ca5	245
c696436b-f37e-4774-bbd9-f46456911ca5	137
c696436b-f37e-4774-bbd9-f46456911ca5	145
c696436b-f37e-4774-bbd9-f46456911ca5	246
c696436b-f37e-4774-bbd9-f46456911ca5	247
e5adda06-5ce8-4c7e-a4e3-2be082f1d601	228
e5adda06-5ce8-4c7e-a4e3-2be082f1d601	229
e5adda06-5ce8-4c7e-a4e3-2be082f1d601	230
e5adda06-5ce8-4c7e-a4e3-2be082f1d601	231
e5adda06-5ce8-4c7e-a4e3-2be082f1d601	158
e5adda06-5ce8-4c7e-a4e3-2be082f1d601	159
e5adda06-5ce8-4c7e-a4e3-2be082f1d601	161
e5adda06-5ce8-4c7e-a4e3-2be082f1d601	203
e5adda06-5ce8-4c7e-a4e3-2be082f1d601	232
e5adda06-5ce8-4c7e-a4e3-2be082f1d601	273
e5adda06-5ce8-4c7e-a4e3-2be082f1d601	143
e5adda06-5ce8-4c7e-a4e3-2be082f1d601	141
e5adda06-5ce8-4c7e-a4e3-2be082f1d601	142
e5adda06-5ce8-4c7e-a4e3-2be082f1d601	233
e5adda06-5ce8-4c7e-a4e3-2be082f1d601	234
e5adda06-5ce8-4c7e-a4e3-2be082f1d601	134
e5adda06-5ce8-4c7e-a4e3-2be082f1d601	146
e5adda06-5ce8-4c7e-a4e3-2be082f1d601	133
e5adda06-5ce8-4c7e-a4e3-2be082f1d601	235
e5adda06-5ce8-4c7e-a4e3-2be082f1d601	147
e5adda06-5ce8-4c7e-a4e3-2be082f1d601	236
e5adda06-5ce8-4c7e-a4e3-2be082f1d601	237
e5adda06-5ce8-4c7e-a4e3-2be082f1d601	153
e5adda06-5ce8-4c7e-a4e3-2be082f1d601	238
e5adda06-5ce8-4c7e-a4e3-2be082f1d601	239
e5adda06-5ce8-4c7e-a4e3-2be082f1d601	240
e5adda06-5ce8-4c7e-a4e3-2be082f1d601	241
e5adda06-5ce8-4c7e-a4e3-2be082f1d601	156
e5adda06-5ce8-4c7e-a4e3-2be082f1d601	157
e5adda06-5ce8-4c7e-a4e3-2be082f1d601	242
e5adda06-5ce8-4c7e-a4e3-2be082f1d601	243
e5adda06-5ce8-4c7e-a4e3-2be082f1d601	272
e5adda06-5ce8-4c7e-a4e3-2be082f1d601	244
e5adda06-5ce8-4c7e-a4e3-2be082f1d601	138
e5adda06-5ce8-4c7e-a4e3-2be082f1d601	152
e5adda06-5ce8-4c7e-a4e3-2be082f1d601	150
e5adda06-5ce8-4c7e-a4e3-2be082f1d601	200
e5adda06-5ce8-4c7e-a4e3-2be082f1d601	245
e5adda06-5ce8-4c7e-a4e3-2be082f1d601	137
e5adda06-5ce8-4c7e-a4e3-2be082f1d601	145
e5adda06-5ce8-4c7e-a4e3-2be082f1d601	246
e5adda06-5ce8-4c7e-a4e3-2be082f1d601	247
e3c0c4a1-06ff-4087-9e09-36c52533dd0e	228
e3c0c4a1-06ff-4087-9e09-36c52533dd0e	229
e3c0c4a1-06ff-4087-9e09-36c52533dd0e	230
e3c0c4a1-06ff-4087-9e09-36c52533dd0e	231
e3c0c4a1-06ff-4087-9e09-36c52533dd0e	158
e3c0c4a1-06ff-4087-9e09-36c52533dd0e	159
e3c0c4a1-06ff-4087-9e09-36c52533dd0e	161
e3c0c4a1-06ff-4087-9e09-36c52533dd0e	203
e3c0c4a1-06ff-4087-9e09-36c52533dd0e	232
e3c0c4a1-06ff-4087-9e09-36c52533dd0e	273
e3c0c4a1-06ff-4087-9e09-36c52533dd0e	143
e3c0c4a1-06ff-4087-9e09-36c52533dd0e	141
e3c0c4a1-06ff-4087-9e09-36c52533dd0e	142
e3c0c4a1-06ff-4087-9e09-36c52533dd0e	233
e3c0c4a1-06ff-4087-9e09-36c52533dd0e	234
e3c0c4a1-06ff-4087-9e09-36c52533dd0e	134
e3c0c4a1-06ff-4087-9e09-36c52533dd0e	146
e3c0c4a1-06ff-4087-9e09-36c52533dd0e	133
e3c0c4a1-06ff-4087-9e09-36c52533dd0e	235
e3c0c4a1-06ff-4087-9e09-36c52533dd0e	147
e3c0c4a1-06ff-4087-9e09-36c52533dd0e	236
e3c0c4a1-06ff-4087-9e09-36c52533dd0e	237
e3c0c4a1-06ff-4087-9e09-36c52533dd0e	153
e3c0c4a1-06ff-4087-9e09-36c52533dd0e	238
e3c0c4a1-06ff-4087-9e09-36c52533dd0e	239
e3c0c4a1-06ff-4087-9e09-36c52533dd0e	240
e3c0c4a1-06ff-4087-9e09-36c52533dd0e	241
e3c0c4a1-06ff-4087-9e09-36c52533dd0e	156
e3c0c4a1-06ff-4087-9e09-36c52533dd0e	157
e3c0c4a1-06ff-4087-9e09-36c52533dd0e	242
e3c0c4a1-06ff-4087-9e09-36c52533dd0e	243
e3c0c4a1-06ff-4087-9e09-36c52533dd0e	272
e3c0c4a1-06ff-4087-9e09-36c52533dd0e	244
e3c0c4a1-06ff-4087-9e09-36c52533dd0e	138
e3c0c4a1-06ff-4087-9e09-36c52533dd0e	152
e3c0c4a1-06ff-4087-9e09-36c52533dd0e	150
e3c0c4a1-06ff-4087-9e09-36c52533dd0e	200
e3c0c4a1-06ff-4087-9e09-36c52533dd0e	245
e3c0c4a1-06ff-4087-9e09-36c52533dd0e	137
e3c0c4a1-06ff-4087-9e09-36c52533dd0e	145
e3c0c4a1-06ff-4087-9e09-36c52533dd0e	246
e3c0c4a1-06ff-4087-9e09-36c52533dd0e	247
f3e5bf32-0235-4fcd-addb-4b70ac5fc31c	228
f3e5bf32-0235-4fcd-addb-4b70ac5fc31c	229
f3e5bf32-0235-4fcd-addb-4b70ac5fc31c	230
f3e5bf32-0235-4fcd-addb-4b70ac5fc31c	231
f3e5bf32-0235-4fcd-addb-4b70ac5fc31c	158
f3e5bf32-0235-4fcd-addb-4b70ac5fc31c	159
f3e5bf32-0235-4fcd-addb-4b70ac5fc31c	161
f3e5bf32-0235-4fcd-addb-4b70ac5fc31c	203
f3e5bf32-0235-4fcd-addb-4b70ac5fc31c	232
f3e5bf32-0235-4fcd-addb-4b70ac5fc31c	273
f3e5bf32-0235-4fcd-addb-4b70ac5fc31c	143
f3e5bf32-0235-4fcd-addb-4b70ac5fc31c	141
f3e5bf32-0235-4fcd-addb-4b70ac5fc31c	142
f3e5bf32-0235-4fcd-addb-4b70ac5fc31c	233
f3e5bf32-0235-4fcd-addb-4b70ac5fc31c	234
f3e5bf32-0235-4fcd-addb-4b70ac5fc31c	134
f3e5bf32-0235-4fcd-addb-4b70ac5fc31c	146
f3e5bf32-0235-4fcd-addb-4b70ac5fc31c	133
f3e5bf32-0235-4fcd-addb-4b70ac5fc31c	235
f3e5bf32-0235-4fcd-addb-4b70ac5fc31c	147
f3e5bf32-0235-4fcd-addb-4b70ac5fc31c	236
f3e5bf32-0235-4fcd-addb-4b70ac5fc31c	237
f3e5bf32-0235-4fcd-addb-4b70ac5fc31c	153
f3e5bf32-0235-4fcd-addb-4b70ac5fc31c	238
f3e5bf32-0235-4fcd-addb-4b70ac5fc31c	239
f3e5bf32-0235-4fcd-addb-4b70ac5fc31c	240
f3e5bf32-0235-4fcd-addb-4b70ac5fc31c	241
f3e5bf32-0235-4fcd-addb-4b70ac5fc31c	156
f3e5bf32-0235-4fcd-addb-4b70ac5fc31c	157
f3e5bf32-0235-4fcd-addb-4b70ac5fc31c	242
f3e5bf32-0235-4fcd-addb-4b70ac5fc31c	243
f3e5bf32-0235-4fcd-addb-4b70ac5fc31c	272
f3e5bf32-0235-4fcd-addb-4b70ac5fc31c	244
f3e5bf32-0235-4fcd-addb-4b70ac5fc31c	138
f3e5bf32-0235-4fcd-addb-4b70ac5fc31c	152
f3e5bf32-0235-4fcd-addb-4b70ac5fc31c	150
f3e5bf32-0235-4fcd-addb-4b70ac5fc31c	200
f3e5bf32-0235-4fcd-addb-4b70ac5fc31c	245
f3e5bf32-0235-4fcd-addb-4b70ac5fc31c	137
f3e5bf32-0235-4fcd-addb-4b70ac5fc31c	145
f3e5bf32-0235-4fcd-addb-4b70ac5fc31c	246
f3e5bf32-0235-4fcd-addb-4b70ac5fc31c	247
c476c560-362e-4e0d-bdf7-41159f5c6228	228
c476c560-362e-4e0d-bdf7-41159f5c6228	229
c476c560-362e-4e0d-bdf7-41159f5c6228	230
c476c560-362e-4e0d-bdf7-41159f5c6228	231
c476c560-362e-4e0d-bdf7-41159f5c6228	158
c476c560-362e-4e0d-bdf7-41159f5c6228	159
c476c560-362e-4e0d-bdf7-41159f5c6228	161
c476c560-362e-4e0d-bdf7-41159f5c6228	203
c476c560-362e-4e0d-bdf7-41159f5c6228	232
c476c560-362e-4e0d-bdf7-41159f5c6228	273
c476c560-362e-4e0d-bdf7-41159f5c6228	143
c476c560-362e-4e0d-bdf7-41159f5c6228	141
c476c560-362e-4e0d-bdf7-41159f5c6228	142
c476c560-362e-4e0d-bdf7-41159f5c6228	233
23dab20b-3a12-46ab-8724-5b21b6c7f540	232
23dab20b-3a12-46ab-8724-5b21b6c7f540	273
23dab20b-3a12-46ab-8724-5b21b6c7f540	143
23dab20b-3a12-46ab-8724-5b21b6c7f540	141
23dab20b-3a12-46ab-8724-5b21b6c7f540	142
23dab20b-3a12-46ab-8724-5b21b6c7f540	233
23dab20b-3a12-46ab-8724-5b21b6c7f540	234
23dab20b-3a12-46ab-8724-5b21b6c7f540	134
23dab20b-3a12-46ab-8724-5b21b6c7f540	146
23dab20b-3a12-46ab-8724-5b21b6c7f540	133
23dab20b-3a12-46ab-8724-5b21b6c7f540	235
23dab20b-3a12-46ab-8724-5b21b6c7f540	147
23dab20b-3a12-46ab-8724-5b21b6c7f540	236
23dab20b-3a12-46ab-8724-5b21b6c7f540	237
23dab20b-3a12-46ab-8724-5b21b6c7f540	153
23dab20b-3a12-46ab-8724-5b21b6c7f540	238
23dab20b-3a12-46ab-8724-5b21b6c7f540	239
23dab20b-3a12-46ab-8724-5b21b6c7f540	240
23dab20b-3a12-46ab-8724-5b21b6c7f540	241
23dab20b-3a12-46ab-8724-5b21b6c7f540	156
23dab20b-3a12-46ab-8724-5b21b6c7f540	157
23dab20b-3a12-46ab-8724-5b21b6c7f540	242
23dab20b-3a12-46ab-8724-5b21b6c7f540	243
23dab20b-3a12-46ab-8724-5b21b6c7f540	272
23dab20b-3a12-46ab-8724-5b21b6c7f540	244
23dab20b-3a12-46ab-8724-5b21b6c7f540	138
23dab20b-3a12-46ab-8724-5b21b6c7f540	152
23dab20b-3a12-46ab-8724-5b21b6c7f540	150
23dab20b-3a12-46ab-8724-5b21b6c7f540	200
23dab20b-3a12-46ab-8724-5b21b6c7f540	245
23dab20b-3a12-46ab-8724-5b21b6c7f540	137
23dab20b-3a12-46ab-8724-5b21b6c7f540	145
23dab20b-3a12-46ab-8724-5b21b6c7f540	246
23dab20b-3a12-46ab-8724-5b21b6c7f540	247
11945d73-1042-4137-969a-674f12594e0e	228
11945d73-1042-4137-969a-674f12594e0e	229
11945d73-1042-4137-969a-674f12594e0e	230
11945d73-1042-4137-969a-674f12594e0e	231
11945d73-1042-4137-969a-674f12594e0e	158
11945d73-1042-4137-969a-674f12594e0e	159
11945d73-1042-4137-969a-674f12594e0e	161
11945d73-1042-4137-969a-674f12594e0e	203
11945d73-1042-4137-969a-674f12594e0e	232
11945d73-1042-4137-969a-674f12594e0e	273
11945d73-1042-4137-969a-674f12594e0e	143
11945d73-1042-4137-969a-674f12594e0e	141
11945d73-1042-4137-969a-674f12594e0e	142
11945d73-1042-4137-969a-674f12594e0e	233
11945d73-1042-4137-969a-674f12594e0e	234
11945d73-1042-4137-969a-674f12594e0e	134
11945d73-1042-4137-969a-674f12594e0e	146
11945d73-1042-4137-969a-674f12594e0e	133
11945d73-1042-4137-969a-674f12594e0e	235
11945d73-1042-4137-969a-674f12594e0e	147
11945d73-1042-4137-969a-674f12594e0e	236
11945d73-1042-4137-969a-674f12594e0e	237
11945d73-1042-4137-969a-674f12594e0e	153
11945d73-1042-4137-969a-674f12594e0e	238
11945d73-1042-4137-969a-674f12594e0e	239
11945d73-1042-4137-969a-674f12594e0e	240
11945d73-1042-4137-969a-674f12594e0e	241
11945d73-1042-4137-969a-674f12594e0e	156
11945d73-1042-4137-969a-674f12594e0e	157
11945d73-1042-4137-969a-674f12594e0e	242
11945d73-1042-4137-969a-674f12594e0e	243
11945d73-1042-4137-969a-674f12594e0e	272
11945d73-1042-4137-969a-674f12594e0e	244
11945d73-1042-4137-969a-674f12594e0e	138
11945d73-1042-4137-969a-674f12594e0e	152
11945d73-1042-4137-969a-674f12594e0e	150
11945d73-1042-4137-969a-674f12594e0e	200
11945d73-1042-4137-969a-674f12594e0e	245
11945d73-1042-4137-969a-674f12594e0e	137
11945d73-1042-4137-969a-674f12594e0e	145
11945d73-1042-4137-969a-674f12594e0e	246
11945d73-1042-4137-969a-674f12594e0e	247
7a600c15-ddfa-4e2e-9d13-89fd1ce21b41	228
7a600c15-ddfa-4e2e-9d13-89fd1ce21b41	229
7a600c15-ddfa-4e2e-9d13-89fd1ce21b41	230
7a600c15-ddfa-4e2e-9d13-89fd1ce21b41	231
7a600c15-ddfa-4e2e-9d13-89fd1ce21b41	158
7a600c15-ddfa-4e2e-9d13-89fd1ce21b41	159
7a600c15-ddfa-4e2e-9d13-89fd1ce21b41	161
7a600c15-ddfa-4e2e-9d13-89fd1ce21b41	203
7a600c15-ddfa-4e2e-9d13-89fd1ce21b41	232
7a600c15-ddfa-4e2e-9d13-89fd1ce21b41	273
7a600c15-ddfa-4e2e-9d13-89fd1ce21b41	143
7a600c15-ddfa-4e2e-9d13-89fd1ce21b41	141
7a600c15-ddfa-4e2e-9d13-89fd1ce21b41	142
7a600c15-ddfa-4e2e-9d13-89fd1ce21b41	233
7a600c15-ddfa-4e2e-9d13-89fd1ce21b41	234
7a600c15-ddfa-4e2e-9d13-89fd1ce21b41	134
7a600c15-ddfa-4e2e-9d13-89fd1ce21b41	146
7a600c15-ddfa-4e2e-9d13-89fd1ce21b41	133
7a600c15-ddfa-4e2e-9d13-89fd1ce21b41	235
7a600c15-ddfa-4e2e-9d13-89fd1ce21b41	147
7a600c15-ddfa-4e2e-9d13-89fd1ce21b41	236
7a600c15-ddfa-4e2e-9d13-89fd1ce21b41	237
7a600c15-ddfa-4e2e-9d13-89fd1ce21b41	153
7a600c15-ddfa-4e2e-9d13-89fd1ce21b41	238
7a600c15-ddfa-4e2e-9d13-89fd1ce21b41	239
7a600c15-ddfa-4e2e-9d13-89fd1ce21b41	240
7a600c15-ddfa-4e2e-9d13-89fd1ce21b41	241
7a600c15-ddfa-4e2e-9d13-89fd1ce21b41	156
7a600c15-ddfa-4e2e-9d13-89fd1ce21b41	157
7a600c15-ddfa-4e2e-9d13-89fd1ce21b41	242
7a600c15-ddfa-4e2e-9d13-89fd1ce21b41	243
7a600c15-ddfa-4e2e-9d13-89fd1ce21b41	272
7a600c15-ddfa-4e2e-9d13-89fd1ce21b41	244
7a600c15-ddfa-4e2e-9d13-89fd1ce21b41	138
7a600c15-ddfa-4e2e-9d13-89fd1ce21b41	152
7a600c15-ddfa-4e2e-9d13-89fd1ce21b41	150
7a600c15-ddfa-4e2e-9d13-89fd1ce21b41	200
7a600c15-ddfa-4e2e-9d13-89fd1ce21b41	245
7a600c15-ddfa-4e2e-9d13-89fd1ce21b41	137
7a600c15-ddfa-4e2e-9d13-89fd1ce21b41	145
7a600c15-ddfa-4e2e-9d13-89fd1ce21b41	246
7a600c15-ddfa-4e2e-9d13-89fd1ce21b41	247
92162b06-d352-4ee1-bc37-0102560e4e51	228
92162b06-d352-4ee1-bc37-0102560e4e51	229
92162b06-d352-4ee1-bc37-0102560e4e51	230
92162b06-d352-4ee1-bc37-0102560e4e51	231
92162b06-d352-4ee1-bc37-0102560e4e51	158
92162b06-d352-4ee1-bc37-0102560e4e51	159
92162b06-d352-4ee1-bc37-0102560e4e51	161
92162b06-d352-4ee1-bc37-0102560e4e51	203
92162b06-d352-4ee1-bc37-0102560e4e51	232
92162b06-d352-4ee1-bc37-0102560e4e51	273
92162b06-d352-4ee1-bc37-0102560e4e51	143
92162b06-d352-4ee1-bc37-0102560e4e51	141
92162b06-d352-4ee1-bc37-0102560e4e51	142
92162b06-d352-4ee1-bc37-0102560e4e51	233
92162b06-d352-4ee1-bc37-0102560e4e51	234
92162b06-d352-4ee1-bc37-0102560e4e51	134
92162b06-d352-4ee1-bc37-0102560e4e51	146
92162b06-d352-4ee1-bc37-0102560e4e51	133
92162b06-d352-4ee1-bc37-0102560e4e51	235
92162b06-d352-4ee1-bc37-0102560e4e51	147
92162b06-d352-4ee1-bc37-0102560e4e51	236
92162b06-d352-4ee1-bc37-0102560e4e51	237
92162b06-d352-4ee1-bc37-0102560e4e51	153
92162b06-d352-4ee1-bc37-0102560e4e51	238
92162b06-d352-4ee1-bc37-0102560e4e51	239
92162b06-d352-4ee1-bc37-0102560e4e51	240
92162b06-d352-4ee1-bc37-0102560e4e51	241
92162b06-d352-4ee1-bc37-0102560e4e51	156
92162b06-d352-4ee1-bc37-0102560e4e51	157
92162b06-d352-4ee1-bc37-0102560e4e51	242
92162b06-d352-4ee1-bc37-0102560e4e51	243
92162b06-d352-4ee1-bc37-0102560e4e51	272
92162b06-d352-4ee1-bc37-0102560e4e51	244
92162b06-d352-4ee1-bc37-0102560e4e51	138
92162b06-d352-4ee1-bc37-0102560e4e51	152
92162b06-d352-4ee1-bc37-0102560e4e51	150
92162b06-d352-4ee1-bc37-0102560e4e51	200
92162b06-d352-4ee1-bc37-0102560e4e51	245
92162b06-d352-4ee1-bc37-0102560e4e51	137
92162b06-d352-4ee1-bc37-0102560e4e51	145
92162b06-d352-4ee1-bc37-0102560e4e51	246
92162b06-d352-4ee1-bc37-0102560e4e51	247
ebdd2ce9-8c0b-48f2-ac04-c6ee847533a1	228
ebdd2ce9-8c0b-48f2-ac04-c6ee847533a1	229
ebdd2ce9-8c0b-48f2-ac04-c6ee847533a1	230
ebdd2ce9-8c0b-48f2-ac04-c6ee847533a1	231
ebdd2ce9-8c0b-48f2-ac04-c6ee847533a1	158
ebdd2ce9-8c0b-48f2-ac04-c6ee847533a1	159
ebdd2ce9-8c0b-48f2-ac04-c6ee847533a1	161
ebdd2ce9-8c0b-48f2-ac04-c6ee847533a1	203
ebdd2ce9-8c0b-48f2-ac04-c6ee847533a1	232
ebdd2ce9-8c0b-48f2-ac04-c6ee847533a1	273
ebdd2ce9-8c0b-48f2-ac04-c6ee847533a1	143
ebdd2ce9-8c0b-48f2-ac04-c6ee847533a1	141
ebdd2ce9-8c0b-48f2-ac04-c6ee847533a1	142
ebdd2ce9-8c0b-48f2-ac04-c6ee847533a1	233
ebdd2ce9-8c0b-48f2-ac04-c6ee847533a1	234
ebdd2ce9-8c0b-48f2-ac04-c6ee847533a1	134
ebdd2ce9-8c0b-48f2-ac04-c6ee847533a1	146
ebdd2ce9-8c0b-48f2-ac04-c6ee847533a1	133
ebdd2ce9-8c0b-48f2-ac04-c6ee847533a1	235
ebdd2ce9-8c0b-48f2-ac04-c6ee847533a1	147
ebdd2ce9-8c0b-48f2-ac04-c6ee847533a1	236
ebdd2ce9-8c0b-48f2-ac04-c6ee847533a1	237
ebdd2ce9-8c0b-48f2-ac04-c6ee847533a1	153
ebdd2ce9-8c0b-48f2-ac04-c6ee847533a1	238
ebdd2ce9-8c0b-48f2-ac04-c6ee847533a1	239
ebdd2ce9-8c0b-48f2-ac04-c6ee847533a1	240
ebdd2ce9-8c0b-48f2-ac04-c6ee847533a1	241
ebdd2ce9-8c0b-48f2-ac04-c6ee847533a1	156
ebdd2ce9-8c0b-48f2-ac04-c6ee847533a1	157
ebdd2ce9-8c0b-48f2-ac04-c6ee847533a1	242
ebdd2ce9-8c0b-48f2-ac04-c6ee847533a1	243
ebdd2ce9-8c0b-48f2-ac04-c6ee847533a1	272
ebdd2ce9-8c0b-48f2-ac04-c6ee847533a1	244
ebdd2ce9-8c0b-48f2-ac04-c6ee847533a1	138
ebdd2ce9-8c0b-48f2-ac04-c6ee847533a1	152
ebdd2ce9-8c0b-48f2-ac04-c6ee847533a1	150
ebdd2ce9-8c0b-48f2-ac04-c6ee847533a1	200
ebdd2ce9-8c0b-48f2-ac04-c6ee847533a1	245
ebdd2ce9-8c0b-48f2-ac04-c6ee847533a1	137
ebdd2ce9-8c0b-48f2-ac04-c6ee847533a1	145
ebdd2ce9-8c0b-48f2-ac04-c6ee847533a1	246
ebdd2ce9-8c0b-48f2-ac04-c6ee847533a1	247
769a5a56-628b-4603-a091-b161bb00ed31	228
769a5a56-628b-4603-a091-b161bb00ed31	229
769a5a56-628b-4603-a091-b161bb00ed31	230
769a5a56-628b-4603-a091-b161bb00ed31	231
769a5a56-628b-4603-a091-b161bb00ed31	158
769a5a56-628b-4603-a091-b161bb00ed31	159
769a5a56-628b-4603-a091-b161bb00ed31	161
769a5a56-628b-4603-a091-b161bb00ed31	203
769a5a56-628b-4603-a091-b161bb00ed31	232
769a5a56-628b-4603-a091-b161bb00ed31	273
769a5a56-628b-4603-a091-b161bb00ed31	143
769a5a56-628b-4603-a091-b161bb00ed31	141
769a5a56-628b-4603-a091-b161bb00ed31	142
769a5a56-628b-4603-a091-b161bb00ed31	233
769a5a56-628b-4603-a091-b161bb00ed31	234
769a5a56-628b-4603-a091-b161bb00ed31	134
769a5a56-628b-4603-a091-b161bb00ed31	146
769a5a56-628b-4603-a091-b161bb00ed31	133
769a5a56-628b-4603-a091-b161bb00ed31	235
769a5a56-628b-4603-a091-b161bb00ed31	147
769a5a56-628b-4603-a091-b161bb00ed31	236
769a5a56-628b-4603-a091-b161bb00ed31	237
769a5a56-628b-4603-a091-b161bb00ed31	153
769a5a56-628b-4603-a091-b161bb00ed31	238
769a5a56-628b-4603-a091-b161bb00ed31	239
769a5a56-628b-4603-a091-b161bb00ed31	240
769a5a56-628b-4603-a091-b161bb00ed31	241
769a5a56-628b-4603-a091-b161bb00ed31	156
769a5a56-628b-4603-a091-b161bb00ed31	157
769a5a56-628b-4603-a091-b161bb00ed31	242
769a5a56-628b-4603-a091-b161bb00ed31	243
769a5a56-628b-4603-a091-b161bb00ed31	272
769a5a56-628b-4603-a091-b161bb00ed31	244
769a5a56-628b-4603-a091-b161bb00ed31	138
769a5a56-628b-4603-a091-b161bb00ed31	152
769a5a56-628b-4603-a091-b161bb00ed31	150
769a5a56-628b-4603-a091-b161bb00ed31	200
769a5a56-628b-4603-a091-b161bb00ed31	245
769a5a56-628b-4603-a091-b161bb00ed31	137
769a5a56-628b-4603-a091-b161bb00ed31	145
769a5a56-628b-4603-a091-b161bb00ed31	246
769a5a56-628b-4603-a091-b161bb00ed31	247
3321bf94-72b1-49f4-b9dd-efdcd0ce60ee	228
3321bf94-72b1-49f4-b9dd-efdcd0ce60ee	229
3321bf94-72b1-49f4-b9dd-efdcd0ce60ee	230
3321bf94-72b1-49f4-b9dd-efdcd0ce60ee	231
3321bf94-72b1-49f4-b9dd-efdcd0ce60ee	158
3321bf94-72b1-49f4-b9dd-efdcd0ce60ee	159
3321bf94-72b1-49f4-b9dd-efdcd0ce60ee	161
3321bf94-72b1-49f4-b9dd-efdcd0ce60ee	203
3321bf94-72b1-49f4-b9dd-efdcd0ce60ee	232
3321bf94-72b1-49f4-b9dd-efdcd0ce60ee	273
3321bf94-72b1-49f4-b9dd-efdcd0ce60ee	143
3321bf94-72b1-49f4-b9dd-efdcd0ce60ee	141
3321bf94-72b1-49f4-b9dd-efdcd0ce60ee	142
3321bf94-72b1-49f4-b9dd-efdcd0ce60ee	233
3321bf94-72b1-49f4-b9dd-efdcd0ce60ee	234
3321bf94-72b1-49f4-b9dd-efdcd0ce60ee	134
3321bf94-72b1-49f4-b9dd-efdcd0ce60ee	146
3321bf94-72b1-49f4-b9dd-efdcd0ce60ee	133
3321bf94-72b1-49f4-b9dd-efdcd0ce60ee	235
3321bf94-72b1-49f4-b9dd-efdcd0ce60ee	147
3321bf94-72b1-49f4-b9dd-efdcd0ce60ee	236
3321bf94-72b1-49f4-b9dd-efdcd0ce60ee	237
3321bf94-72b1-49f4-b9dd-efdcd0ce60ee	153
3321bf94-72b1-49f4-b9dd-efdcd0ce60ee	238
3321bf94-72b1-49f4-b9dd-efdcd0ce60ee	239
3321bf94-72b1-49f4-b9dd-efdcd0ce60ee	240
3321bf94-72b1-49f4-b9dd-efdcd0ce60ee	241
3321bf94-72b1-49f4-b9dd-efdcd0ce60ee	156
3321bf94-72b1-49f4-b9dd-efdcd0ce60ee	157
3321bf94-72b1-49f4-b9dd-efdcd0ce60ee	242
3321bf94-72b1-49f4-b9dd-efdcd0ce60ee	243
3321bf94-72b1-49f4-b9dd-efdcd0ce60ee	272
3321bf94-72b1-49f4-b9dd-efdcd0ce60ee	244
3321bf94-72b1-49f4-b9dd-efdcd0ce60ee	138
3321bf94-72b1-49f4-b9dd-efdcd0ce60ee	152
3321bf94-72b1-49f4-b9dd-efdcd0ce60ee	150
3321bf94-72b1-49f4-b9dd-efdcd0ce60ee	200
3321bf94-72b1-49f4-b9dd-efdcd0ce60ee	245
3321bf94-72b1-49f4-b9dd-efdcd0ce60ee	137
3321bf94-72b1-49f4-b9dd-efdcd0ce60ee	145
3321bf94-72b1-49f4-b9dd-efdcd0ce60ee	246
3321bf94-72b1-49f4-b9dd-efdcd0ce60ee	247
76b95f28-ff04-42d6-9b23-f3d129019ebc	228
76b95f28-ff04-42d6-9b23-f3d129019ebc	229
76b95f28-ff04-42d6-9b23-f3d129019ebc	230
76b95f28-ff04-42d6-9b23-f3d129019ebc	231
76b95f28-ff04-42d6-9b23-f3d129019ebc	158
76b95f28-ff04-42d6-9b23-f3d129019ebc	159
76b95f28-ff04-42d6-9b23-f3d129019ebc	161
76b95f28-ff04-42d6-9b23-f3d129019ebc	203
76b95f28-ff04-42d6-9b23-f3d129019ebc	232
76b95f28-ff04-42d6-9b23-f3d129019ebc	273
76b95f28-ff04-42d6-9b23-f3d129019ebc	143
76b95f28-ff04-42d6-9b23-f3d129019ebc	141
76b95f28-ff04-42d6-9b23-f3d129019ebc	142
76b95f28-ff04-42d6-9b23-f3d129019ebc	233
76b95f28-ff04-42d6-9b23-f3d129019ebc	234
76b95f28-ff04-42d6-9b23-f3d129019ebc	134
76b95f28-ff04-42d6-9b23-f3d129019ebc	146
76b95f28-ff04-42d6-9b23-f3d129019ebc	133
76b95f28-ff04-42d6-9b23-f3d129019ebc	235
76b95f28-ff04-42d6-9b23-f3d129019ebc	147
76b95f28-ff04-42d6-9b23-f3d129019ebc	236
76b95f28-ff04-42d6-9b23-f3d129019ebc	237
76b95f28-ff04-42d6-9b23-f3d129019ebc	153
76b95f28-ff04-42d6-9b23-f3d129019ebc	238
76b95f28-ff04-42d6-9b23-f3d129019ebc	239
76b95f28-ff04-42d6-9b23-f3d129019ebc	240
76b95f28-ff04-42d6-9b23-f3d129019ebc	241
76b95f28-ff04-42d6-9b23-f3d129019ebc	156
c476c560-362e-4e0d-bdf7-41159f5c6228	234
c476c560-362e-4e0d-bdf7-41159f5c6228	134
c476c560-362e-4e0d-bdf7-41159f5c6228	146
c476c560-362e-4e0d-bdf7-41159f5c6228	133
c476c560-362e-4e0d-bdf7-41159f5c6228	235
c476c560-362e-4e0d-bdf7-41159f5c6228	147
c476c560-362e-4e0d-bdf7-41159f5c6228	236
c476c560-362e-4e0d-bdf7-41159f5c6228	237
c476c560-362e-4e0d-bdf7-41159f5c6228	153
c476c560-362e-4e0d-bdf7-41159f5c6228	238
c476c560-362e-4e0d-bdf7-41159f5c6228	239
c476c560-362e-4e0d-bdf7-41159f5c6228	240
c476c560-362e-4e0d-bdf7-41159f5c6228	241
c476c560-362e-4e0d-bdf7-41159f5c6228	156
c476c560-362e-4e0d-bdf7-41159f5c6228	157
c476c560-362e-4e0d-bdf7-41159f5c6228	242
c476c560-362e-4e0d-bdf7-41159f5c6228	243
c476c560-362e-4e0d-bdf7-41159f5c6228	272
c476c560-362e-4e0d-bdf7-41159f5c6228	244
c476c560-362e-4e0d-bdf7-41159f5c6228	138
c476c560-362e-4e0d-bdf7-41159f5c6228	152
c476c560-362e-4e0d-bdf7-41159f5c6228	150
c476c560-362e-4e0d-bdf7-41159f5c6228	200
c476c560-362e-4e0d-bdf7-41159f5c6228	245
c476c560-362e-4e0d-bdf7-41159f5c6228	137
c476c560-362e-4e0d-bdf7-41159f5c6228	145
c476c560-362e-4e0d-bdf7-41159f5c6228	246
c476c560-362e-4e0d-bdf7-41159f5c6228	247
5de947e4-a507-4f10-a87c-6f2b8cc30477	228
5de947e4-a507-4f10-a87c-6f2b8cc30477	229
5de947e4-a507-4f10-a87c-6f2b8cc30477	230
5de947e4-a507-4f10-a87c-6f2b8cc30477	231
5de947e4-a507-4f10-a87c-6f2b8cc30477	158
5de947e4-a507-4f10-a87c-6f2b8cc30477	159
5de947e4-a507-4f10-a87c-6f2b8cc30477	161
5de947e4-a507-4f10-a87c-6f2b8cc30477	203
5de947e4-a507-4f10-a87c-6f2b8cc30477	232
5de947e4-a507-4f10-a87c-6f2b8cc30477	273
5de947e4-a507-4f10-a87c-6f2b8cc30477	143
5de947e4-a507-4f10-a87c-6f2b8cc30477	141
5de947e4-a507-4f10-a87c-6f2b8cc30477	142
5de947e4-a507-4f10-a87c-6f2b8cc30477	233
5de947e4-a507-4f10-a87c-6f2b8cc30477	234
5de947e4-a507-4f10-a87c-6f2b8cc30477	134
5de947e4-a507-4f10-a87c-6f2b8cc30477	146
5de947e4-a507-4f10-a87c-6f2b8cc30477	133
5de947e4-a507-4f10-a87c-6f2b8cc30477	235
5de947e4-a507-4f10-a87c-6f2b8cc30477	147
5de947e4-a507-4f10-a87c-6f2b8cc30477	236
5de947e4-a507-4f10-a87c-6f2b8cc30477	237
5de947e4-a507-4f10-a87c-6f2b8cc30477	153
5de947e4-a507-4f10-a87c-6f2b8cc30477	238
5de947e4-a507-4f10-a87c-6f2b8cc30477	239
5de947e4-a507-4f10-a87c-6f2b8cc30477	240
5de947e4-a507-4f10-a87c-6f2b8cc30477	241
5de947e4-a507-4f10-a87c-6f2b8cc30477	156
5de947e4-a507-4f10-a87c-6f2b8cc30477	157
5de947e4-a507-4f10-a87c-6f2b8cc30477	242
5de947e4-a507-4f10-a87c-6f2b8cc30477	243
5de947e4-a507-4f10-a87c-6f2b8cc30477	272
5de947e4-a507-4f10-a87c-6f2b8cc30477	244
5de947e4-a507-4f10-a87c-6f2b8cc30477	138
5de947e4-a507-4f10-a87c-6f2b8cc30477	152
5de947e4-a507-4f10-a87c-6f2b8cc30477	150
5de947e4-a507-4f10-a87c-6f2b8cc30477	200
5de947e4-a507-4f10-a87c-6f2b8cc30477	245
5de947e4-a507-4f10-a87c-6f2b8cc30477	137
5de947e4-a507-4f10-a87c-6f2b8cc30477	145
5de947e4-a507-4f10-a87c-6f2b8cc30477	246
5de947e4-a507-4f10-a87c-6f2b8cc30477	247
cb8e78ce-084b-410f-b329-8debcde73c7c	228
cb8e78ce-084b-410f-b329-8debcde73c7c	229
cb8e78ce-084b-410f-b329-8debcde73c7c	230
cb8e78ce-084b-410f-b329-8debcde73c7c	231
cb8e78ce-084b-410f-b329-8debcde73c7c	158
cb8e78ce-084b-410f-b329-8debcde73c7c	159
cb8e78ce-084b-410f-b329-8debcde73c7c	161
cb8e78ce-084b-410f-b329-8debcde73c7c	203
cb8e78ce-084b-410f-b329-8debcde73c7c	232
cb8e78ce-084b-410f-b329-8debcde73c7c	273
cb8e78ce-084b-410f-b329-8debcde73c7c	143
cb8e78ce-084b-410f-b329-8debcde73c7c	141
cb8e78ce-084b-410f-b329-8debcde73c7c	142
cb8e78ce-084b-410f-b329-8debcde73c7c	233
cb8e78ce-084b-410f-b329-8debcde73c7c	234
cb8e78ce-084b-410f-b329-8debcde73c7c	134
cb8e78ce-084b-410f-b329-8debcde73c7c	146
cb8e78ce-084b-410f-b329-8debcde73c7c	133
cb8e78ce-084b-410f-b329-8debcde73c7c	235
cb8e78ce-084b-410f-b329-8debcde73c7c	147
cb8e78ce-084b-410f-b329-8debcde73c7c	236
cb8e78ce-084b-410f-b329-8debcde73c7c	237
cb8e78ce-084b-410f-b329-8debcde73c7c	153
cb8e78ce-084b-410f-b329-8debcde73c7c	238
cb8e78ce-084b-410f-b329-8debcde73c7c	239
cb8e78ce-084b-410f-b329-8debcde73c7c	240
cb8e78ce-084b-410f-b329-8debcde73c7c	241
cb8e78ce-084b-410f-b329-8debcde73c7c	156
cb8e78ce-084b-410f-b329-8debcde73c7c	157
cb8e78ce-084b-410f-b329-8debcde73c7c	242
cb8e78ce-084b-410f-b329-8debcde73c7c	243
cb8e78ce-084b-410f-b329-8debcde73c7c	272
cb8e78ce-084b-410f-b329-8debcde73c7c	244
cb8e78ce-084b-410f-b329-8debcde73c7c	138
cb8e78ce-084b-410f-b329-8debcde73c7c	152
cb8e78ce-084b-410f-b329-8debcde73c7c	150
cb8e78ce-084b-410f-b329-8debcde73c7c	200
cb8e78ce-084b-410f-b329-8debcde73c7c	245
cb8e78ce-084b-410f-b329-8debcde73c7c	137
cb8e78ce-084b-410f-b329-8debcde73c7c	145
cb8e78ce-084b-410f-b329-8debcde73c7c	246
cb8e78ce-084b-410f-b329-8debcde73c7c	247
abe6a74f-a60e-41c8-86f8-e1f21f174659	228
abe6a74f-a60e-41c8-86f8-e1f21f174659	229
abe6a74f-a60e-41c8-86f8-e1f21f174659	230
abe6a74f-a60e-41c8-86f8-e1f21f174659	231
abe6a74f-a60e-41c8-86f8-e1f21f174659	158
abe6a74f-a60e-41c8-86f8-e1f21f174659	159
abe6a74f-a60e-41c8-86f8-e1f21f174659	161
abe6a74f-a60e-41c8-86f8-e1f21f174659	203
abe6a74f-a60e-41c8-86f8-e1f21f174659	232
abe6a74f-a60e-41c8-86f8-e1f21f174659	273
abe6a74f-a60e-41c8-86f8-e1f21f174659	143
abe6a74f-a60e-41c8-86f8-e1f21f174659	141
abe6a74f-a60e-41c8-86f8-e1f21f174659	142
abe6a74f-a60e-41c8-86f8-e1f21f174659	233
abe6a74f-a60e-41c8-86f8-e1f21f174659	234
abe6a74f-a60e-41c8-86f8-e1f21f174659	134
abe6a74f-a60e-41c8-86f8-e1f21f174659	146
abe6a74f-a60e-41c8-86f8-e1f21f174659	133
abe6a74f-a60e-41c8-86f8-e1f21f174659	235
abe6a74f-a60e-41c8-86f8-e1f21f174659	147
abe6a74f-a60e-41c8-86f8-e1f21f174659	236
abe6a74f-a60e-41c8-86f8-e1f21f174659	237
abe6a74f-a60e-41c8-86f8-e1f21f174659	153
abe6a74f-a60e-41c8-86f8-e1f21f174659	238
abe6a74f-a60e-41c8-86f8-e1f21f174659	239
abe6a74f-a60e-41c8-86f8-e1f21f174659	240
abe6a74f-a60e-41c8-86f8-e1f21f174659	241
abe6a74f-a60e-41c8-86f8-e1f21f174659	156
abe6a74f-a60e-41c8-86f8-e1f21f174659	157
abe6a74f-a60e-41c8-86f8-e1f21f174659	242
abe6a74f-a60e-41c8-86f8-e1f21f174659	243
abe6a74f-a60e-41c8-86f8-e1f21f174659	272
abe6a74f-a60e-41c8-86f8-e1f21f174659	244
abe6a74f-a60e-41c8-86f8-e1f21f174659	138
abe6a74f-a60e-41c8-86f8-e1f21f174659	152
abe6a74f-a60e-41c8-86f8-e1f21f174659	150
abe6a74f-a60e-41c8-86f8-e1f21f174659	200
abe6a74f-a60e-41c8-86f8-e1f21f174659	245
abe6a74f-a60e-41c8-86f8-e1f21f174659	137
abe6a74f-a60e-41c8-86f8-e1f21f174659	145
abe6a74f-a60e-41c8-86f8-e1f21f174659	246
abe6a74f-a60e-41c8-86f8-e1f21f174659	247
a58398c9-3ab4-4134-87b5-6e38fa800691	228
a58398c9-3ab4-4134-87b5-6e38fa800691	229
a58398c9-3ab4-4134-87b5-6e38fa800691	230
76b95f28-ff04-42d6-9b23-f3d129019ebc	157
76b95f28-ff04-42d6-9b23-f3d129019ebc	242
76b95f28-ff04-42d6-9b23-f3d129019ebc	243
76b95f28-ff04-42d6-9b23-f3d129019ebc	272
76b95f28-ff04-42d6-9b23-f3d129019ebc	244
76b95f28-ff04-42d6-9b23-f3d129019ebc	138
76b95f28-ff04-42d6-9b23-f3d129019ebc	152
76b95f28-ff04-42d6-9b23-f3d129019ebc	150
76b95f28-ff04-42d6-9b23-f3d129019ebc	200
76b95f28-ff04-42d6-9b23-f3d129019ebc	245
76b95f28-ff04-42d6-9b23-f3d129019ebc	137
76b95f28-ff04-42d6-9b23-f3d129019ebc	145
76b95f28-ff04-42d6-9b23-f3d129019ebc	246
76b95f28-ff04-42d6-9b23-f3d129019ebc	247
2348c974-6d13-401b-be79-dbd4c4e13036	228
2348c974-6d13-401b-be79-dbd4c4e13036	229
2348c974-6d13-401b-be79-dbd4c4e13036	230
2348c974-6d13-401b-be79-dbd4c4e13036	231
2348c974-6d13-401b-be79-dbd4c4e13036	158
2348c974-6d13-401b-be79-dbd4c4e13036	159
2348c974-6d13-401b-be79-dbd4c4e13036	161
2348c974-6d13-401b-be79-dbd4c4e13036	203
2348c974-6d13-401b-be79-dbd4c4e13036	232
2348c974-6d13-401b-be79-dbd4c4e13036	273
2348c974-6d13-401b-be79-dbd4c4e13036	143
2348c974-6d13-401b-be79-dbd4c4e13036	141
2348c974-6d13-401b-be79-dbd4c4e13036	142
2348c974-6d13-401b-be79-dbd4c4e13036	233
2348c974-6d13-401b-be79-dbd4c4e13036	234
2348c974-6d13-401b-be79-dbd4c4e13036	134
2348c974-6d13-401b-be79-dbd4c4e13036	146
2348c974-6d13-401b-be79-dbd4c4e13036	133
2348c974-6d13-401b-be79-dbd4c4e13036	235
2348c974-6d13-401b-be79-dbd4c4e13036	147
2348c974-6d13-401b-be79-dbd4c4e13036	236
2348c974-6d13-401b-be79-dbd4c4e13036	237
2348c974-6d13-401b-be79-dbd4c4e13036	153
2348c974-6d13-401b-be79-dbd4c4e13036	238
2348c974-6d13-401b-be79-dbd4c4e13036	239
2348c974-6d13-401b-be79-dbd4c4e13036	240
2348c974-6d13-401b-be79-dbd4c4e13036	241
2348c974-6d13-401b-be79-dbd4c4e13036	156
2348c974-6d13-401b-be79-dbd4c4e13036	157
2348c974-6d13-401b-be79-dbd4c4e13036	242
2348c974-6d13-401b-be79-dbd4c4e13036	243
2348c974-6d13-401b-be79-dbd4c4e13036	272
2348c974-6d13-401b-be79-dbd4c4e13036	244
2348c974-6d13-401b-be79-dbd4c4e13036	138
2348c974-6d13-401b-be79-dbd4c4e13036	152
2348c974-6d13-401b-be79-dbd4c4e13036	150
2348c974-6d13-401b-be79-dbd4c4e13036	200
2348c974-6d13-401b-be79-dbd4c4e13036	245
2348c974-6d13-401b-be79-dbd4c4e13036	137
2348c974-6d13-401b-be79-dbd4c4e13036	145
2348c974-6d13-401b-be79-dbd4c4e13036	246
2348c974-6d13-401b-be79-dbd4c4e13036	247
cd67c910-afbe-4775-a754-1efc698fad3f	228
cd67c910-afbe-4775-a754-1efc698fad3f	229
cd67c910-afbe-4775-a754-1efc698fad3f	230
cd67c910-afbe-4775-a754-1efc698fad3f	231
cd67c910-afbe-4775-a754-1efc698fad3f	158
cd67c910-afbe-4775-a754-1efc698fad3f	159
cd67c910-afbe-4775-a754-1efc698fad3f	161
cd67c910-afbe-4775-a754-1efc698fad3f	203
cd67c910-afbe-4775-a754-1efc698fad3f	232
cd67c910-afbe-4775-a754-1efc698fad3f	273
cd67c910-afbe-4775-a754-1efc698fad3f	143
cd67c910-afbe-4775-a754-1efc698fad3f	141
cd67c910-afbe-4775-a754-1efc698fad3f	142
cd67c910-afbe-4775-a754-1efc698fad3f	233
cd67c910-afbe-4775-a754-1efc698fad3f	234
cd67c910-afbe-4775-a754-1efc698fad3f	134
cd67c910-afbe-4775-a754-1efc698fad3f	146
cd67c910-afbe-4775-a754-1efc698fad3f	133
cd67c910-afbe-4775-a754-1efc698fad3f	235
cd67c910-afbe-4775-a754-1efc698fad3f	147
cd67c910-afbe-4775-a754-1efc698fad3f	236
cd67c910-afbe-4775-a754-1efc698fad3f	237
cd67c910-afbe-4775-a754-1efc698fad3f	153
cd67c910-afbe-4775-a754-1efc698fad3f	238
cd67c910-afbe-4775-a754-1efc698fad3f	239
cd67c910-afbe-4775-a754-1efc698fad3f	240
cd67c910-afbe-4775-a754-1efc698fad3f	241
cd67c910-afbe-4775-a754-1efc698fad3f	156
cd67c910-afbe-4775-a754-1efc698fad3f	157
cd67c910-afbe-4775-a754-1efc698fad3f	242
cd67c910-afbe-4775-a754-1efc698fad3f	243
cd67c910-afbe-4775-a754-1efc698fad3f	272
cd67c910-afbe-4775-a754-1efc698fad3f	244
cd67c910-afbe-4775-a754-1efc698fad3f	138
cd67c910-afbe-4775-a754-1efc698fad3f	152
cd67c910-afbe-4775-a754-1efc698fad3f	150
cd67c910-afbe-4775-a754-1efc698fad3f	200
cd67c910-afbe-4775-a754-1efc698fad3f	245
cd67c910-afbe-4775-a754-1efc698fad3f	137
cd67c910-afbe-4775-a754-1efc698fad3f	145
cd67c910-afbe-4775-a754-1efc698fad3f	246
cd67c910-afbe-4775-a754-1efc698fad3f	247
02877ffb-6f69-4964-85a2-c2cede8a0189	228
02877ffb-6f69-4964-85a2-c2cede8a0189	229
02877ffb-6f69-4964-85a2-c2cede8a0189	230
02877ffb-6f69-4964-85a2-c2cede8a0189	231
02877ffb-6f69-4964-85a2-c2cede8a0189	158
02877ffb-6f69-4964-85a2-c2cede8a0189	159
02877ffb-6f69-4964-85a2-c2cede8a0189	161
02877ffb-6f69-4964-85a2-c2cede8a0189	203
02877ffb-6f69-4964-85a2-c2cede8a0189	232
02877ffb-6f69-4964-85a2-c2cede8a0189	273
02877ffb-6f69-4964-85a2-c2cede8a0189	143
02877ffb-6f69-4964-85a2-c2cede8a0189	141
02877ffb-6f69-4964-85a2-c2cede8a0189	142
02877ffb-6f69-4964-85a2-c2cede8a0189	233
02877ffb-6f69-4964-85a2-c2cede8a0189	234
02877ffb-6f69-4964-85a2-c2cede8a0189	134
02877ffb-6f69-4964-85a2-c2cede8a0189	146
02877ffb-6f69-4964-85a2-c2cede8a0189	133
02877ffb-6f69-4964-85a2-c2cede8a0189	235
02877ffb-6f69-4964-85a2-c2cede8a0189	147
02877ffb-6f69-4964-85a2-c2cede8a0189	236
02877ffb-6f69-4964-85a2-c2cede8a0189	237
02877ffb-6f69-4964-85a2-c2cede8a0189	153
02877ffb-6f69-4964-85a2-c2cede8a0189	238
02877ffb-6f69-4964-85a2-c2cede8a0189	239
02877ffb-6f69-4964-85a2-c2cede8a0189	240
02877ffb-6f69-4964-85a2-c2cede8a0189	241
02877ffb-6f69-4964-85a2-c2cede8a0189	156
02877ffb-6f69-4964-85a2-c2cede8a0189	157
02877ffb-6f69-4964-85a2-c2cede8a0189	242
02877ffb-6f69-4964-85a2-c2cede8a0189	243
02877ffb-6f69-4964-85a2-c2cede8a0189	272
02877ffb-6f69-4964-85a2-c2cede8a0189	244
02877ffb-6f69-4964-85a2-c2cede8a0189	138
02877ffb-6f69-4964-85a2-c2cede8a0189	152
02877ffb-6f69-4964-85a2-c2cede8a0189	150
02877ffb-6f69-4964-85a2-c2cede8a0189	200
02877ffb-6f69-4964-85a2-c2cede8a0189	245
02877ffb-6f69-4964-85a2-c2cede8a0189	137
02877ffb-6f69-4964-85a2-c2cede8a0189	145
02877ffb-6f69-4964-85a2-c2cede8a0189	246
02877ffb-6f69-4964-85a2-c2cede8a0189	247
fe96cbed-ccce-46ef-b3d9-36c87a54e816	228
fe96cbed-ccce-46ef-b3d9-36c87a54e816	229
fe96cbed-ccce-46ef-b3d9-36c87a54e816	230
fe96cbed-ccce-46ef-b3d9-36c87a54e816	231
fe96cbed-ccce-46ef-b3d9-36c87a54e816	158
fe96cbed-ccce-46ef-b3d9-36c87a54e816	159
fe96cbed-ccce-46ef-b3d9-36c87a54e816	161
fe96cbed-ccce-46ef-b3d9-36c87a54e816	203
fe96cbed-ccce-46ef-b3d9-36c87a54e816	232
fe96cbed-ccce-46ef-b3d9-36c87a54e816	273
fe96cbed-ccce-46ef-b3d9-36c87a54e816	143
fe96cbed-ccce-46ef-b3d9-36c87a54e816	141
fe96cbed-ccce-46ef-b3d9-36c87a54e816	142
fe96cbed-ccce-46ef-b3d9-36c87a54e816	233
fe96cbed-ccce-46ef-b3d9-36c87a54e816	234
fe96cbed-ccce-46ef-b3d9-36c87a54e816	134
fe96cbed-ccce-46ef-b3d9-36c87a54e816	146
a58398c9-3ab4-4134-87b5-6e38fa800691	231
a58398c9-3ab4-4134-87b5-6e38fa800691	158
a58398c9-3ab4-4134-87b5-6e38fa800691	159
a58398c9-3ab4-4134-87b5-6e38fa800691	161
a58398c9-3ab4-4134-87b5-6e38fa800691	203
a58398c9-3ab4-4134-87b5-6e38fa800691	232
a58398c9-3ab4-4134-87b5-6e38fa800691	273
a58398c9-3ab4-4134-87b5-6e38fa800691	143
a58398c9-3ab4-4134-87b5-6e38fa800691	141
a58398c9-3ab4-4134-87b5-6e38fa800691	142
a58398c9-3ab4-4134-87b5-6e38fa800691	233
a58398c9-3ab4-4134-87b5-6e38fa800691	234
a58398c9-3ab4-4134-87b5-6e38fa800691	134
a58398c9-3ab4-4134-87b5-6e38fa800691	146
a58398c9-3ab4-4134-87b5-6e38fa800691	133
a58398c9-3ab4-4134-87b5-6e38fa800691	235
a58398c9-3ab4-4134-87b5-6e38fa800691	147
a58398c9-3ab4-4134-87b5-6e38fa800691	236
a58398c9-3ab4-4134-87b5-6e38fa800691	237
a58398c9-3ab4-4134-87b5-6e38fa800691	153
a58398c9-3ab4-4134-87b5-6e38fa800691	238
a58398c9-3ab4-4134-87b5-6e38fa800691	239
a58398c9-3ab4-4134-87b5-6e38fa800691	240
a58398c9-3ab4-4134-87b5-6e38fa800691	241
a58398c9-3ab4-4134-87b5-6e38fa800691	156
a58398c9-3ab4-4134-87b5-6e38fa800691	157
a58398c9-3ab4-4134-87b5-6e38fa800691	242
a58398c9-3ab4-4134-87b5-6e38fa800691	243
a58398c9-3ab4-4134-87b5-6e38fa800691	272
a58398c9-3ab4-4134-87b5-6e38fa800691	244
a58398c9-3ab4-4134-87b5-6e38fa800691	138
a58398c9-3ab4-4134-87b5-6e38fa800691	152
a58398c9-3ab4-4134-87b5-6e38fa800691	150
a58398c9-3ab4-4134-87b5-6e38fa800691	200
a58398c9-3ab4-4134-87b5-6e38fa800691	245
a58398c9-3ab4-4134-87b5-6e38fa800691	137
a58398c9-3ab4-4134-87b5-6e38fa800691	145
a58398c9-3ab4-4134-87b5-6e38fa800691	246
a58398c9-3ab4-4134-87b5-6e38fa800691	247
d346ee21-c681-47da-b93e-7e5cbd283ccb	228
d346ee21-c681-47da-b93e-7e5cbd283ccb	229
d346ee21-c681-47da-b93e-7e5cbd283ccb	230
d346ee21-c681-47da-b93e-7e5cbd283ccb	231
d346ee21-c681-47da-b93e-7e5cbd283ccb	158
d346ee21-c681-47da-b93e-7e5cbd283ccb	159
d346ee21-c681-47da-b93e-7e5cbd283ccb	161
d346ee21-c681-47da-b93e-7e5cbd283ccb	203
d346ee21-c681-47da-b93e-7e5cbd283ccb	232
d346ee21-c681-47da-b93e-7e5cbd283ccb	273
d346ee21-c681-47da-b93e-7e5cbd283ccb	143
d346ee21-c681-47da-b93e-7e5cbd283ccb	141
d346ee21-c681-47da-b93e-7e5cbd283ccb	142
d346ee21-c681-47da-b93e-7e5cbd283ccb	233
d346ee21-c681-47da-b93e-7e5cbd283ccb	234
d346ee21-c681-47da-b93e-7e5cbd283ccb	134
d346ee21-c681-47da-b93e-7e5cbd283ccb	146
d346ee21-c681-47da-b93e-7e5cbd283ccb	133
d346ee21-c681-47da-b93e-7e5cbd283ccb	235
d346ee21-c681-47da-b93e-7e5cbd283ccb	147
d346ee21-c681-47da-b93e-7e5cbd283ccb	236
d346ee21-c681-47da-b93e-7e5cbd283ccb	237
d346ee21-c681-47da-b93e-7e5cbd283ccb	153
d346ee21-c681-47da-b93e-7e5cbd283ccb	238
d346ee21-c681-47da-b93e-7e5cbd283ccb	239
d346ee21-c681-47da-b93e-7e5cbd283ccb	240
d346ee21-c681-47da-b93e-7e5cbd283ccb	241
d346ee21-c681-47da-b93e-7e5cbd283ccb	156
d346ee21-c681-47da-b93e-7e5cbd283ccb	157
d346ee21-c681-47da-b93e-7e5cbd283ccb	242
d346ee21-c681-47da-b93e-7e5cbd283ccb	243
d346ee21-c681-47da-b93e-7e5cbd283ccb	272
d346ee21-c681-47da-b93e-7e5cbd283ccb	244
d346ee21-c681-47da-b93e-7e5cbd283ccb	138
d346ee21-c681-47da-b93e-7e5cbd283ccb	152
d346ee21-c681-47da-b93e-7e5cbd283ccb	150
d346ee21-c681-47da-b93e-7e5cbd283ccb	200
d346ee21-c681-47da-b93e-7e5cbd283ccb	245
d346ee21-c681-47da-b93e-7e5cbd283ccb	137
d346ee21-c681-47da-b93e-7e5cbd283ccb	145
d346ee21-c681-47da-b93e-7e5cbd283ccb	246
d346ee21-c681-47da-b93e-7e5cbd283ccb	247
79509a4e-fb26-465f-8dbc-2c5e4e9841d4	228
79509a4e-fb26-465f-8dbc-2c5e4e9841d4	229
79509a4e-fb26-465f-8dbc-2c5e4e9841d4	230
79509a4e-fb26-465f-8dbc-2c5e4e9841d4	231
79509a4e-fb26-465f-8dbc-2c5e4e9841d4	158
79509a4e-fb26-465f-8dbc-2c5e4e9841d4	159
79509a4e-fb26-465f-8dbc-2c5e4e9841d4	161
79509a4e-fb26-465f-8dbc-2c5e4e9841d4	203
79509a4e-fb26-465f-8dbc-2c5e4e9841d4	232
79509a4e-fb26-465f-8dbc-2c5e4e9841d4	273
79509a4e-fb26-465f-8dbc-2c5e4e9841d4	143
79509a4e-fb26-465f-8dbc-2c5e4e9841d4	141
79509a4e-fb26-465f-8dbc-2c5e4e9841d4	142
79509a4e-fb26-465f-8dbc-2c5e4e9841d4	233
79509a4e-fb26-465f-8dbc-2c5e4e9841d4	234
79509a4e-fb26-465f-8dbc-2c5e4e9841d4	134
79509a4e-fb26-465f-8dbc-2c5e4e9841d4	146
79509a4e-fb26-465f-8dbc-2c5e4e9841d4	133
79509a4e-fb26-465f-8dbc-2c5e4e9841d4	235
79509a4e-fb26-465f-8dbc-2c5e4e9841d4	147
79509a4e-fb26-465f-8dbc-2c5e4e9841d4	236
79509a4e-fb26-465f-8dbc-2c5e4e9841d4	237
79509a4e-fb26-465f-8dbc-2c5e4e9841d4	153
79509a4e-fb26-465f-8dbc-2c5e4e9841d4	238
79509a4e-fb26-465f-8dbc-2c5e4e9841d4	239
79509a4e-fb26-465f-8dbc-2c5e4e9841d4	240
79509a4e-fb26-465f-8dbc-2c5e4e9841d4	241
79509a4e-fb26-465f-8dbc-2c5e4e9841d4	156
79509a4e-fb26-465f-8dbc-2c5e4e9841d4	157
79509a4e-fb26-465f-8dbc-2c5e4e9841d4	242
79509a4e-fb26-465f-8dbc-2c5e4e9841d4	243
79509a4e-fb26-465f-8dbc-2c5e4e9841d4	272
79509a4e-fb26-465f-8dbc-2c5e4e9841d4	244
79509a4e-fb26-465f-8dbc-2c5e4e9841d4	138
79509a4e-fb26-465f-8dbc-2c5e4e9841d4	152
79509a4e-fb26-465f-8dbc-2c5e4e9841d4	150
79509a4e-fb26-465f-8dbc-2c5e4e9841d4	200
79509a4e-fb26-465f-8dbc-2c5e4e9841d4	245
79509a4e-fb26-465f-8dbc-2c5e4e9841d4	137
79509a4e-fb26-465f-8dbc-2c5e4e9841d4	145
79509a4e-fb26-465f-8dbc-2c5e4e9841d4	246
79509a4e-fb26-465f-8dbc-2c5e4e9841d4	247
5921450c-c367-4cfa-b7da-e0154702334c	228
5921450c-c367-4cfa-b7da-e0154702334c	229
5921450c-c367-4cfa-b7da-e0154702334c	230
5921450c-c367-4cfa-b7da-e0154702334c	231
5921450c-c367-4cfa-b7da-e0154702334c	158
5921450c-c367-4cfa-b7da-e0154702334c	159
5921450c-c367-4cfa-b7da-e0154702334c	161
5921450c-c367-4cfa-b7da-e0154702334c	203
5921450c-c367-4cfa-b7da-e0154702334c	232
5921450c-c367-4cfa-b7da-e0154702334c	273
5921450c-c367-4cfa-b7da-e0154702334c	143
5921450c-c367-4cfa-b7da-e0154702334c	141
5921450c-c367-4cfa-b7da-e0154702334c	142
5921450c-c367-4cfa-b7da-e0154702334c	233
5921450c-c367-4cfa-b7da-e0154702334c	234
5921450c-c367-4cfa-b7da-e0154702334c	134
5921450c-c367-4cfa-b7da-e0154702334c	146
5921450c-c367-4cfa-b7da-e0154702334c	133
5921450c-c367-4cfa-b7da-e0154702334c	235
5921450c-c367-4cfa-b7da-e0154702334c	147
5921450c-c367-4cfa-b7da-e0154702334c	236
5921450c-c367-4cfa-b7da-e0154702334c	237
5921450c-c367-4cfa-b7da-e0154702334c	153
5921450c-c367-4cfa-b7da-e0154702334c	238
5921450c-c367-4cfa-b7da-e0154702334c	239
5921450c-c367-4cfa-b7da-e0154702334c	240
5921450c-c367-4cfa-b7da-e0154702334c	241
5921450c-c367-4cfa-b7da-e0154702334c	156
5921450c-c367-4cfa-b7da-e0154702334c	157
5921450c-c367-4cfa-b7da-e0154702334c	242
5921450c-c367-4cfa-b7da-e0154702334c	243
5921450c-c367-4cfa-b7da-e0154702334c	272
5921450c-c367-4cfa-b7da-e0154702334c	244
5921450c-c367-4cfa-b7da-e0154702334c	138
5921450c-c367-4cfa-b7da-e0154702334c	152
5921450c-c367-4cfa-b7da-e0154702334c	150
5921450c-c367-4cfa-b7da-e0154702334c	200
5921450c-c367-4cfa-b7da-e0154702334c	245
5921450c-c367-4cfa-b7da-e0154702334c	137
5921450c-c367-4cfa-b7da-e0154702334c	145
5921450c-c367-4cfa-b7da-e0154702334c	246
5921450c-c367-4cfa-b7da-e0154702334c	247
d6086b6e-ec7b-49f8-856e-965a69217119	228
d6086b6e-ec7b-49f8-856e-965a69217119	229
d6086b6e-ec7b-49f8-856e-965a69217119	230
d6086b6e-ec7b-49f8-856e-965a69217119	231
d6086b6e-ec7b-49f8-856e-965a69217119	158
d6086b6e-ec7b-49f8-856e-965a69217119	159
d6086b6e-ec7b-49f8-856e-965a69217119	161
d6086b6e-ec7b-49f8-856e-965a69217119	203
d6086b6e-ec7b-49f8-856e-965a69217119	232
d6086b6e-ec7b-49f8-856e-965a69217119	273
d6086b6e-ec7b-49f8-856e-965a69217119	143
d6086b6e-ec7b-49f8-856e-965a69217119	141
d6086b6e-ec7b-49f8-856e-965a69217119	142
d6086b6e-ec7b-49f8-856e-965a69217119	233
d6086b6e-ec7b-49f8-856e-965a69217119	234
d6086b6e-ec7b-49f8-856e-965a69217119	134
d6086b6e-ec7b-49f8-856e-965a69217119	146
d6086b6e-ec7b-49f8-856e-965a69217119	133
d6086b6e-ec7b-49f8-856e-965a69217119	235
d6086b6e-ec7b-49f8-856e-965a69217119	147
d6086b6e-ec7b-49f8-856e-965a69217119	236
d6086b6e-ec7b-49f8-856e-965a69217119	237
d6086b6e-ec7b-49f8-856e-965a69217119	153
d6086b6e-ec7b-49f8-856e-965a69217119	238
d6086b6e-ec7b-49f8-856e-965a69217119	239
d6086b6e-ec7b-49f8-856e-965a69217119	240
d6086b6e-ec7b-49f8-856e-965a69217119	241
d6086b6e-ec7b-49f8-856e-965a69217119	156
d6086b6e-ec7b-49f8-856e-965a69217119	157
d6086b6e-ec7b-49f8-856e-965a69217119	242
d6086b6e-ec7b-49f8-856e-965a69217119	243
d6086b6e-ec7b-49f8-856e-965a69217119	272
d6086b6e-ec7b-49f8-856e-965a69217119	244
d6086b6e-ec7b-49f8-856e-965a69217119	138
d6086b6e-ec7b-49f8-856e-965a69217119	152
d6086b6e-ec7b-49f8-856e-965a69217119	150
d6086b6e-ec7b-49f8-856e-965a69217119	200
d6086b6e-ec7b-49f8-856e-965a69217119	245
d6086b6e-ec7b-49f8-856e-965a69217119	137
d6086b6e-ec7b-49f8-856e-965a69217119	145
d6086b6e-ec7b-49f8-856e-965a69217119	246
d6086b6e-ec7b-49f8-856e-965a69217119	247
0e888165-f2c7-490f-ba16-9afd9ae97d2b	228
0e888165-f2c7-490f-ba16-9afd9ae97d2b	229
0e888165-f2c7-490f-ba16-9afd9ae97d2b	230
0e888165-f2c7-490f-ba16-9afd9ae97d2b	231
0e888165-f2c7-490f-ba16-9afd9ae97d2b	158
0e888165-f2c7-490f-ba16-9afd9ae97d2b	159
0e888165-f2c7-490f-ba16-9afd9ae97d2b	161
0e888165-f2c7-490f-ba16-9afd9ae97d2b	203
0e888165-f2c7-490f-ba16-9afd9ae97d2b	232
0e888165-f2c7-490f-ba16-9afd9ae97d2b	273
0e888165-f2c7-490f-ba16-9afd9ae97d2b	143
0e888165-f2c7-490f-ba16-9afd9ae97d2b	141
0e888165-f2c7-490f-ba16-9afd9ae97d2b	142
0e888165-f2c7-490f-ba16-9afd9ae97d2b	233
0e888165-f2c7-490f-ba16-9afd9ae97d2b	234
0e888165-f2c7-490f-ba16-9afd9ae97d2b	134
0e888165-f2c7-490f-ba16-9afd9ae97d2b	146
0e888165-f2c7-490f-ba16-9afd9ae97d2b	133
0e888165-f2c7-490f-ba16-9afd9ae97d2b	235
0e888165-f2c7-490f-ba16-9afd9ae97d2b	147
0e888165-f2c7-490f-ba16-9afd9ae97d2b	236
0e888165-f2c7-490f-ba16-9afd9ae97d2b	237
0e888165-f2c7-490f-ba16-9afd9ae97d2b	153
0e888165-f2c7-490f-ba16-9afd9ae97d2b	238
0e888165-f2c7-490f-ba16-9afd9ae97d2b	239
0e888165-f2c7-490f-ba16-9afd9ae97d2b	240
0e888165-f2c7-490f-ba16-9afd9ae97d2b	241
0e888165-f2c7-490f-ba16-9afd9ae97d2b	156
0e888165-f2c7-490f-ba16-9afd9ae97d2b	157
0e888165-f2c7-490f-ba16-9afd9ae97d2b	242
0e888165-f2c7-490f-ba16-9afd9ae97d2b	243
0e888165-f2c7-490f-ba16-9afd9ae97d2b	272
0e888165-f2c7-490f-ba16-9afd9ae97d2b	244
0e888165-f2c7-490f-ba16-9afd9ae97d2b	138
0e888165-f2c7-490f-ba16-9afd9ae97d2b	152
0e888165-f2c7-490f-ba16-9afd9ae97d2b	150
0e888165-f2c7-490f-ba16-9afd9ae97d2b	200
0e888165-f2c7-490f-ba16-9afd9ae97d2b	245
0e888165-f2c7-490f-ba16-9afd9ae97d2b	137
0e888165-f2c7-490f-ba16-9afd9ae97d2b	145
0e888165-f2c7-490f-ba16-9afd9ae97d2b	246
0e888165-f2c7-490f-ba16-9afd9ae97d2b	247
d5325532-6c9c-489d-84da-847f7034b466	228
d5325532-6c9c-489d-84da-847f7034b466	229
d5325532-6c9c-489d-84da-847f7034b466	230
d5325532-6c9c-489d-84da-847f7034b466	231
d5325532-6c9c-489d-84da-847f7034b466	158
d5325532-6c9c-489d-84da-847f7034b466	159
d5325532-6c9c-489d-84da-847f7034b466	161
d5325532-6c9c-489d-84da-847f7034b466	203
d5325532-6c9c-489d-84da-847f7034b466	232
d5325532-6c9c-489d-84da-847f7034b466	273
d5325532-6c9c-489d-84da-847f7034b466	143
d5325532-6c9c-489d-84da-847f7034b466	141
d5325532-6c9c-489d-84da-847f7034b466	142
d5325532-6c9c-489d-84da-847f7034b466	233
d5325532-6c9c-489d-84da-847f7034b466	234
d5325532-6c9c-489d-84da-847f7034b466	134
d5325532-6c9c-489d-84da-847f7034b466	146
d5325532-6c9c-489d-84da-847f7034b466	133
d5325532-6c9c-489d-84da-847f7034b466	235
d5325532-6c9c-489d-84da-847f7034b466	147
d5325532-6c9c-489d-84da-847f7034b466	236
d5325532-6c9c-489d-84da-847f7034b466	237
d5325532-6c9c-489d-84da-847f7034b466	153
d5325532-6c9c-489d-84da-847f7034b466	238
d5325532-6c9c-489d-84da-847f7034b466	239
d5325532-6c9c-489d-84da-847f7034b466	240
d5325532-6c9c-489d-84da-847f7034b466	241
d5325532-6c9c-489d-84da-847f7034b466	156
d5325532-6c9c-489d-84da-847f7034b466	157
d5325532-6c9c-489d-84da-847f7034b466	242
d5325532-6c9c-489d-84da-847f7034b466	243
d5325532-6c9c-489d-84da-847f7034b466	272
d5325532-6c9c-489d-84da-847f7034b466	244
d5325532-6c9c-489d-84da-847f7034b466	138
d5325532-6c9c-489d-84da-847f7034b466	152
d5325532-6c9c-489d-84da-847f7034b466	150
d5325532-6c9c-489d-84da-847f7034b466	200
d5325532-6c9c-489d-84da-847f7034b466	245
d5325532-6c9c-489d-84da-847f7034b466	137
d5325532-6c9c-489d-84da-847f7034b466	145
d5325532-6c9c-489d-84da-847f7034b466	246
d5325532-6c9c-489d-84da-847f7034b466	247
6a5ad549-6f1f-41fc-813d-19dcc03174ca	228
6a5ad549-6f1f-41fc-813d-19dcc03174ca	229
6a5ad549-6f1f-41fc-813d-19dcc03174ca	230
6a5ad549-6f1f-41fc-813d-19dcc03174ca	231
6a5ad549-6f1f-41fc-813d-19dcc03174ca	158
6a5ad549-6f1f-41fc-813d-19dcc03174ca	159
6a5ad549-6f1f-41fc-813d-19dcc03174ca	161
6a5ad549-6f1f-41fc-813d-19dcc03174ca	203
6a5ad549-6f1f-41fc-813d-19dcc03174ca	232
6a5ad549-6f1f-41fc-813d-19dcc03174ca	273
6a5ad549-6f1f-41fc-813d-19dcc03174ca	143
6a5ad549-6f1f-41fc-813d-19dcc03174ca	141
6a5ad549-6f1f-41fc-813d-19dcc03174ca	142
6a5ad549-6f1f-41fc-813d-19dcc03174ca	233
6a5ad549-6f1f-41fc-813d-19dcc03174ca	234
6a5ad549-6f1f-41fc-813d-19dcc03174ca	134
6a5ad549-6f1f-41fc-813d-19dcc03174ca	146
6a5ad549-6f1f-41fc-813d-19dcc03174ca	133
6a5ad549-6f1f-41fc-813d-19dcc03174ca	235
6a5ad549-6f1f-41fc-813d-19dcc03174ca	147
6a5ad549-6f1f-41fc-813d-19dcc03174ca	236
6a5ad549-6f1f-41fc-813d-19dcc03174ca	237
6a5ad549-6f1f-41fc-813d-19dcc03174ca	153
fe96cbed-ccce-46ef-b3d9-36c87a54e816	133
fe96cbed-ccce-46ef-b3d9-36c87a54e816	235
fe96cbed-ccce-46ef-b3d9-36c87a54e816	147
fe96cbed-ccce-46ef-b3d9-36c87a54e816	236
fe96cbed-ccce-46ef-b3d9-36c87a54e816	237
fe96cbed-ccce-46ef-b3d9-36c87a54e816	153
fe96cbed-ccce-46ef-b3d9-36c87a54e816	238
fe96cbed-ccce-46ef-b3d9-36c87a54e816	239
fe96cbed-ccce-46ef-b3d9-36c87a54e816	240
fe96cbed-ccce-46ef-b3d9-36c87a54e816	241
fe96cbed-ccce-46ef-b3d9-36c87a54e816	156
fe96cbed-ccce-46ef-b3d9-36c87a54e816	157
fe96cbed-ccce-46ef-b3d9-36c87a54e816	242
fe96cbed-ccce-46ef-b3d9-36c87a54e816	243
fe96cbed-ccce-46ef-b3d9-36c87a54e816	272
fe96cbed-ccce-46ef-b3d9-36c87a54e816	244
fe96cbed-ccce-46ef-b3d9-36c87a54e816	138
fe96cbed-ccce-46ef-b3d9-36c87a54e816	152
fe96cbed-ccce-46ef-b3d9-36c87a54e816	150
fe96cbed-ccce-46ef-b3d9-36c87a54e816	200
fe96cbed-ccce-46ef-b3d9-36c87a54e816	245
fe96cbed-ccce-46ef-b3d9-36c87a54e816	137
fe96cbed-ccce-46ef-b3d9-36c87a54e816	145
fe96cbed-ccce-46ef-b3d9-36c87a54e816	246
fe96cbed-ccce-46ef-b3d9-36c87a54e816	247
6e8f6b9d-9adc-414d-9c4f-0d6e8abfd2e8	228
6e8f6b9d-9adc-414d-9c4f-0d6e8abfd2e8	229
6e8f6b9d-9adc-414d-9c4f-0d6e8abfd2e8	230
6e8f6b9d-9adc-414d-9c4f-0d6e8abfd2e8	231
6e8f6b9d-9adc-414d-9c4f-0d6e8abfd2e8	158
6e8f6b9d-9adc-414d-9c4f-0d6e8abfd2e8	159
6e8f6b9d-9adc-414d-9c4f-0d6e8abfd2e8	161
6e8f6b9d-9adc-414d-9c4f-0d6e8abfd2e8	203
6e8f6b9d-9adc-414d-9c4f-0d6e8abfd2e8	232
6e8f6b9d-9adc-414d-9c4f-0d6e8abfd2e8	273
6e8f6b9d-9adc-414d-9c4f-0d6e8abfd2e8	143
6e8f6b9d-9adc-414d-9c4f-0d6e8abfd2e8	141
6e8f6b9d-9adc-414d-9c4f-0d6e8abfd2e8	142
6e8f6b9d-9adc-414d-9c4f-0d6e8abfd2e8	233
6e8f6b9d-9adc-414d-9c4f-0d6e8abfd2e8	234
6e8f6b9d-9adc-414d-9c4f-0d6e8abfd2e8	134
6e8f6b9d-9adc-414d-9c4f-0d6e8abfd2e8	146
6e8f6b9d-9adc-414d-9c4f-0d6e8abfd2e8	133
6e8f6b9d-9adc-414d-9c4f-0d6e8abfd2e8	235
6e8f6b9d-9adc-414d-9c4f-0d6e8abfd2e8	147
6e8f6b9d-9adc-414d-9c4f-0d6e8abfd2e8	236
6e8f6b9d-9adc-414d-9c4f-0d6e8abfd2e8	237
6e8f6b9d-9adc-414d-9c4f-0d6e8abfd2e8	153
6e8f6b9d-9adc-414d-9c4f-0d6e8abfd2e8	238
6e8f6b9d-9adc-414d-9c4f-0d6e8abfd2e8	239
6e8f6b9d-9adc-414d-9c4f-0d6e8abfd2e8	240
6e8f6b9d-9adc-414d-9c4f-0d6e8abfd2e8	241
6e8f6b9d-9adc-414d-9c4f-0d6e8abfd2e8	156
6e8f6b9d-9adc-414d-9c4f-0d6e8abfd2e8	157
6e8f6b9d-9adc-414d-9c4f-0d6e8abfd2e8	242
6e8f6b9d-9adc-414d-9c4f-0d6e8abfd2e8	243
6e8f6b9d-9adc-414d-9c4f-0d6e8abfd2e8	272
6e8f6b9d-9adc-414d-9c4f-0d6e8abfd2e8	244
6e8f6b9d-9adc-414d-9c4f-0d6e8abfd2e8	138
6e8f6b9d-9adc-414d-9c4f-0d6e8abfd2e8	152
6e8f6b9d-9adc-414d-9c4f-0d6e8abfd2e8	150
6e8f6b9d-9adc-414d-9c4f-0d6e8abfd2e8	200
6e8f6b9d-9adc-414d-9c4f-0d6e8abfd2e8	245
6e8f6b9d-9adc-414d-9c4f-0d6e8abfd2e8	137
6e8f6b9d-9adc-414d-9c4f-0d6e8abfd2e8	145
6e8f6b9d-9adc-414d-9c4f-0d6e8abfd2e8	246
6e8f6b9d-9adc-414d-9c4f-0d6e8abfd2e8	247
0127f7dd-7666-42cf-b126-29fe5a99aa14	228
0127f7dd-7666-42cf-b126-29fe5a99aa14	229
0127f7dd-7666-42cf-b126-29fe5a99aa14	230
0127f7dd-7666-42cf-b126-29fe5a99aa14	231
0127f7dd-7666-42cf-b126-29fe5a99aa14	158
0127f7dd-7666-42cf-b126-29fe5a99aa14	159
0127f7dd-7666-42cf-b126-29fe5a99aa14	161
0127f7dd-7666-42cf-b126-29fe5a99aa14	203
0127f7dd-7666-42cf-b126-29fe5a99aa14	232
0127f7dd-7666-42cf-b126-29fe5a99aa14	273
0127f7dd-7666-42cf-b126-29fe5a99aa14	143
0127f7dd-7666-42cf-b126-29fe5a99aa14	141
0127f7dd-7666-42cf-b126-29fe5a99aa14	142
0127f7dd-7666-42cf-b126-29fe5a99aa14	233
0127f7dd-7666-42cf-b126-29fe5a99aa14	234
0127f7dd-7666-42cf-b126-29fe5a99aa14	134
0127f7dd-7666-42cf-b126-29fe5a99aa14	146
0127f7dd-7666-42cf-b126-29fe5a99aa14	133
0127f7dd-7666-42cf-b126-29fe5a99aa14	235
0127f7dd-7666-42cf-b126-29fe5a99aa14	147
0127f7dd-7666-42cf-b126-29fe5a99aa14	236
0127f7dd-7666-42cf-b126-29fe5a99aa14	237
0127f7dd-7666-42cf-b126-29fe5a99aa14	153
0127f7dd-7666-42cf-b126-29fe5a99aa14	238
0127f7dd-7666-42cf-b126-29fe5a99aa14	239
0127f7dd-7666-42cf-b126-29fe5a99aa14	240
0127f7dd-7666-42cf-b126-29fe5a99aa14	241
0127f7dd-7666-42cf-b126-29fe5a99aa14	156
0127f7dd-7666-42cf-b126-29fe5a99aa14	157
0127f7dd-7666-42cf-b126-29fe5a99aa14	242
0127f7dd-7666-42cf-b126-29fe5a99aa14	243
0127f7dd-7666-42cf-b126-29fe5a99aa14	272
0127f7dd-7666-42cf-b126-29fe5a99aa14	244
0127f7dd-7666-42cf-b126-29fe5a99aa14	138
0127f7dd-7666-42cf-b126-29fe5a99aa14	152
0127f7dd-7666-42cf-b126-29fe5a99aa14	150
0127f7dd-7666-42cf-b126-29fe5a99aa14	200
0127f7dd-7666-42cf-b126-29fe5a99aa14	245
0127f7dd-7666-42cf-b126-29fe5a99aa14	137
0127f7dd-7666-42cf-b126-29fe5a99aa14	145
0127f7dd-7666-42cf-b126-29fe5a99aa14	246
0127f7dd-7666-42cf-b126-29fe5a99aa14	247
f4b14c73-5511-4f4d-9566-40799b583e96	228
f4b14c73-5511-4f4d-9566-40799b583e96	229
f4b14c73-5511-4f4d-9566-40799b583e96	230
f4b14c73-5511-4f4d-9566-40799b583e96	231
f4b14c73-5511-4f4d-9566-40799b583e96	158
f4b14c73-5511-4f4d-9566-40799b583e96	159
f4b14c73-5511-4f4d-9566-40799b583e96	161
f4b14c73-5511-4f4d-9566-40799b583e96	203
f4b14c73-5511-4f4d-9566-40799b583e96	232
f4b14c73-5511-4f4d-9566-40799b583e96	273
f4b14c73-5511-4f4d-9566-40799b583e96	143
f4b14c73-5511-4f4d-9566-40799b583e96	141
f4b14c73-5511-4f4d-9566-40799b583e96	142
f4b14c73-5511-4f4d-9566-40799b583e96	233
f4b14c73-5511-4f4d-9566-40799b583e96	234
f4b14c73-5511-4f4d-9566-40799b583e96	134
f4b14c73-5511-4f4d-9566-40799b583e96	146
f4b14c73-5511-4f4d-9566-40799b583e96	133
f4b14c73-5511-4f4d-9566-40799b583e96	235
f4b14c73-5511-4f4d-9566-40799b583e96	147
f4b14c73-5511-4f4d-9566-40799b583e96	236
f4b14c73-5511-4f4d-9566-40799b583e96	237
f4b14c73-5511-4f4d-9566-40799b583e96	153
f4b14c73-5511-4f4d-9566-40799b583e96	238
f4b14c73-5511-4f4d-9566-40799b583e96	239
f4b14c73-5511-4f4d-9566-40799b583e96	240
f4b14c73-5511-4f4d-9566-40799b583e96	241
f4b14c73-5511-4f4d-9566-40799b583e96	156
f4b14c73-5511-4f4d-9566-40799b583e96	157
f4b14c73-5511-4f4d-9566-40799b583e96	242
f4b14c73-5511-4f4d-9566-40799b583e96	243
f4b14c73-5511-4f4d-9566-40799b583e96	272
f4b14c73-5511-4f4d-9566-40799b583e96	244
f4b14c73-5511-4f4d-9566-40799b583e96	138
f4b14c73-5511-4f4d-9566-40799b583e96	152
f4b14c73-5511-4f4d-9566-40799b583e96	150
f4b14c73-5511-4f4d-9566-40799b583e96	200
f4b14c73-5511-4f4d-9566-40799b583e96	245
f4b14c73-5511-4f4d-9566-40799b583e96	137
f4b14c73-5511-4f4d-9566-40799b583e96	145
f4b14c73-5511-4f4d-9566-40799b583e96	246
f4b14c73-5511-4f4d-9566-40799b583e96	247
493f103d-4f82-4531-9eef-eb8082439c5d	228
493f103d-4f82-4531-9eef-eb8082439c5d	229
493f103d-4f82-4531-9eef-eb8082439c5d	230
493f103d-4f82-4531-9eef-eb8082439c5d	231
493f103d-4f82-4531-9eef-eb8082439c5d	158
493f103d-4f82-4531-9eef-eb8082439c5d	159
6a5ad549-6f1f-41fc-813d-19dcc03174ca	238
6a5ad549-6f1f-41fc-813d-19dcc03174ca	239
6a5ad549-6f1f-41fc-813d-19dcc03174ca	240
6a5ad549-6f1f-41fc-813d-19dcc03174ca	241
6a5ad549-6f1f-41fc-813d-19dcc03174ca	156
6a5ad549-6f1f-41fc-813d-19dcc03174ca	157
6a5ad549-6f1f-41fc-813d-19dcc03174ca	242
6a5ad549-6f1f-41fc-813d-19dcc03174ca	243
6a5ad549-6f1f-41fc-813d-19dcc03174ca	272
6a5ad549-6f1f-41fc-813d-19dcc03174ca	244
6a5ad549-6f1f-41fc-813d-19dcc03174ca	138
6a5ad549-6f1f-41fc-813d-19dcc03174ca	152
6a5ad549-6f1f-41fc-813d-19dcc03174ca	150
6a5ad549-6f1f-41fc-813d-19dcc03174ca	200
6a5ad549-6f1f-41fc-813d-19dcc03174ca	245
6a5ad549-6f1f-41fc-813d-19dcc03174ca	137
6a5ad549-6f1f-41fc-813d-19dcc03174ca	145
6a5ad549-6f1f-41fc-813d-19dcc03174ca	246
6a5ad549-6f1f-41fc-813d-19dcc03174ca	247
24f8dcd0-1a12-403c-98f5-a2925672dc34	228
24f8dcd0-1a12-403c-98f5-a2925672dc34	229
24f8dcd0-1a12-403c-98f5-a2925672dc34	230
24f8dcd0-1a12-403c-98f5-a2925672dc34	231
24f8dcd0-1a12-403c-98f5-a2925672dc34	158
24f8dcd0-1a12-403c-98f5-a2925672dc34	159
24f8dcd0-1a12-403c-98f5-a2925672dc34	161
24f8dcd0-1a12-403c-98f5-a2925672dc34	203
24f8dcd0-1a12-403c-98f5-a2925672dc34	232
24f8dcd0-1a12-403c-98f5-a2925672dc34	273
24f8dcd0-1a12-403c-98f5-a2925672dc34	143
24f8dcd0-1a12-403c-98f5-a2925672dc34	141
24f8dcd0-1a12-403c-98f5-a2925672dc34	142
24f8dcd0-1a12-403c-98f5-a2925672dc34	233
24f8dcd0-1a12-403c-98f5-a2925672dc34	234
24f8dcd0-1a12-403c-98f5-a2925672dc34	134
24f8dcd0-1a12-403c-98f5-a2925672dc34	146
24f8dcd0-1a12-403c-98f5-a2925672dc34	133
24f8dcd0-1a12-403c-98f5-a2925672dc34	235
24f8dcd0-1a12-403c-98f5-a2925672dc34	147
24f8dcd0-1a12-403c-98f5-a2925672dc34	236
24f8dcd0-1a12-403c-98f5-a2925672dc34	237
24f8dcd0-1a12-403c-98f5-a2925672dc34	153
24f8dcd0-1a12-403c-98f5-a2925672dc34	238
24f8dcd0-1a12-403c-98f5-a2925672dc34	239
24f8dcd0-1a12-403c-98f5-a2925672dc34	240
24f8dcd0-1a12-403c-98f5-a2925672dc34	241
24f8dcd0-1a12-403c-98f5-a2925672dc34	156
24f8dcd0-1a12-403c-98f5-a2925672dc34	157
24f8dcd0-1a12-403c-98f5-a2925672dc34	242
24f8dcd0-1a12-403c-98f5-a2925672dc34	243
24f8dcd0-1a12-403c-98f5-a2925672dc34	272
24f8dcd0-1a12-403c-98f5-a2925672dc34	244
24f8dcd0-1a12-403c-98f5-a2925672dc34	138
24f8dcd0-1a12-403c-98f5-a2925672dc34	152
24f8dcd0-1a12-403c-98f5-a2925672dc34	150
24f8dcd0-1a12-403c-98f5-a2925672dc34	200
24f8dcd0-1a12-403c-98f5-a2925672dc34	245
24f8dcd0-1a12-403c-98f5-a2925672dc34	137
24f8dcd0-1a12-403c-98f5-a2925672dc34	145
24f8dcd0-1a12-403c-98f5-a2925672dc34	246
24f8dcd0-1a12-403c-98f5-a2925672dc34	247
e4c128fd-a700-4575-a2b9-865fb371cb37	228
e4c128fd-a700-4575-a2b9-865fb371cb37	229
e4c128fd-a700-4575-a2b9-865fb371cb37	230
e4c128fd-a700-4575-a2b9-865fb371cb37	231
e4c128fd-a700-4575-a2b9-865fb371cb37	158
e4c128fd-a700-4575-a2b9-865fb371cb37	159
e4c128fd-a700-4575-a2b9-865fb371cb37	161
e4c128fd-a700-4575-a2b9-865fb371cb37	203
e4c128fd-a700-4575-a2b9-865fb371cb37	232
e4c128fd-a700-4575-a2b9-865fb371cb37	273
e4c128fd-a700-4575-a2b9-865fb371cb37	143
e4c128fd-a700-4575-a2b9-865fb371cb37	141
e4c128fd-a700-4575-a2b9-865fb371cb37	142
e4c128fd-a700-4575-a2b9-865fb371cb37	233
e4c128fd-a700-4575-a2b9-865fb371cb37	234
e4c128fd-a700-4575-a2b9-865fb371cb37	134
e4c128fd-a700-4575-a2b9-865fb371cb37	146
e4c128fd-a700-4575-a2b9-865fb371cb37	133
e4c128fd-a700-4575-a2b9-865fb371cb37	235
e4c128fd-a700-4575-a2b9-865fb371cb37	147
e4c128fd-a700-4575-a2b9-865fb371cb37	236
e4c128fd-a700-4575-a2b9-865fb371cb37	237
e4c128fd-a700-4575-a2b9-865fb371cb37	153
e4c128fd-a700-4575-a2b9-865fb371cb37	238
e4c128fd-a700-4575-a2b9-865fb371cb37	239
e4c128fd-a700-4575-a2b9-865fb371cb37	240
e4c128fd-a700-4575-a2b9-865fb371cb37	241
e4c128fd-a700-4575-a2b9-865fb371cb37	156
e4c128fd-a700-4575-a2b9-865fb371cb37	157
e4c128fd-a700-4575-a2b9-865fb371cb37	242
e4c128fd-a700-4575-a2b9-865fb371cb37	243
e4c128fd-a700-4575-a2b9-865fb371cb37	272
e4c128fd-a700-4575-a2b9-865fb371cb37	244
e4c128fd-a700-4575-a2b9-865fb371cb37	138
e4c128fd-a700-4575-a2b9-865fb371cb37	152
e4c128fd-a700-4575-a2b9-865fb371cb37	150
e4c128fd-a700-4575-a2b9-865fb371cb37	200
e4c128fd-a700-4575-a2b9-865fb371cb37	245
e4c128fd-a700-4575-a2b9-865fb371cb37	137
e4c128fd-a700-4575-a2b9-865fb371cb37	145
e4c128fd-a700-4575-a2b9-865fb371cb37	246
e4c128fd-a700-4575-a2b9-865fb371cb37	247
493f103d-4f82-4531-9eef-eb8082439c5d	161
493f103d-4f82-4531-9eef-eb8082439c5d	203
493f103d-4f82-4531-9eef-eb8082439c5d	232
493f103d-4f82-4531-9eef-eb8082439c5d	273
493f103d-4f82-4531-9eef-eb8082439c5d	143
493f103d-4f82-4531-9eef-eb8082439c5d	141
493f103d-4f82-4531-9eef-eb8082439c5d	142
493f103d-4f82-4531-9eef-eb8082439c5d	233
493f103d-4f82-4531-9eef-eb8082439c5d	234
493f103d-4f82-4531-9eef-eb8082439c5d	134
493f103d-4f82-4531-9eef-eb8082439c5d	146
493f103d-4f82-4531-9eef-eb8082439c5d	133
493f103d-4f82-4531-9eef-eb8082439c5d	235
493f103d-4f82-4531-9eef-eb8082439c5d	147
493f103d-4f82-4531-9eef-eb8082439c5d	236
493f103d-4f82-4531-9eef-eb8082439c5d	237
493f103d-4f82-4531-9eef-eb8082439c5d	153
493f103d-4f82-4531-9eef-eb8082439c5d	238
493f103d-4f82-4531-9eef-eb8082439c5d	239
493f103d-4f82-4531-9eef-eb8082439c5d	240
493f103d-4f82-4531-9eef-eb8082439c5d	241
493f103d-4f82-4531-9eef-eb8082439c5d	156
493f103d-4f82-4531-9eef-eb8082439c5d	157
493f103d-4f82-4531-9eef-eb8082439c5d	242
493f103d-4f82-4531-9eef-eb8082439c5d	243
493f103d-4f82-4531-9eef-eb8082439c5d	272
493f103d-4f82-4531-9eef-eb8082439c5d	244
493f103d-4f82-4531-9eef-eb8082439c5d	138
493f103d-4f82-4531-9eef-eb8082439c5d	152
493f103d-4f82-4531-9eef-eb8082439c5d	150
493f103d-4f82-4531-9eef-eb8082439c5d	200
493f103d-4f82-4531-9eef-eb8082439c5d	245
493f103d-4f82-4531-9eef-eb8082439c5d	137
493f103d-4f82-4531-9eef-eb8082439c5d	145
493f103d-4f82-4531-9eef-eb8082439c5d	246
493f103d-4f82-4531-9eef-eb8082439c5d	247
6efcbce4-9bb0-4e58-8b5a-021e3dcab2c1	228
6efcbce4-9bb0-4e58-8b5a-021e3dcab2c1	229
6efcbce4-9bb0-4e58-8b5a-021e3dcab2c1	230
6efcbce4-9bb0-4e58-8b5a-021e3dcab2c1	231
6efcbce4-9bb0-4e58-8b5a-021e3dcab2c1	158
6efcbce4-9bb0-4e58-8b5a-021e3dcab2c1	159
6efcbce4-9bb0-4e58-8b5a-021e3dcab2c1	161
6efcbce4-9bb0-4e58-8b5a-021e3dcab2c1	203
6efcbce4-9bb0-4e58-8b5a-021e3dcab2c1	232
6efcbce4-9bb0-4e58-8b5a-021e3dcab2c1	273
6efcbce4-9bb0-4e58-8b5a-021e3dcab2c1	143
6efcbce4-9bb0-4e58-8b5a-021e3dcab2c1	141
6efcbce4-9bb0-4e58-8b5a-021e3dcab2c1	142
6efcbce4-9bb0-4e58-8b5a-021e3dcab2c1	233
6efcbce4-9bb0-4e58-8b5a-021e3dcab2c1	234
6efcbce4-9bb0-4e58-8b5a-021e3dcab2c1	134
6efcbce4-9bb0-4e58-8b5a-021e3dcab2c1	146
6efcbce4-9bb0-4e58-8b5a-021e3dcab2c1	133
6efcbce4-9bb0-4e58-8b5a-021e3dcab2c1	235
6efcbce4-9bb0-4e58-8b5a-021e3dcab2c1	147
6efcbce4-9bb0-4e58-8b5a-021e3dcab2c1	236
6efcbce4-9bb0-4e58-8b5a-021e3dcab2c1	237
6efcbce4-9bb0-4e58-8b5a-021e3dcab2c1	153
6efcbce4-9bb0-4e58-8b5a-021e3dcab2c1	238
6efcbce4-9bb0-4e58-8b5a-021e3dcab2c1	239
6efcbce4-9bb0-4e58-8b5a-021e3dcab2c1	240
6efcbce4-9bb0-4e58-8b5a-021e3dcab2c1	241
6efcbce4-9bb0-4e58-8b5a-021e3dcab2c1	156
6efcbce4-9bb0-4e58-8b5a-021e3dcab2c1	157
6efcbce4-9bb0-4e58-8b5a-021e3dcab2c1	242
6efcbce4-9bb0-4e58-8b5a-021e3dcab2c1	243
6efcbce4-9bb0-4e58-8b5a-021e3dcab2c1	272
6efcbce4-9bb0-4e58-8b5a-021e3dcab2c1	244
6efcbce4-9bb0-4e58-8b5a-021e3dcab2c1	138
6efcbce4-9bb0-4e58-8b5a-021e3dcab2c1	152
6efcbce4-9bb0-4e58-8b5a-021e3dcab2c1	150
6efcbce4-9bb0-4e58-8b5a-021e3dcab2c1	200
6efcbce4-9bb0-4e58-8b5a-021e3dcab2c1	245
6efcbce4-9bb0-4e58-8b5a-021e3dcab2c1	137
6efcbce4-9bb0-4e58-8b5a-021e3dcab2c1	145
6efcbce4-9bb0-4e58-8b5a-021e3dcab2c1	246
6efcbce4-9bb0-4e58-8b5a-021e3dcab2c1	247
d473c7de-6405-487e-b74c-bdfe590e20bc	228
d473c7de-6405-487e-b74c-bdfe590e20bc	229
d473c7de-6405-487e-b74c-bdfe590e20bc	230
d473c7de-6405-487e-b74c-bdfe590e20bc	231
d473c7de-6405-487e-b74c-bdfe590e20bc	158
d473c7de-6405-487e-b74c-bdfe590e20bc	159
d473c7de-6405-487e-b74c-bdfe590e20bc	161
d473c7de-6405-487e-b74c-bdfe590e20bc	203
d473c7de-6405-487e-b74c-bdfe590e20bc	232
d473c7de-6405-487e-b74c-bdfe590e20bc	273
d473c7de-6405-487e-b74c-bdfe590e20bc	143
d473c7de-6405-487e-b74c-bdfe590e20bc	141
d473c7de-6405-487e-b74c-bdfe590e20bc	142
d473c7de-6405-487e-b74c-bdfe590e20bc	233
d473c7de-6405-487e-b74c-bdfe590e20bc	234
d473c7de-6405-487e-b74c-bdfe590e20bc	134
d473c7de-6405-487e-b74c-bdfe590e20bc	146
d473c7de-6405-487e-b74c-bdfe590e20bc	133
d473c7de-6405-487e-b74c-bdfe590e20bc	235
d473c7de-6405-487e-b74c-bdfe590e20bc	147
d473c7de-6405-487e-b74c-bdfe590e20bc	236
d473c7de-6405-487e-b74c-bdfe590e20bc	237
d473c7de-6405-487e-b74c-bdfe590e20bc	153
d473c7de-6405-487e-b74c-bdfe590e20bc	238
d473c7de-6405-487e-b74c-bdfe590e20bc	239
d473c7de-6405-487e-b74c-bdfe590e20bc	240
d473c7de-6405-487e-b74c-bdfe590e20bc	241
d473c7de-6405-487e-b74c-bdfe590e20bc	156
d473c7de-6405-487e-b74c-bdfe590e20bc	157
d473c7de-6405-487e-b74c-bdfe590e20bc	242
d473c7de-6405-487e-b74c-bdfe590e20bc	243
d473c7de-6405-487e-b74c-bdfe590e20bc	272
d473c7de-6405-487e-b74c-bdfe590e20bc	244
d473c7de-6405-487e-b74c-bdfe590e20bc	138
d473c7de-6405-487e-b74c-bdfe590e20bc	152
d473c7de-6405-487e-b74c-bdfe590e20bc	150
d473c7de-6405-487e-b74c-bdfe590e20bc	200
d473c7de-6405-487e-b74c-bdfe590e20bc	245
d473c7de-6405-487e-b74c-bdfe590e20bc	137
d473c7de-6405-487e-b74c-bdfe590e20bc	145
d473c7de-6405-487e-b74c-bdfe590e20bc	246
d473c7de-6405-487e-b74c-bdfe590e20bc	247
\.


--
-- Data for Name: volunteers; Type: TABLE DATA; Schema: public; Owner: malob
--

COPY public.volunteers (id, first_name, last_name, email, address, phone_number, volunteer_type) FROM stdin;
f1f89103-9492-40ec-be4b-3dab4ac2d3d7	Bastien	Garcia	garciabastien1998@gmail.com	6 rue du capitaine de vaisseau pierre renon 29200 brest	0668259208	Specialise
381c7d83-093e-4307-bfeb-b355dc32ffe4	Anne	Perrot	anneledantec29@gmail.com	7 residence du chateau d'eau 2970 landeda	0786328409	Specialise
c3ee5e1e-4b3c-4599-8548-5ffb26a8f231	Gwenael	Mahe	gwenaelmahe24@gmail.com	2 residence du chateau d eau 29870 landeda	0664512999	Specialise
661bd48f-27e9-429e-894f-c49bbe00aa71	Paule	Kerouanton	pauleker@yahoo.fr	13 rue victor hugo	0685170846	Specialise
3ff5ffc0-4a27-489e-b177-5999aeb17453	Caroline	Mahe	caromiwen@gmail.com	2 residence du chateau d'eau	0651006134	Specialise
d8490c4b-eb3e-409b-9bef-5f487eac0cb4	Jacqueline	Calvez	j.calvez@wanadoo.fr	2 mezglaz	689808388	Normal
cd03fd9c-00ab-4c26-ab40-befa023efa30	Perrine	Larvol-Simon	perrine@larvol-simon.fr	8 allee edith piaf 29000 quimper	0609935444	Specialise
f75c7a6f-2f74-449d-b2fc-122557c7031d	Christophe	Mahe	christophe_mahe_9@hotmail.com	12 rue de kerzavid 29217 plougonvelin	0661445626	Specialise
ebc9b29b-f659-41f0-b1f6-240307e388be	Enora	Jolivet	enora.jolivet@gmail.com	12 rue de kerzavid 29217 plougonvelin	0688742084	Specialise
72d1f19d-7a6a-48f4-9116-16e45e3eb1d9	Ninon	Ferrec	frc.ninon@gmail.com	29850	0728609823	Normal
b1b5b015-d1da-4574-8f00-cbf1b69c5d0c	Thomas	Bail	thomas.bail009@gmail.com	11 rue louis pasteur	0674853144	Normal
14172b45-22e7-4f76-bce3-75c3461bebd7	Youn	Brigaudeau	youn.brigaudeau@laposte.net	227 rue augustin morvan 29860 plouvien	0670347094	Normal
fbd92b85-d0d3-4f0c-a45c-e801e0affa2c	Claire	Peron	claireperon.cp@gmail.com	18 lotissement du coadic loperhet 29470	0783775157	Normal
f22c8b8e-1f9c-4c89-9732-490628b4638e	Damien	Jaupitre	damino076@yahoo.fr	139 kroaz ar barz	637372522	Normal
98cb6e10-5ec1-4c95-905b-573acc0e693b	Kimberley	Charles	charles.kimberley00@gmail.com	centre ville brest	0783691218	Normal
f99a934c-4209-42df-b9c4-42e96df716db	Lola	Resmond	lola.resmond@proton.me	24 bis route de hanvec 29460 irvillac	0638931853	Normal
5e7e0b8c-ccc5-48b6-95bf-940a25ccd1dd	Chloe	Ancedy	chloeanc29@gmail.com	29870	0660317272	Normal
20ad0732-4a9f-4985-a30d-d193ae9150be	Stefen	Guibon	stefengb29@gmail.com	25 rue du rempart 29200 brest	0761882576	Normal
3ab86878-36b5-460f-b898-b3a2579a70c8	Enora	Le Henaff	enorallh@gmail.com	7 rue abbe francois lainez 29830 plourin	0783224848	Normal
25752212-a8ab-4ed2-9aaf-af08c0ae6655	Jerome	Follet	jayjaybzh@gmail.com	200 ar vourch 29870 landeda	0630563144	Normal
313cf46f-dba0-4e4c-855c-ff5ef4db08a6	Florie	Chauvin	florie.chauvin@laposte.net	20 bis rue vauban, 29200 brest	0624346651	Normal
72afe6f3-2973-4839-a9f2-868a8d19ff03	Edith	Folet	diditpz@hotmail.fr	29870	0681613347	Normal
ec562f72-f48f-46b7-a65e-ca76f66ac1e4	Francoise	Le Goff	francoise.morgane@orange.frf	163 kerhuelgwenn 29870 landeda	0699657430	Normal
caf5bbf7-262f-44fa-a356-b93f192b81b4	Oceane	Grignou	grignouoceane72@gmail.com	29260	0783740842	Normal
16437cac-04c8-4782-b574-d52d922e88ba	Ines	Bonnafous	bonnafousines2602@gmail.comb	14 rue de cherbourg 29200 brest	0688337093	Normal
62df3a66-0d80-4162-a0e3-2f61d942572c	Solene	Tygreat	solene.tygreat@gmail.com	29490	0616171991	Normal
6ef0cfaf-d8e3-4d88-bed7-517dcacaf8e8	Gael	Hamon	gwezheneg.hamon@laposte.net	6 rue du pourquoi pas	0637867816	Normal
7573745b-b9ee-4067-b6b4-1185ca49264f	Rachel	Bodenes	anmaga29@gmail.com	1 residence du chateau d’eau	068663528	Normal
05ada3d9-a594-4fd4-85da-785c99bab253	Renaud	Fave	renaud.fave@gmail.com	13 rue victor hugo	0649609276	Normal
793e6f29-46ef-4d5a-b82a-bef2e0262c7a	Emma	Kerdraon	kerdraonemma@gmail.com	kernogant milizac 29290	+33677755242	Normal
8c90d2d0-ad13-42bc-8807-a8597cb7a42c	Mathurin	Sans	mathsans56@gmail.com	29200	0768159655	Normal
8f2c47c7-37c8-4a3a-b340-ef6d635f2254	Cathy	Coustance	coustance.family@free.fr	734 ar mean, landeda	0681363092	Normal
b409f5f4-ae5a-4d64-9846-01ea83738655	Katia	Gouzien	gouzienkatia@hotmail.com	117 kroaz ar person	0659311166	Normal
1dfc3674-4b48-40c3-acef-51e06a8bfe3a	Ronan	Gouzien	lesabers@cegetel.net	117 kroaz ar person 29870 landeda	0650610134	Normal
8591dc39-238e-4147-9a9e-fc63cd1b420c	Florence	Daigneau	florence.daigneau@orange.fr	36 mezglaz	671459402	Specialise
aa1ebcf3-cd53-4101-b470-21bad02e1a01	Noemi	Uboldi	noemicharlotteuboldi@gmail.com	via trento 14, fino mornasco, como, it	+393425306222	Normal
0b5cd8e4-717e-4de6-90a8-0f714b978383	Lucie	Deck	deck.lucie@gmail.com	kerveguen 29242 ouessant	0669110679	Normal
c9f0e75c-f281-421a-aa0c-64751440203b	Alexei	Ragueneau	alexeiragueneau29@gmail.com	rue de lesminily 29217 plougonvelin	+33 7 88 58 04 39	Normal
2ca9ae32-43c1-40b8-af57-cda5f94aee20	Maelys	Estanez	maelys1509@gmail.com	13 rue louis pasteur	0788356506	Normal
ccfbfd05-424e-4545-b69c-a09e7633819b	Anne	Dilis	annedilis29@gmail.com	90 lotissement du phare 29880 plouguerneau	0630411731	Normal
a38560db-1cc6-46aa-99fb-a96f07d4d3f7	Anthony	Voisin	anthonyvoisin@orange.fr	43 rue pierre loti	0678716862	Specialise
17bb5c9d-52c0-4ffb-8f7d-798b2adf0005	Frederig	Le Deun	frederigtyroom@gmail.com	atelier ty room 220 ar palud landeda	0662275156	Specialise
d5caa154-d2af-4ad5-a577-434a4c5eac35	Marie	Folley	marie.folley2@gmail.com	176 kerenog 29870 landeda	0652848315	Specialise
7054d05d-31dc-47d0-96d9-86837c967e87	Ivan	Salaun	ivansalaun@gmail.com	10 rue amiral linois	0788879969	Normal
6e365845-a7fc-430d-9566-68076e06aed9	Theo	Guyader	theo.guyader29@gmail.com	10 rue amiral linois	0781072620	Normal
af43a431-d50e-436a-94e6-47ca62a074a3	Odile	Le Goff-Moreau	odilemoreau9@gmail.com	18 rue amiral bouvet 56100 lorient	686127296	Normal
1bf49031-ad63-4dce-9eff-92901a34a0dc	Pierre	Prigent	pierre.prigent3529@gmail.com	6 rue de nice	0646011121	Normal
9eaf1a52-9aa0-4d89-9185-cf70c37cf19e	Antoine	Chapalain	antoine.chapalain29170@gmail.com	2 rue yves talarmain 29830 ploudalmezeau	0648970794	Normal
0b1c89e2-d266-43c9-9966-187634e68b2e	Estelle	Heurlin	estelle.heurlin@orange.fr	7 rue max fauchon brest	645002805	Normal
5435f11f-3a1d-4137-8438-9a58839d2700	Stefan	Blond	stefan.blond06@gmail.com	7 rue du docteur bouquet brest	670000000	Normal
f8562cdd-dced-4d90-a549-fdede5533797	Erwann	Bebin Le Torc'H	erwann.beto@gmail.com	10 rue des ormes, redon 35600	667423717	Normal
14478f23-9fca-4242-8654-51e5021f34c3	Gregory	Moreau	gmoreau.callo@gmail.com	3 rue lieutenant de vaisseau paris 29200 brest	0780406803	Normal
b34ad9be-cf12-4577-83a4-70d97011a9dc	Gwennaig	Goasduff	gwennaig.goasduff@laposte.net	311 kroaz ar barz	0604031653	Specialise
6349d1de-dc8a-4641-8ee3-858da18fb32f	Vautier	Vautier	mvautierlmm@gmail.com	160 ti korn	0759596662	Normal
df58a45f-fb32-4235-a7a0-e16c25b3124f	Mailys	Roux	mailysroux01@gmail.com	10 rue ducouedic 29200 brest	0611607266	Normal
644715f3-1418-4847-aded-cb474ea7547a	Sofi	Le Guen	soflarouge@orange.fr	442 lieu-dit mezedern 29870 landeda	0664802466	Normal
80c0db99-91c6-4ff7-b990-34dc1c434d41	Pacome	Lambert	pacomelambert@hotmail.com	29880	0679661407	Normal
b64b22fa-5672-4454-8482-533ca3405c75	Maina	Quezede	maina.quezede@wanadoo.fr	4 kervern ker saint plabennec	0786159102	Specialise
a2c33b51-f7a3-4d96-9ca3-3125b45fe870	Claudie	Kerdraon	claudie.kerdraon@gmail.com	151 stread glaz 29870 landeda	0698598552	Normal
e3607055-7718-4126-ace7-99a91058580b	Marie	Prigent	marieprigent260211@gmail.com	10 lohoden 29870 landeda	0782795928	Normal
5564bd69-c445-4a75-8ed0-0b130f52f15a	Julien	Gouge	julien.gouge29@gmail.com	40 rue de paris, 29200 brest, france	0781190377	Specialise
f8438f9a-c632-4820-94dd-239b0ceda84b	Yann	Dupuy	yann.dupuy@outlook.fr	16 rue jeff le penven	0673497446	Specialise
219a190f-283e-4d53-a51b-a2f7d40aa881	Elea	Dheilly	elea.dheilly@gmail.com	60 rue george lacroix brest	0610382887	Normal
884832b1-d07c-4c5e-9441-468d9b6a98e1	Yann	Le Masson	yann.lemasson33@gmail.com	11 rue herri leon, 29200 brest	0608541722	Normal
4eb3f3ae-5abd-476e-942a-6957b44cd0d8	Eva	Martin	evaaa.martin@gmail.com	19 rue dante alighieri	0647875155	Normal
e2661489-15b2-4a5c-bb78-216dc8eb6700	Emma	Tavernier	emma.tavernier29@icloud.com	29800	0783852045	Normal
80d387a5-f602-4370-96cb-4e187274dc38	Marie-Annick	Treguer	ma-na-ma@hotmail.fr	289 kervenni landeda	676718994	Normal
8f7df7d8-40bd-4164-bb99-77439a4c0b9e	Soukaina	Boughaba	skna.boughaba@gmail.com	299 rue garibaldi 69007 lyon	781709714	Normal
621d7d7d-ac97-49c6-b929-3ccd448ce957	Pierre	Chauveau	chauveaupierre.p@gmail.com	1 rue du chateau d'eau crozon 29160	0678738222	Normal
19b24f31-5529-478b-9b0f-d6da1d189297	Luc	Chacun	arlette.chacun@laposte.net	22 keriounan 29870 treglonou	663523976	Specialise
3378236e-4696-4006-a4ca-74ed3bef08cc	Gyda	Fenn-Moltu	gyda.fenn-moltu@proton.me	60 rue georges lacroix	0745062527	Normal
abe84afc-79cf-41a6-8cd4-508c06210b92	Caitlin	Keller	caitlin.keller99@gmail.com	51 bis rue dupont des loges	0769185672	Normal
b1a9c83f-530d-4ed3-a344-539c6ce197bd	Marvyn	Moulin	moulinmarvyn@gmail.com	29 rue du docteur morvan	0766254725	Normal
4e091d3a-5b1f-4527-a718-41cd7b9f635f	Christine	Bodenes	bodenes-pinatel@wanadoo.fr	80 keravel broennou 29870 landeda	0651442460	Normal
10046744-4845-4723-b81c-a7fc5bfa477a	Carla	Falhun	carla.falhun@gmail.com	14 rue du petit paris saint renan	0782499064	Normal
35948875-1a26-4afa-9285-ea9ba7d3036f	Rebecca	Bellec	rebeccabellec@gmail.com	131 le diouris 29880 plouguerneau	0661070761	Specialise
ee1057b2-3eae-445e-b1e9-a34f64eed053	Antoine	Durieux	antoine.drx.durieux@gmail.com	19 rue duguay trouin	0666831944	Normal
94a91f30-31fd-4f0b-bab8-52e27ab7003e	Gregory	Thoreux	gregy.974@gmail.com	69 avenue de la choliere	0768629808	Normal
a3569ef2-2a84-4620-9882-7ed1fef3992b	Juliette	Haumont	juliette.haumont@hotmail.fr	8 boulevard commandant mouchotte, 29200 brest	0769876895	Specialise
ee89a523-133b-4928-8e62-1c2e80126981	Christelle	Lerouge	clerouge4@gmail.com	80 rue mezedern	0676964527	Normal
fa8f33dc-ab46-4967-838b-2d2e8525272f	Clara	Debuissons	debuissons.clara@gmail.com	8 allee aline landais 35000 rennes	0699334670	Normal
80e814de-d5fa-4185-8661-00203227ad4b	Titouan	Lescop	titouan.lescop@wanadoo.fr	29200	0649804088	Normal
977d348e-9c6a-4016-b97e-9471d1ca2cc8	Cyrille	Dupuis	cyrille_dupuis@yahoo.fr	91 lieu dit prad al lann	0632588832	Specialise
cc6cd962-a74f-4da0-b924-982627fc1ee3	Fictif 1	Fictif	fictif1@gmail.com	1 rue de l’adresse	1000000000	Normal
23dab20b-3a12-46ab-8724-5b21b6c7f540	Fictif 3	Fictif	fictif3@gmail.com	1 rue de l’adresse	1000000000	Normal
11945d73-1042-4137-969a-674f12594e0e	Fictif 5	Fictif	fictif5@gmail.com	1 rue de l’adresse	1000000000	Normal
7a600c15-ddfa-4e2e-9d13-89fd1ce21b41	Fictif 7	Fictif	fictif7@gmail.com	1 rue de l’adresse	1000000000	Normal
92162b06-d352-4ee1-bc37-0102560e4e51	Fictif 9	Fictif	fictif9@gmail.com	1 rue de l’adresse	1000000000	Normal
ebdd2ce9-8c0b-48f2-ac04-c6ee847533a1	Fictif 11	Fictif	fictif11@gmail.com	1 rue de l’adresse	1000000000	Normal
769a5a56-628b-4603-a091-b161bb00ed31	Fictif 13	Fictif	fictif13@gmail.com	1 rue de l’adresse	1000000000	Normal
3321bf94-72b1-49f4-b9dd-efdcd0ce60ee	Fictif 15	Fictif	fictif15@gmail.com	1 rue de l’adresse	1000000000	Normal
76b95f28-ff04-42d6-9b23-f3d129019ebc	Fictif 17	Fictif	fictif17@gmail.com	1 rue de l’adresse	1000000000	Normal
2348c974-6d13-401b-be79-dbd4c4e13036	Fictif 19	Fictif	fictif19@gmail.com	1 rue de l’adresse	1000000000	Normal
cd67c910-afbe-4775-a754-1efc698fad3f	Fictif 21	Fictif	fictif21@gmail.com	1 rue de l’adresse	1000000000	Normal
02877ffb-6f69-4964-85a2-c2cede8a0189	Fictif 23	Fictif	fictif23@gmail.com	1 rue de l’adresse	1000000000	Normal
fe96cbed-ccce-46ef-b3d9-36c87a54e816	Fictif 25	Fictif	fictif25@gmail.com	1 rue de l’adresse	1000000000	Normal
6e8f6b9d-9adc-414d-9c4f-0d6e8abfd2e8	Fictif 27	Fictif	fictif27@gmail.com	1 rue de l’adresse	1000000000	Normal
0127f7dd-7666-42cf-b126-29fe5a99aa14	Fictif 29	Fictif	fictif29@gmail.com	1 rue de l’adresse	1000000000	Normal
f4b14c73-5511-4f4d-9566-40799b583e96	Fictif 31	Fictif	fictif31@gmail.com	1 rue de l’adresse	1000000000	Normal
493f103d-4f82-4531-9eef-eb8082439c5d	Fictif 33	Fictif	fictif33@gmail.com	1 rue de l’adresse	1000000000	Normal
6efcbce4-9bb0-4e58-8b5a-021e3dcab2c1	Fictif 35	Fictif	fictif35@gmail.com	1 rue de l’adresse	1000000000	Normal
d473c7de-6405-487e-b74c-bdfe590e20bc	Fictif 37	Fictif	fictif37@gmail.com	1 rue de l’adresse	1000000000	Normal
612182a8-c739-467f-bf23-da2e7c997fa9	Charron	Lea	leacharron@gmail.com	30, rue jules guesde	je n'ai pas whatsapp...	Specialise
350246cf-85e3-41ea-9402-808a86891988	Erell	Seach	erellseach1@icloud.com	65 kervenni landeda	0637190415	Normal
e883a076-2836-4283-8928-c5502ca4fff7	Emma	Le Gall	emmalegall29200@gmail.com	7bis avenue du chateau locmaria plouzane	0633692585	Normal
e7575b6f-3ff6-4fd8-a3d9-7462fb446170	Virginie	Chaput	chaput.virginie@gmail.com	105 rue du bourbonnais 69009 lyon	672195704	Normal
b0651e44-0083-4733-9310-e2dad0fe5403	Alizee	Domange	alizee.domange@gmail.com	3 rue de la tullaye 44300 nantes	0645118629	Normal
b16331ad-1bbd-46ca-9b3f-de147007d69e	Tiziana	Tolu	tolu-tiziana@live.fr	29360	0625219038	Normal
c336a3c6-0370-4560-9031-8e8fc4849d69	Tom	Rocand	trocand@gmail.com	86 a route des 4 moulins, 85300 sallertaine	0764025561	Normal
943da25d-a6fc-4f98-96cb-73a14356dae4	Maxence	Menguy	menguymaxence35@gmail.com	64b rue papu	0635962150	Normal
1e791b25-684e-4069-92be-e821e66cf108	Violette	Larrieu	larrieuviolette@gmail.com	16 rue ernest renan, 29200 brest	0695666631	Normal
d91322ca-542d-45ca-b262-6db74ba7a859	Ven	Pencrech	pencrech.contact@gmail.com	29480	0769643324	Normal
4873aeeb-5519-4c2e-955a-b9b61a076cb3	Lena	Guenneugues	lena.guenneugues@orange.fr	29200	0638563081	Normal
b30d30df-1de3-4ed1-969f-779ac663dcf1	Nicola	Nield	nicolaglassby@hotmail.com	40 kergoungan, 29870 landeda	0677872301	Specialise
72bf3e9e-43e5-415a-80d1-75d240036ff4	Manon	Guim	moicman@gmail.com	35000	0675052341	Normal
410cb24a-dbb5-41c4-8507-eb9329968cbe	Fabien	Angibaud	fabienangibaud@orange.fr	5 rue descartes	0606935468	Normal
8489e93b-336d-4cae-a93d-5f28121995a1	Patrick	Maony	patrick.maony@gmail.com	44 ter rue yves collet - 29200 brest	0626880757	Normal
cab7ab67-16b8-4aab-b97c-afb82ad4c300	Laurie	Orain	laurie.orain@hotmail.fr	19 rue guillaume balay 29600 morlaix	0632977873	Specialise
20ee5a19-dab6-44f9-ac5e-3730ccbba261	Justine	Lazennec	lazennecju@gmail.com	29200	0754831888	Normal
809364a4-0940-4009-a7b5-aa1a9252a6a6	Jean-Pierre	Delaby	diaoul@ik.me	452 gorrequear coum lannilis	0687739640	Specialise
816f0ab6-2b94-4ab4-b6b0-c56ab917a366	Solenn	Riou	solennriou@hotmail.com	91 prad al lann landeda	0617501267	Specialise
c696436b-f37e-4774-bbd9-f46456911ca5	Fictif 2	Fictif	fictif2@gmail.com	1 rue de l’adresse	1000000000	Normal
e5adda06-5ce8-4c7e-a4e3-2be082f1d601	Fictif 4	Fictif	fictif4@gmail.com	1 rue de l’adresse	1000000000	Normal
e3c0c4a1-06ff-4087-9e09-36c52533dd0e	Fictif 6	Fictif	fictif6@gmail.com	1 rue de l’adresse	1000000000	Normal
f3e5bf32-0235-4fcd-addb-4b70ac5fc31c	Fictif 8	Fictif	fictif8@gmail.com	1 rue de l’adresse	1000000000	Normal
c476c560-362e-4e0d-bdf7-41159f5c6228	Fictif 10	Fictif	fictif10@gmail.com	1 rue de l’adresse	1000000000	Normal
5de947e4-a507-4f10-a87c-6f2b8cc30477	Fictif 12	Fictif	fictif12@gmail.com	1 rue de l’adresse	1000000000	Normal
cb8e78ce-084b-410f-b329-8debcde73c7c	Fictif 14	Fictif	fictif14@gmail.com	1 rue de l’adresse	1000000000	Normal
abe6a74f-a60e-41c8-86f8-e1f21f174659	Fictif 16	Fictif	fictif16@gmail.com	1 rue de l’adresse	1000000000	Normal
a58398c9-3ab4-4134-87b5-6e38fa800691	Fictif 18	Fictif	fictif18@gmail.com	1 rue de l’adresse	1000000000	Normal
d346ee21-c681-47da-b93e-7e5cbd283ccb	Fictif 20	Fictif	fictif20@gmail.com	1 rue de l’adresse	1000000000	Normal
79509a4e-fb26-465f-8dbc-2c5e4e9841d4	Fictif 22	Fictif	fictif22@gmail.com	1 rue de l’adresse	1000000000	Normal
5921450c-c367-4cfa-b7da-e0154702334c	Fictif 24	Fictif	fictif24@gmail.com	1 rue de l’adresse	1000000000	Normal
d6086b6e-ec7b-49f8-856e-965a69217119	Fictif 26	Fictif	fictif26@gmail.com	1 rue de l’adresse	1000000000	Normal
0e888165-f2c7-490f-ba16-9afd9ae97d2b	Fictif 28	Fictif	fictif28@gmail.com	1 rue de l’adresse	1000000000	Normal
d5325532-6c9c-489d-84da-847f7034b466	Fictif 30	Fictif	fictif30@gmail.com	1 rue de l’adresse	1000000000	Normal
6a5ad549-6f1f-41fc-813d-19dcc03174ca	Fictif 32	Fictif	fictif32@gmail.com	1 rue de l’adresse	1000000000	Normal
24f8dcd0-1a12-403c-98f5-a2925672dc34	Fictif 34	Fictif	fictif34@gmail.com	1 rue de l’adresse	1000000000	Normal
e4c128fd-a700-4575-a2b9-865fb371cb37	Fictif 36	Fictif	fictif36@gmail.com	1 rue de l’adresse	1000000000	Normal
6da43cf5-2a09-4a4a-a378-533d8432d654	Malo	Le Guellec	malo.babinot@gmail.com	65 boulevard laennec, 56100 lorient	0785167029	Normal
\.


--
-- Data for Name: volunteers_mates; Type: TABLE DATA; Schema: public; Owner: malob
--

COPY public.volunteers_mates (volunteer_id, mate_id) FROM stdin;
c3ee5e1e-4b3c-4599-8548-5ffb26a8f231	f75c7a6f-2f74-449d-b2fc-122557c7031d
d8490c4b-eb3e-409b-9bef-5f487eac0cb4	8591dc39-238e-4147-9a9e-fc63cd1b420c
f75c7a6f-2f74-449d-b2fc-122557c7031d	ebc9b29b-f659-41f0-b1f6-240307e388be
ebc9b29b-f659-41f0-b1f6-240307e388be	f75c7a6f-2f74-449d-b2fc-122557c7031d
72d1f19d-7a6a-48f4-9116-16e45e3eb1d9	fa8f33dc-ab46-4967-838b-2d2e8525272f
b1b5b015-d1da-4574-8f00-cbf1b69c5d0c	7054d05d-31dc-47d0-96d9-86837c967e87
b1b5b015-d1da-4574-8f00-cbf1b69c5d0c	98cb6e10-5ec1-4c95-905b-573acc0e693b
b1b5b015-d1da-4574-8f00-cbf1b69c5d0c	20ad0732-4a9f-4985-a30d-d193ae9150be
98cb6e10-5ec1-4c95-905b-573acc0e693b	20ad0732-4a9f-4985-a30d-d193ae9150be
f99a934c-4209-42df-b9c4-42e96df716db	5e7e0b8c-ccc5-48b6-95bf-940a25ccd1dd
5e7e0b8c-ccc5-48b6-95bf-940a25ccd1dd	f99a934c-4209-42df-b9c4-42e96df716db
20ad0732-4a9f-4985-a30d-d193ae9150be	7054d05d-31dc-47d0-96d9-86837c967e87
20ad0732-4a9f-4985-a30d-d193ae9150be	98cb6e10-5ec1-4c95-905b-573acc0e693b
20ad0732-4a9f-4985-a30d-d193ae9150be	b1b5b015-d1da-4574-8f00-cbf1b69c5d0c
25752212-a8ab-4ed2-9aaf-af08c0ae6655	d5caa154-d2af-4ad5-a577-434a4c5eac35
25752212-a8ab-4ed2-9aaf-af08c0ae6655	72afe6f3-2973-4839-a9f2-868a8d19ff03
72afe6f3-2973-4839-a9f2-868a8d19ff03	d5caa154-d2af-4ad5-a577-434a4c5eac35
72afe6f3-2973-4839-a9f2-868a8d19ff03	72afe6f3-2973-4839-a9f2-868a8d19ff03
16437cac-04c8-4782-b574-d52d922e88ba	313cf46f-dba0-4e4c-855c-ff5ef4db08a6
7573745b-b9ee-4067-b6b4-1185ca49264f	80d387a5-f602-4370-96cb-4e187274dc38
7573745b-b9ee-4067-b6b4-1185ca49264f	af43a431-d50e-436a-94e6-47ca62a074a3
05ada3d9-a594-4fd4-85da-785c99bab253	661bd48f-27e9-429e-894f-c49bbe00aa71
793e6f29-46ef-4d5a-b82a-bef2e0262c7a	4eb3f3ae-5abd-476e-942a-6957b44cd0d8
8c90d2d0-ad13-42bc-8807-a8597cb7a42c	2ca9ae32-43c1-40b8-af57-cda5f94aee20
1dfc3674-4b48-40c3-acef-51e06a8bfe3a	b409f5f4-ae5a-4d64-9846-01ea83738655
8591dc39-238e-4147-9a9e-fc63cd1b420c	d8490c4b-eb3e-409b-9bef-5f487eac0cb4
0b5cd8e4-717e-4de6-90a8-0f714b978383	c9f0e75c-f281-421a-aa0c-64751440203b
c9f0e75c-f281-421a-aa0c-64751440203b	0b5cd8e4-717e-4de6-90a8-0f714b978383
2ca9ae32-43c1-40b8-af57-cda5f94aee20	8c90d2d0-ad13-42bc-8807-a8597cb7a42c
d5caa154-d2af-4ad5-a577-434a4c5eac35	644715f3-1418-4847-aded-cb474ea7547a
6e365845-a7fc-430d-9566-68076e06aed9	7054d05d-31dc-47d0-96d9-86837c967e87
6e365845-a7fc-430d-9566-68076e06aed9	98cb6e10-5ec1-4c95-905b-573acc0e693b
6e365845-a7fc-430d-9566-68076e06aed9	b1b5b015-d1da-4574-8f00-cbf1b69c5d0c
6e365845-a7fc-430d-9566-68076e06aed9	20ad0732-4a9f-4985-a30d-d193ae9150be
af43a431-d50e-436a-94e6-47ca62a074a3	7573745b-b9ee-4067-b6b4-1185ca49264f
1bf49031-ad63-4dce-9eff-92901a34a0dc	7054d05d-31dc-47d0-96d9-86837c967e87
1bf49031-ad63-4dce-9eff-92901a34a0dc	6e365845-a7fc-430d-9566-68076e06aed9
9eaf1a52-9aa0-4d89-9185-cf70c37cf19e	313cf46f-dba0-4e4c-855c-ff5ef4db08a6
0b1c89e2-d266-43c9-9966-187634e68b2e	9eaf1a52-9aa0-4d89-9185-cf70c37cf19e
0b1c89e2-d266-43c9-9966-187634e68b2e	313cf46f-dba0-4e4c-855c-ff5ef4db08a6
f8562cdd-dced-4d90-a549-fdede5533797	0b1c89e2-d266-43c9-9966-187634e68b2e
f8562cdd-dced-4d90-a549-fdede5533797	9eaf1a52-9aa0-4d89-9185-cf70c37cf19e
f8562cdd-dced-4d90-a549-fdede5533797	313cf46f-dba0-4e4c-855c-ff5ef4db08a6
6349d1de-dc8a-4641-8ee3-858da18fb32f	d5caa154-d2af-4ad5-a577-434a4c5eac35
6349d1de-dc8a-4641-8ee3-858da18fb32f	644715f3-1418-4847-aded-cb474ea7547a
644715f3-1418-4847-aded-cb474ea7547a	d5caa154-d2af-4ad5-a577-434a4c5eac35
e3607055-7718-4126-ace7-99a91058580b	17bb5c9d-52c0-4ffb-8f7d-798b2adf0005
884832b1-d07c-4c5e-9441-468d9b6a98e1	7054d05d-31dc-47d0-96d9-86837c967e87
884832b1-d07c-4c5e-9441-468d9b6a98e1	98cb6e10-5ec1-4c95-905b-573acc0e693b
884832b1-d07c-4c5e-9441-468d9b6a98e1	20ad0732-4a9f-4985-a30d-d193ae9150be
4eb3f3ae-5abd-476e-942a-6957b44cd0d8	793e6f29-46ef-4d5a-b82a-bef2e0262c7a
e2661489-15b2-4a5c-bb78-216dc8eb6700	62df3a66-0d80-4162-a0e3-2f61d942572c
e883a076-2836-4283-8928-c5502ca4fff7	7054d05d-31dc-47d0-96d9-86837c967e87
e883a076-2836-4283-8928-c5502ca4fff7	98cb6e10-5ec1-4c95-905b-573acc0e693b
e883a076-2836-4283-8928-c5502ca4fff7	20ad0732-4a9f-4985-a30d-d193ae9150be
80d387a5-f602-4370-96cb-4e187274dc38	7573745b-b9ee-4067-b6b4-1185ca49264f
e7575b6f-3ff6-4fd8-a3d9-7462fb446170	8f7df7d8-40bd-4164-bb99-77439a4c0b9e
8f7df7d8-40bd-4164-bb99-77439a4c0b9e	e7575b6f-3ff6-4fd8-a3d9-7462fb446170
621d7d7d-ac97-49c6-b929-3ccd448ce957	b16331ad-1bbd-46ca-9b3f-de147007d69e
621d7d7d-ac97-49c6-b929-3ccd448ce957	b0651e44-0083-4733-9310-e2dad0fe5403
621d7d7d-ac97-49c6-b929-3ccd448ce957	c336a3c6-0370-4560-9031-8e8fc4849d69
b16331ad-1bbd-46ca-9b3f-de147007d69e	621d7d7d-ac97-49c6-b929-3ccd448ce957
c336a3c6-0370-4560-9031-8e8fc4849d69	b16331ad-1bbd-46ca-9b3f-de147007d69e
c336a3c6-0370-4560-9031-8e8fc4849d69	621d7d7d-ac97-49c6-b929-3ccd448ce957
c336a3c6-0370-4560-9031-8e8fc4849d69	b0651e44-0083-4733-9310-e2dad0fe5403
3378236e-4696-4006-a4ca-74ed3bef08cc	219a190f-283e-4d53-a51b-a2f7d40aa881
943da25d-a6fc-4f98-96cb-73a14356dae4	abe84afc-79cf-41a6-8cd4-508c06210b92
943da25d-a6fc-4f98-96cb-73a14356dae4	943da25d-a6fc-4f98-96cb-73a14356dae4
abe84afc-79cf-41a6-8cd4-508c06210b92	943da25d-a6fc-4f98-96cb-73a14356dae4
b1a9c83f-530d-4ed3-a344-539c6ce197bd	350246cf-85e3-41ea-9402-808a86891988
4e091d3a-5b1f-4527-a718-41cd7b9f635f	80d387a5-f602-4370-96cb-4e187274dc38
4e091d3a-5b1f-4527-a718-41cd7b9f635f	7573745b-b9ee-4067-b6b4-1185ca49264f
4873aeeb-5519-4c2e-955a-b9b61a076cb3	10046744-4845-4723-b81c-a7fc5bfa477a
10046744-4845-4723-b81c-a7fc5bfa477a	4873aeeb-5519-4c2e-955a-b9b61a076cb3
6da43cf5-2a09-4a4a-a378-533d8432d654	ee1057b2-3eae-445e-b1e9-a34f64eed053
ee1057b2-3eae-445e-b1e9-a34f64eed053	6da43cf5-2a09-4a4a-a378-533d8432d654
94a91f30-31fd-4f0b-bab8-52e27ab7003e	410cb24a-dbb5-41c4-8507-eb9329968cbe
fa8f33dc-ab46-4967-838b-2d2e8525272f	72d1f19d-7a6a-48f4-9116-16e45e3eb1d9
977d348e-9c6a-4016-b97e-9471d1ca2cc8	816f0ab6-2b94-4ab4-b6b0-c56ab917a366
816f0ab6-2b94-4ab4-b6b0-c56ab917a366	977d348e-9c6a-4016-b97e-9471d1ca2cc8
\.


--
-- Name: activities_id_seq; Type: SEQUENCE SET; Schema: public; Owner: malob
--

SELECT pg_catalog.setval('public.activities_id_seq', 253, true);


--
-- Name: categories_id_seq; Type: SEQUENCE SET; Schema: public; Owner: malob
--

SELECT pg_catalog.setval('public.categories_id_seq', 14, true);


--
-- Name: categories_id_seq1; Type: SEQUENCE SET; Schema: public; Owner: malob
--

SELECT pg_catalog.setval('public.categories_id_seq1', 15, true);


--
-- Name: jobs_id_seq; Type: SEQUENCE SET; Schema: public; Owner: malob
--

SELECT pg_catalog.setval('public.jobs_id_seq', 14829, true);


--
-- Name: preferences_id_seq; Type: SEQUENCE SET; Schema: public; Owner: malob
--

SELECT pg_catalog.setval('public.preferences_id_seq', 25, true);


--
-- Name: slots_id_seq; Type: SEQUENCE SET; Schema: public; Owner: malob
--

SELECT pg_catalog.setval('public.slots_id_seq', 281, true);


--
-- Name: subtasks_id_seq; Type: SEQUENCE SET; Schema: public; Owner: malob
--

SELECT pg_catalog.setval('public.subtasks_id_seq', 1856, true);


--
-- Name: tags_id_seq; Type: SEQUENCE SET; Schema: public; Owner: malob
--

SELECT pg_catalog.setval('public.tags_id_seq', 14, true);


--
-- Name: task_attachments_id_seq; Type: SEQUENCE SET; Schema: public; Owner: malob
--

SELECT pg_catalog.setval('public.task_attachments_id_seq', 1, false);


--
-- Name: task_comments_id_seq; Type: SEQUENCE SET; Schema: public; Owner: malob
--

SELECT pg_catalog.setval('public.task_comments_id_seq', 15, true);


--
-- Name: activities activities_pkey; Type: CONSTRAINT; Schema: public; Owner: malob
--

ALTER TABLE ONLY public.activities
    ADD CONSTRAINT activities_pkey PRIMARY KEY (id);


--
-- Name: assignments assignments_pkey; Type: CONSTRAINT; Schema: public; Owner: malob
--

ALTER TABLE ONLY public.assignments
    ADD CONSTRAINT assignments_pkey PRIMARY KEY (volunteer_id, job_id);


--
-- Name: categories categories_label_key; Type: CONSTRAINT; Schema: public; Owner: malob
--

ALTER TABLE ONLY public.categories
    ADD CONSTRAINT categories_label_key UNIQUE (label);


--
-- Name: categories categories_pkey; Type: CONSTRAINT; Schema: public; Owner: malob
--

ALTER TABLE ONLY public.categories
    ADD CONSTRAINT categories_pkey PRIMARY KEY (id);


--
-- Name: festival festival_pkey; Type: CONSTRAINT; Schema: public; Owner: malob
--

ALTER TABLE ONLY public.festival
    ADD CONSTRAINT festival_pkey PRIMARY KEY (id);


--
-- Name: jobs jobs_pkey; Type: CONSTRAINT; Schema: public; Owner: malob
--

ALTER TABLE ONLY public.jobs
    ADD CONSTRAINT jobs_pkey PRIMARY KEY (id);


--
-- Name: mail_templates mail_templates_pkey; Type: CONSTRAINT; Schema: public; Owner: malob
--

ALTER TABLE ONLY public.mail_templates
    ADD CONSTRAINT mail_templates_pkey PRIMARY KEY (id);


--
-- Name: preferences preferences_label_key; Type: CONSTRAINT; Schema: public; Owner: malob
--

ALTER TABLE ONLY public.preferences
    ADD CONSTRAINT preferences_label_key UNIQUE (label);


--
-- Name: preferences preferences_pkey; Type: CONSTRAINT; Schema: public; Owner: malob
--

ALTER TABLE ONLY public.preferences
    ADD CONSTRAINT preferences_pkey PRIMARY KEY (id);


--
-- Name: slots slots_pkey; Type: CONSTRAINT; Schema: public; Owner: malob
--

ALTER TABLE ONLY public.slots
    ADD CONSTRAINT slots_pkey PRIMARY KEY (id);


--
-- Name: subtasks subtasks_pkey; Type: CONSTRAINT; Schema: public; Owner: malob
--

ALTER TABLE ONLY public.subtasks
    ADD CONSTRAINT subtasks_pkey PRIMARY KEY (id);


--
-- Name: tags tags_name_key; Type: CONSTRAINT; Schema: public; Owner: malob
--

ALTER TABLE ONLY public.tags
    ADD CONSTRAINT tags_name_key UNIQUE (name);


--
-- Name: tags tags_pkey; Type: CONSTRAINT; Schema: public; Owner: malob
--

ALTER TABLE ONLY public.tags
    ADD CONSTRAINT tags_pkey PRIMARY KEY (id);


--
-- Name: task_attachments task_attachments_pkey; Type: CONSTRAINT; Schema: public; Owner: malob
--

ALTER TABLE ONLY public.task_attachments
    ADD CONSTRAINT task_attachments_pkey PRIMARY KEY (id);


--
-- Name: task_comments task_comments_pkey; Type: CONSTRAINT; Schema: public; Owner: malob
--

ALTER TABLE ONLY public.task_comments
    ADD CONSTRAINT task_comments_pkey PRIMARY KEY (id);


--
-- Name: task_tags task_tags_pkey; Type: CONSTRAINT; Schema: public; Owner: malob
--

ALTER TABLE ONLY public.task_tags
    ADD CONSTRAINT task_tags_pkey PRIMARY KEY (task_id, tag_id);


--
-- Name: tasks tasks_pkey; Type: CONSTRAINT; Schema: public; Owner: malob
--

ALTER TABLE ONLY public.tasks
    ADD CONSTRAINT tasks_pkey PRIMARY KEY (id);


--
-- Name: volunteer_preferences unique_volunteer_preference; Type: CONSTRAINT; Schema: public; Owner: malob
--

ALTER TABLE ONLY public.volunteer_preferences
    ADD CONSTRAINT unique_volunteer_preference PRIMARY KEY (volunteer_id, preference_id);


--
-- Name: volunteer_preferences unique_volunteer_rank; Type: CONSTRAINT; Schema: public; Owner: malob
--

ALTER TABLE ONLY public.volunteer_preferences
    ADD CONSTRAINT unique_volunteer_rank UNIQUE (volunteer_id, rank);


--
-- Name: users users_pkey; Type: CONSTRAINT; Schema: public; Owner: malob
--

ALTER TABLE ONLY public.users
    ADD CONSTRAINT users_pkey PRIMARY KEY (id);


--
-- Name: volunteer_slots volunteer_slots_pkey; Type: CONSTRAINT; Schema: public; Owner: malob
--

ALTER TABLE ONLY public.volunteer_slots
    ADD CONSTRAINT volunteer_slots_pkey PRIMARY KEY (volunteer_id, slot_id);


--
-- Name: volunteers volunteers_email_key; Type: CONSTRAINT; Schema: public; Owner: malob
--

ALTER TABLE ONLY public.volunteers
    ADD CONSTRAINT volunteers_email_key UNIQUE (email);


--
-- Name: volunteers_mates volunteers_mates_pkey; Type: CONSTRAINT; Schema: public; Owner: malob
--

ALTER TABLE ONLY public.volunteers_mates
    ADD CONSTRAINT volunteers_mates_pkey PRIMARY KEY (volunteer_id, mate_id);


--
-- Name: volunteers volunteers_pkey; Type: CONSTRAINT; Schema: public; Owner: malob
--

ALTER TABLE ONLY public.volunteers
    ADD CONSTRAINT volunteers_pkey PRIMARY KEY (id);


--
-- Name: ix_activities_id; Type: INDEX; Schema: public; Owner: malob
--

CREATE INDEX ix_activities_id ON public.activities USING btree (id);


--
-- Name: ix_categories_id; Type: INDEX; Schema: public; Owner: malob
--

CREATE INDEX ix_categories_id ON public.categories USING btree (id);


--
-- Name: ix_jobs_id; Type: INDEX; Schema: public; Owner: malob
--

CREATE INDEX ix_jobs_id ON public.jobs USING btree (id);


--
-- Name: ix_preferences_id; Type: INDEX; Schema: public; Owner: malob
--

CREATE INDEX ix_preferences_id ON public.preferences USING btree (id);


--
-- Name: ix_slots_id; Type: INDEX; Schema: public; Owner: malob
--

CREATE INDEX ix_slots_id ON public.slots USING btree (id);


--
-- Name: ix_subtasks_id; Type: INDEX; Schema: public; Owner: malob
--

CREATE INDEX ix_subtasks_id ON public.subtasks USING btree (id);


--
-- Name: ix_tags_id; Type: INDEX; Schema: public; Owner: malob
--

CREATE INDEX ix_tags_id ON public.tags USING btree (id);


--
-- Name: ix_task_attachments_id; Type: INDEX; Schema: public; Owner: malob
--

CREATE INDEX ix_task_attachments_id ON public.task_attachments USING btree (id);


--
-- Name: ix_task_comments_id; Type: INDEX; Schema: public; Owner: malob
--

CREATE INDEX ix_task_comments_id ON public.task_comments USING btree (id);


--
-- Name: ix_tasks_id; Type: INDEX; Schema: public; Owner: malob
--

CREATE INDEX ix_tasks_id ON public.tasks USING btree (id);


--
-- Name: ix_users_email; Type: INDEX; Schema: public; Owner: malob
--

CREATE UNIQUE INDEX ix_users_email ON public.users USING btree (email);


--
-- Name: ix_users_google_sub; Type: INDEX; Schema: public; Owner: malob
--

CREATE UNIQUE INDEX ix_users_google_sub ON public.users USING btree (google_sub);


--
-- Name: ix_users_id; Type: INDEX; Schema: public; Owner: malob
--

CREATE INDEX ix_users_id ON public.users USING btree (id);


--
-- Name: ix_users_username; Type: INDEX; Schema: public; Owner: malob
--

CREATE UNIQUE INDEX ix_users_username ON public.users USING btree (username);


--
-- Name: ix_volunteers_id; Type: INDEX; Schema: public; Owner: malob
--

CREATE INDEX ix_volunteers_id ON public.volunteers USING btree (id);


--
-- Name: activities activities_user_id_fkey; Type: FK CONSTRAINT; Schema: public; Owner: malob
--

ALTER TABLE ONLY public.activities
    ADD CONSTRAINT activities_user_id_fkey FOREIGN KEY (user_id) REFERENCES public.users(id);


--
-- Name: assignments assignments_job_id_fkey; Type: FK CONSTRAINT; Schema: public; Owner: malob
--

ALTER TABLE ONLY public.assignments
    ADD CONSTRAINT assignments_job_id_fkey FOREIGN KEY (job_id) REFERENCES public.jobs(id);


--
-- Name: assignments assignments_volunteer_id_fkey; Type: FK CONSTRAINT; Schema: public; Owner: malob
--

ALTER TABLE ONLY public.assignments
    ADD CONSTRAINT assignments_volunteer_id_fkey FOREIGN KEY (volunteer_id) REFERENCES public.volunteers(id);


--
-- Name: categories categories_preference_id_fkey; Type: FK CONSTRAINT; Schema: public; Owner: malob
--

ALTER TABLE ONLY public.categories
    ADD CONSTRAINT categories_preference_id_fkey FOREIGN KEY (preference_id) REFERENCES public.preferences(id);


--
-- Name: jobs jobs_category_id_fkey; Type: FK CONSTRAINT; Schema: public; Owner: malob
--

ALTER TABLE ONLY public.jobs
    ADD CONSTRAINT jobs_category_id_fkey FOREIGN KEY (category_id) REFERENCES public.categories(id);


--
-- Name: jobs jobs_slot_id_fkey; Type: FK CONSTRAINT; Schema: public; Owner: malob
--

ALTER TABLE ONLY public.jobs
    ADD CONSTRAINT jobs_slot_id_fkey FOREIGN KEY (slot_id) REFERENCES public.slots(id);


--
-- Name: subtasks subtasks_task_id_fkey; Type: FK CONSTRAINT; Schema: public; Owner: malob
--

ALTER TABLE ONLY public.subtasks
    ADD CONSTRAINT subtasks_task_id_fkey FOREIGN KEY (task_id) REFERENCES public.tasks(id) ON DELETE CASCADE;


--
-- Name: task_attachments task_attachments_task_id_fkey; Type: FK CONSTRAINT; Schema: public; Owner: malob
--

ALTER TABLE ONLY public.task_attachments
    ADD CONSTRAINT task_attachments_task_id_fkey FOREIGN KEY (task_id) REFERENCES public.tasks(id) ON DELETE CASCADE;


--
-- Name: task_attachments task_attachments_uploader_id_fkey; Type: FK CONSTRAINT; Schema: public; Owner: malob
--

ALTER TABLE ONLY public.task_attachments
    ADD CONSTRAINT task_attachments_uploader_id_fkey FOREIGN KEY (uploader_id) REFERENCES public.users(id);


--
-- Name: task_comments task_comments_author_id_fkey; Type: FK CONSTRAINT; Schema: public; Owner: malob
--

ALTER TABLE ONLY public.task_comments
    ADD CONSTRAINT task_comments_author_id_fkey FOREIGN KEY (author_id) REFERENCES public.users(id);


--
-- Name: task_comments task_comments_task_id_fkey; Type: FK CONSTRAINT; Schema: public; Owner: malob
--

ALTER TABLE ONLY public.task_comments
    ADD CONSTRAINT task_comments_task_id_fkey FOREIGN KEY (task_id) REFERENCES public.tasks(id) ON DELETE CASCADE;


--
-- Name: task_tags task_tags_tag_id_fkey; Type: FK CONSTRAINT; Schema: public; Owner: malob
--

ALTER TABLE ONLY public.task_tags
    ADD CONSTRAINT task_tags_tag_id_fkey FOREIGN KEY (tag_id) REFERENCES public.tags(id) ON DELETE CASCADE;


--
-- Name: task_tags task_tags_task_id_fkey; Type: FK CONSTRAINT; Schema: public; Owner: malob
--

ALTER TABLE ONLY public.task_tags
    ADD CONSTRAINT task_tags_task_id_fkey FOREIGN KEY (task_id) REFERENCES public.tasks(id) ON DELETE CASCADE;


--
-- Name: tasks tasks_assignee_id_fkey; Type: FK CONSTRAINT; Schema: public; Owner: malob
--

ALTER TABLE ONLY public.tasks
    ADD CONSTRAINT tasks_assignee_id_fkey FOREIGN KEY (assignee_id) REFERENCES public.users(id);


--
-- Name: tasks tasks_creator_id_fkey; Type: FK CONSTRAINT; Schema: public; Owner: malob
--

ALTER TABLE ONLY public.tasks
    ADD CONSTRAINT tasks_creator_id_fkey FOREIGN KEY (creator_id) REFERENCES public.users(id);


--
-- Name: volunteer_preferences volunteer_preferences_preference_id_fkey; Type: FK CONSTRAINT; Schema: public; Owner: malob
--

ALTER TABLE ONLY public.volunteer_preferences
    ADD CONSTRAINT volunteer_preferences_preference_id_fkey FOREIGN KEY (preference_id) REFERENCES public.preferences(id);


--
-- Name: volunteer_preferences volunteer_preferences_volunteer_id_fkey; Type: FK CONSTRAINT; Schema: public; Owner: malob
--

ALTER TABLE ONLY public.volunteer_preferences
    ADD CONSTRAINT volunteer_preferences_volunteer_id_fkey FOREIGN KEY (volunteer_id) REFERENCES public.volunteers(id);


--
-- Name: volunteer_slots volunteer_slots_slot_id_fkey; Type: FK CONSTRAINT; Schema: public; Owner: malob
--

ALTER TABLE ONLY public.volunteer_slots
    ADD CONSTRAINT volunteer_slots_slot_id_fkey FOREIGN KEY (slot_id) REFERENCES public.slots(id);


--
-- Name: volunteer_slots volunteer_slots_volunteer_id_fkey; Type: FK CONSTRAINT; Schema: public; Owner: malob
--

ALTER TABLE ONLY public.volunteer_slots
    ADD CONSTRAINT volunteer_slots_volunteer_id_fkey FOREIGN KEY (volunteer_id) REFERENCES public.volunteers(id);


--
-- Name: volunteers_mates volunteers_mates_mate_id_fkey; Type: FK CONSTRAINT; Schema: public; Owner: malob
--

ALTER TABLE ONLY public.volunteers_mates
    ADD CONSTRAINT volunteers_mates_mate_id_fkey FOREIGN KEY (mate_id) REFERENCES public.volunteers(id);


--
-- Name: volunteers_mates volunteers_mates_volunteer_id_fkey; Type: FK CONSTRAINT; Schema: public; Owner: malob
--

ALTER TABLE ONLY public.volunteers_mates
    ADD CONSTRAINT volunteers_mates_volunteer_id_fkey FOREIGN KEY (volunteer_id) REFERENCES public.volunteers(id);


--
-- Name: SCHEMA public; Type: ACL; Schema: -; Owner: malob
--

REVOKE USAGE ON SCHEMA public FROM PUBLIC;


--
-- PostgreSQL database dump complete
--

\unrestrict Vvr4MKpeA2hsexYpM4BJYIm6mWkj1hj2JnJacP9NHPuBJ5hRnDBhGRcZfPyU6Am

